instance_id,person_id,offer_id,offer_type,offer_reward,cost,uplift_t,uplift_s,net_predicted
55017,5393e8c9ce154c8aa2fbd35d7863d87d,2906b810c7d4411798c6938adc9daaa5,discount,2,2.0,13.265581140042672,9.343202465433125,11.265581140042672
67694,5393e8c9ce154c8aa2fbd35d7863d87d,fafdcd668e3743c1bb461111dcafc2a4,discount,2,2.0,12.8382655110658,8.893914721023961,10.8382655110658
51554,0f14c97e012049359320876b8dffef58,2906b810c7d4411798c6938adc9daaa5,discount,2,2.0,12.743524874605123,10.4098274617891,10.743524874605123
63724,04452c214f5f401bb1418313c1526cbb,2906b810c7d4411798c6938adc9daaa5,discount,2,2.0,12.59314656111983,9.834909131587455,10.59314656111983
67764,54dedf2f67614b3b801a67cde46c8ea7,2906b810c7d4411798c6938adc9daaa5,discount,2,2.0,12.507647025069224,8.751850595893428,10.507647025069224
60376,be71c00b96684e4a815a0efb91e91470,2298d6c36e964ae4a3e7e9706d1fb8c2,discount,3,3.0,12.453227554813466,8.850301285973535,9.453227554813466
61623,d901d12bb9334492b762f607d0ab4bd6,2906b810c7d4411798c6938adc9daaa5,discount,2,2.0,12.348402518957206,9.750185525915324,10.348402518957206
52068,1a3e35ba8cd34e9286af057604fd410a,2298d6c36e964ae4a3e7e9706d1fb8c2,discount,3,3.0,12.34462472767074,9.330973961292957,9.34462472767074
71107,978d48db5c714a4490d904412f85b502,2906b810c7d4411798c6938adc9daaa5,discount,2,2.0,12.177889190087791,9.271672717682844,10.177889190087791
73274,c23f6708b0284cb3a2b5cc80834ff65a,fafdcd668e3743c1bb461111dcafc2a4,discount,2,2.0,12.167841266223734,9.775732352629332,10.167841266223734
75781,f6072524f81046ab91bbafdb4a8174c7,fafdcd668e3743c1bb461111dcafc2a4,discount,2,2.0,12.118584469156133,8.01769247641403,10.118584469156133
54468,483e71a167bf492d9d8d3380ac737205,2906b810c7d4411798c6938adc9daaa5,discount,2,2.0,12.035940792730749,9.768451210810191,10.035940792730749
65613,2c2a1a03e7bf49febd39594ce9eb08bb,2298d6c36e964ae4a3e7e9706d1fb8c2,discount,3,3.0,12.017786363543262,8.808792725498899,9.017786363543262
68118,5c2a03a9d03145cc9bf953faa2c51fc1,fafdcd668e3743c1bb461111dcafc2a4,discount,2,2.0,11.943844220354832,8.598856221871632,9.943844220354832
51021,04452c214f5f401bb1418313c1526cbb,2906b810c7d4411798c6938adc9daaa5,discount,2,2.0,11.929119924015197,9.46592508899719,9.929119924015197
72454,b0fc778d61024cd29eea6273bec6ba5a,2906b810c7d4411798c6938adc9daaa5,discount,2,2.0,11.9144469228799,9.999442679000149,9.9144469228799
53560,3734be2a864546b8acd7b44dd626759b,2298d6c36e964ae4a3e7e9706d1fb8c2,discount,3,3.0,11.878718225559972,7.792466502902091,8.878718225559972
60857,c91e7cea9dad4b5c8b2f6167a6827201,2298d6c36e964ae4a3e7e9706d1fb8c2,discount,3,3.0,11.877819436934404,8.46032208458299,8.877819436934404
73927,cff2d8073a8f46e1bf88e13be05f7110,fafdcd668e3743c1bb461111dcafc2a4,discount,2,2.0,11.864249145298526,7.742707668868437,9.864249145298526
60312,bd25b3cfc15f4adb99a44daa2ef04b75,2906b810c7d4411798c6938adc9daaa5,discount,2,2.0,11.813186929151694,8.50663781680379,9.813186929151694
60344,bdd4deefab304ad19f154b6c35b9254d,fafdcd668e3743c1bb461111dcafc2a4,discount,2,2.0,11.73388430675966,10.062741273396732,9.73388430675966
58769,9e894ff66aba45bbbe75575a03aeb00e,2298d6c36e964ae4a3e7e9706d1fb8c2,discount,3,3.0,11.630114314399693,8.82775005679374,8.630114314399693
73386,c4a3c86c7b5541cf83d443c2a89e5b5a,2906b810c7d4411798c6938adc9daaa5,discount,2,2.0,11.608740739658204,10.879471847634656,9.608740739658204
52820,29ea6182e40a4369bc6e6574cf069812,2906b810c7d4411798c6938adc9daaa5,discount,2,2.0,11.559316990838296,8.712038722819893,9.559316990838296
68117,5c29ee406ced442ca7fe5523b4160412,fafdcd668e3743c1bb461111dcafc2a4,discount,2,2.0,11.53031761999283,10.318793573776787,9.53031761999283
69028,6e51792cc50a4df3be356d38cbe5d692,fafdcd668e3743c1bb461111dcafc2a4,discount,2,2.0,11.427466602998008,9.492663091507309,9.427466602998008
68630,66a446eb3e314d1ab554933e5a9f46c6,2906b810c7d4411798c6938adc9daaa5,discount,2,2.0,11.35299548250894,9.423537207008092,9.35299548250894
55674,61767761f4f44c368b5b069170b28bd6,fafdcd668e3743c1bb461111dcafc2a4,discount,2,2.0,11.35251956655571,8.135552112886213,9.35251956655571
55234,585a0bbfeba2460faac73d8e4f98e1a6,fafdcd668e3743c1bb461111dcafc2a4,discount,2,2.0,11.348348585261968,9.680411987321463,9.348348585261968
75359,ed37c25354be4a6ba43cdd1287b926e9,2906b810c7d4411798c6938adc9daaa5,discount,2,2.0,11.343612534293912,9.152695401847572,9.343612534293912
61940,df614cc77bf247bba91dc2fa184f200a,fafdcd668e3743c1bb461111dcafc2a4,discount,2,2.0,11.294117749437152,8.667569809038184,9.294117749437152
74681,df614cc77bf247bba91dc2fa184f200a,2298d6c36e964ae4a3e7e9706d1fb8c2,discount,3,3.0,11.289307904663398,8.32564770571157,8.289307904663398
62079,e23280a162b34a94a7b45ce5d9b18b7a,2906b810c7d4411798c6938adc9daaa5,discount,2,2.0,11.2520946123314,8.089415851896462,9.2520946123314
69574,79a0f1ea3c354d6ba8c10bc4f86380b1,2906b810c7d4411798c6938adc9daaa5,discount,2,2.0,11.215117957578254,8.506637816803794,9.215117957578254
68557,655ed241ef95444da9e71fd07e799751,2906b810c7d4411798c6938adc9daaa5,discount,2,2.0,11.211586036800195,9.590409127564453,9.211586036800195
62566,ec77e19f18ae42e5ac50e450f0e3f3e3,2906b810c7d4411798c6938adc9daaa5,discount,2,2.0,11.10305969175447,9.778366495336924,9.10305969175447
55876,655ed241ef95444da9e71fd07e799751,fafdcd668e3743c1bb461111dcafc2a4,discount,2,2.0,11.091835189345938,9.891055997342937,9.091835189345938
67429,4e64f9ddfbe84c0e8c848d57af2e5c9d,2906b810c7d4411798c6938adc9daaa5,discount,2,2.0,11.083638801702472,10.41454894477031,9.083638801702472
51990,18808ae8de7e4c1e8754085a5c48013c,fafdcd668e3743c1bb461111dcafc2a4,discount,2,2.0,11.081197620400143,9.504216267511158,9.081197620400143
76009,fa85e3ecb1dd44b8bf8f0dfdcbdba76d,fafdcd668e3743c1bb461111dcafc2a4,discount,2,2.0,11.056575254853724,9.800823110990738,9.056575254853724
55122,55d72207fe92480a8cd03bdd46e1fe84,2298d6c36e964ae4a3e7e9706d1fb8c2,discount,3,3.0,11.0143919430258,8.207189789654704,8.0143919430258
71944,a7322a1900194a128175928b0b0cdadb,2298d6c36e964ae4a3e7e9706d1fb8c2,discount,3,3.0,11.005995802037422,8.430227302356952,8.005995802037422
67576,5159b0aa366e4b9b9e55c737839bea23,2906b810c7d4411798c6938adc9daaa5,discount,2,2.0,10.996561406902114,10.452150302411228,8.996561406902114
69101,6ff6a067acc848e29f7c1b926925741d,fafdcd668e3743c1bb461111dcafc2a4,discount,2,2.0,10.972253206766696,8.771633943442357,8.972253206766696
74242,d65a8809ec0849e0b907e2e6f82be5c7,2906b810c7d4411798c6938adc9daaa5,discount,2,2.0,10.925337974485217,9.251906205210869,8.925337974485217
72897,ba019fba03e140e68af890010d357eba,2906b810c7d4411798c6938adc9daaa5,discount,2,2.0,10.914942210593264,9.67912096933947,8.914942210593264
73327,c345c386e3464006ac093d6febea8b8e,2298d6c36e964ae4a3e7e9706d1fb8c2,discount,3,3.0,10.909023497686569,8.585856577219651,7.909023497686569
51893,162f5e28092d48d4b37507159a82cf16,fafdcd668e3743c1bb461111dcafc2a4,discount,2,2.0,10.886640783229362,6.999572070669842,8.886640783229362
73664,cabe4c65156b43039a30511ec6bfdfae,fafdcd668e3743c1bb461111dcafc2a4,discount,2,2.0,10.838431527357857,8.903644572736525,8.838431527357857
69278,7361856a7d644fd1adbf326194a278d9,2906b810c7d4411798c6938adc9daaa5,discount,2,2.0,10.83221183557922,10.011181155583186,8.83221183557922
71178,98d67b97a0f042ad89c3b4db85b4df27,2906b810c7d4411798c6938adc9daaa5,discount,2,2.0,10.817140767703746,9.669939939270142,8.817140767703746
60814,c84d413645104090bf2883a2c67a31b1,fafdcd668e3743c1bb461111dcafc2a4,discount,2,2.0,10.719017003214043,7.455732418847296,8.719017003214043
65300,2546722a0e4c47c4a7133bd185b3c6c9,fafdcd668e3743c1bb461111dcafc2a4,discount,2,2.0,10.709925499161526,8.388191547966905,8.709925499161526
71467,9dcfbbcd176a4e06ae89108847b758af,2906b810c7d4411798c6938adc9daaa5,discount,2,2.0,10.68904955065358,10.18936865839826,8.68904955065358
72024,a8d464467d564c728e3bd50ae687841e,2906b810c7d4411798c6938adc9daaa5,discount,2,2.0,10.682058289881745,9.781852098909656,8.682058289881745
52083,1a8e25a2abe04bc4aa13f91b45c369db,2906b810c7d4411798c6938adc9daaa5,discount,2,2.0,10.680181471984753,8.089415851896458,8.680181471984753
72756,b75b00a50cfa4059aef0851e81904a24,2906b810c7d4411798c6938adc9daaa5,discount,2,2.0,10.651363532779314,8.826029514243027,8.651363532779314
66615,3e9d8e91ee7d4669b4ceaed416819c2b,2906b810c7d4411798c6938adc9daaa5,discount,2,2.0,10.64421034640929,8.147699838379415,8.64421034640929
52956,2c5c63e5124e417b8504f76c868a4190,fafdcd668e3743c1bb461111dcafc2a4,discount,2,2.0,10.63986732794164,9.643495489630478,8.63986732794164
69934,8066e4b8aeae4023b29d901552b4eb91,fafdcd668e3743c1bb461111dcafc2a4,discount,2,2.0,10.623994125248352,10.064850086970932,8.623994125248352
66640,3f1b4a673fe648248e2f14e1256aff2e,2906b810c7d4411798c6938adc9daaa5,discount,2,2.0,10.618792261293647,8.42947026184082,8.618792261293647
60907,ca369d4c5c0c4bb996bf78ec0b65775b,fafdcd668e3743c1bb461111dcafc2a4,discount,2,2.0,10.608702837661491,8.712018151046337,8.608702837661491
59821,b359f97e2ce047e38624c8bff8bdfbf5,2298d6c36e964ae4a3e7e9706d1fb8c2,discount,3,3.0,10.600812006404142,9.81781593773591,7.6008120064041425
74420,da609095dc2749919733620125b79a43,2298d6c36e964ae4a3e7e9706d1fb8c2,discount,3,3.0,10.596246008669723,8.001922321264853,7.596246008669723
54443,47cdb6b555e44e2a90c6321d35186ac6,fafdcd668e3743c1bb461111dcafc2a4,discount,2,2.0,10.554698961481153,9.558371102988502,8.554698961481153
57874,8c8c323df8e2415fbda5b2bbf253ca7b,2906b810c7d4411798c6938adc9daaa5,discount,2,2.0,10.548844036252635,9.793776948208158,8.548844036252635
52636,25b56c38ef4e4a138d857697262d6294,2906b810c7d4411798c6938adc9daaa5,discount,2,2.0,10.5367198452904,8.506637816803797,8.5367198452904
72302,ade6c5f2bc8a4862978716b70e1b037b,fafdcd668e3743c1bb461111dcafc2a4,discount,2,2.0,10.523566715822044,9.368899681255652,8.523566715822044
62192,e4a75f2ce99b45e78d8b42bfb31b2ef4,2298d6c36e964ae4a3e7e9706d1fb8c2,discount,3,3.0,10.518185948689824,8.985480686299928,7.518185948689824
64273,0f14c97e012049359320876b8dffef58,2906b810c7d4411798c6938adc9daaa5,discount,2,2.0,10.492422096615334,10.073898150695356,8.492422096615334
54364,463c1a5a56ab49249ebc2963f82e6271,fafdcd668e3743c1bb461111dcafc2a4,discount,2,2.0,10.48161774818641,9.397859992286492,8.48161774818641
62319,e744b0bba57b4eca9247d37aa2bc932b,2906b810c7d4411798c6938adc9daaa5,discount,2,2.0,10.468984150195409,8.506637816803794,8.468984150195409
68026,5a56cfe9903e420d965a451e84f2bf69,2906b810c7d4411798c6938adc9daaa5,discount,2,2.0,10.459866284222423,8.864655259551594,8.459866284222423
59317,a95b19c70d724d968d7cd1a91b1e9033,fafdcd668e3743c1bb461111dcafc2a4,discount,2,2.0,10.458081306457776,8.649567998164585,8.458081306457776
68236,5e4c04da5ccb48beab8b5644c14dabb2,fafdcd668e3743c1bb461111dcafc2a4,discount,2,2.0,10.45646552801085,8.47771153609504,8.45646552801085
67633,52828a714b6643159c91c341d63945a6,2906b810c7d4411798c6938adc9daaa5,discount,2,2.0,10.446928124552617,8.089415851896462,8.446928124552617
72221,ac924b1097a348d3b101cab1218aa83b,fafdcd668e3743c1bb461111dcafc2a4,discount,2,2.0,10.44130368404116,5.74004886238254,8.44130368404116
53714,3a1242dda16248728e350c4bdeb21972,fafdcd668e3743c1bb461111dcafc2a4,discount,2,2.0,10.43392897751978,8.785429445510367,8.43392897751978
52692,26ffde4f42334fe7b162f2186070fe53,2906b810c7d4411798c6938adc9daaa5,discount,2,2.0,10.421219256056853,10.503374634389589,8.421219256056853
73676,cb23b66c56f64b109d673d5e56574529,2906b810c7d4411798c6938adc9daaa5,discount,2,2.0,10.421165710081308,9.208108089970484,8.421165710081308
53219,3091fdb6abd64e72b9622c14950937b7,fafdcd668e3743c1bb461111dcafc2a4,discount,2,2.0,10.413235152417418,8.298584363608835,8.413235152417418
65460,29238e21ecf4463d82316a6f610915e1,fafdcd668e3743c1bb461111dcafc2a4,discount,2,2.0,10.406778718718297,9.487500187709838,8.406778718718297
60329,bd7b13b7520b4bd1aed39c026ebb9116,2298d6c36e964ae4a3e7e9706d1fb8c2,discount,3,3.0,10.400591495568955,8.924946717164676,7.400591495568955
62826,f1b3e753d03245eabf1168451261e0f8,2906b810c7d4411798c6938adc9daaa5,discount,2,2.0,10.390933445314616,10.041315732706217,8.390933445314616
53948,3de34e36962a47f988fa0136f8ae22a9,2906b810c7d4411798c6938adc9daaa5,discount,2,2.0,10.38419335243981,8.979901117887694,8.38419335243981
58250,94278cb5494f4a659d051d5dcb102bab,fafdcd668e3743c1bb461111dcafc2a4,discount,2,2.0,10.373110702446848,9.298559801951823,8.373110702446848
56112,69b3c27361614e65a256095798155f54,2298d6c36e964ae4a3e7e9706d1fb8c2,discount,3,3.0,10.315085976143765,7.701748570148233,7.315085976143765
65444,28bbebb2b76f4057b1115dd80441e37a,2906b810c7d4411798c6938adc9daaa5,discount,2,2.0,10.297347381366592,9.861973976484286,8.297347381366592
53993,3f1b4a673fe648248e2f14e1256aff2e,2298d6c36e964ae4a3e7e9706d1fb8c2,discount,3,3.0,10.253966849872498,8.277011900889573,7.253966849872498
61418,d459b2efea2a4a0e81b2af58edfa5fdc,2906b810c7d4411798c6938adc9daaa5,discount,2,2.0,10.25246774832492,9.731388242311125,8.25246774832492
64381,11397ef4dbd94143819baaae093e621a,fafdcd668e3743c1bb461111dcafc2a4,discount,2,2.0,10.250048978616212,9.306026756428954,8.250048978616212
55380,5b4113bf2dd14ca6b4219cea5984e812,2906b810c7d4411798c6938adc9daaa5,discount,2,2.0,10.239003548434196,9.091025964711978,8.239003548434196
59208,a7322a1900194a128175928b0b0cdadb,2906b810c7d4411798c6938adc9daaa5,discount,2,2.0,10.235757581451072,9.153273434688687,8.235757581451072
62300,e6d9da82e0bf4894a8570374f87f0588,2906b810c7d4411798c6938adc9daaa5,discount,2,2.0,10.234733498686412,9.48798096890921,8.234733498686412
66540,3ce891b51f7e40f180ca685abc28e4ce,2906b810c7d4411798c6938adc9daaa5,discount,2,2.0,10.229418647184316,9.60822019896078,8.229418647184316
63483,ff8b6918b14448dd8a80d0dc8154f2a0,fafdcd668e3743c1bb461111dcafc2a4,discount,2,2.0,10.222177127068273,8.184590957662227,8.222177127068273
63531,00b18b535d6d4f779dea4dc9ac451478,fafdcd668e3743c1bb461111dcafc2a4,discount,2,2.0,10.21314892574174,7.658754497989648,8.21314892574174
55423,5c2a03a9d03145cc9bf953faa2c51fc1,2298d6c36e964ae4a3e7e9706d1fb8c2,discount,3,3.0,10.208572832512242,8.256934118545022,7.2085728325122425
51585,0fa904f04da74ef5bd2bd52cd22fc792,2906b810c7d4411798c6938adc9daaa5,discount,2,2.0,10.208296580708836,8.4507197622589,8.208296580708836
56204,6b98cb99c8b848f09dc7dc717b1f82ed,2906b810c7d4411798c6938adc9daaa5,discount,2,2.0,10.201198642420351,10.810841227776722,8.201198642420351
52128,1b60c7f201324499ae707537200b5934,fafdcd668e3743c1bb461111dcafc2a4,discount,2,2.0,10.189695393728003,9.633815281692266,8.189695393728003
60842,c8b16cc25eed4d27b5da91976b105a32,2906b810c7d4411798c6938adc9daaa5,discount,2,2.0,10.186257963379717,9.23373487170477,8.186257963379717
65389,27586221a0a5482b960ac41506d2c316,2298d6c36e964ae4a3e7e9706d1fb8c2,discount,3,3.0,10.164904484710988,7.97152235354433,7.164904484710988
62610,edb1301a79144e64ac659b2e7b6628c9,fafdcd668e3743c1bb461111dcafc2a4,discount,2,2.0,10.162263250362171,9.775115486693,8.162263250362171
50892,01e8739670a042b3877f8e843bdf55a7,fafdcd668e3743c1bb461111dcafc2a4,discount,2,2.0,10.15663614950058,9.687351786847271,8.15663614950058
64038,0a7c7af5e814481b8e4a4a3b6e2f8697,fafdcd668e3743c1bb461111dcafc2a4,discount,2,2.0,10.144053101712604,9.076260099848325,8.144053101712604
66766,4169cc2f33c24b429bef7b33124b0d16,fafdcd668e3743c1bb461111dcafc2a4,discount,2,2.0,10.143647396178086,9.381769525539726,8.143647396178086
61748,db81f89b99614ee4949b590ea06b6f43,fafdcd668e3743c1bb461111dcafc2a4,discount,2,2.0,10.137197208157154,8.680565991629809,8.137197208157154
69323,746e444adffa448587530c0d57729c1b,2298d6c36e964ae4a3e7e9706d1fb8c2,discount,3,3.0,10.131304408196392,9.227418280383496,7.131304408196392
69364,756418e9da164ec9bd7af9886df13d2a,2906b810c7d4411798c6938adc9daaa5,discount,2,2.0,10.123345995265272,10.300668429608947,8.123345995265272
52262,1e5d6388b5214fefb090a9a2a4d21983,fafdcd668e3743c1bb461111dcafc2a4,discount,2,2.0,10.122829051458336,9.405701998209972,8.122829051458336
64672,17b2c631360648afa044912d9959615f,fafdcd668e3743c1bb461111dcafc2a4,discount,2,2.0,10.121073656208893,6.848592612476992,8.121073656208893
55386,5b6c387277ba43e99c8f27dc92916cfb,2298d6c36e964ae4a3e7e9706d1fb8c2,discount,3,3.0,10.11717669982191,8.792710699249724,7.1171766998219095
67350,4ced743325e347cd888c4244620043bc,2298d6c36e964ae4a3e7e9706d1fb8c2,discount,3,3.0,10.104868754482723,8.160458848689847,7.104868754482723
66159,36329ff7770243fbbec5a8f2c3600494,2906b810c7d4411798c6938adc9daaa5,discount,2,2.0,10.095693079696574,9.204751668905926,8.095693079696574
64412,121640db35dc4acb805382c52875321d,fafdcd668e3743c1bb461111dcafc2a4,discount,2,2.0,10.088678059249936,8.912128166084484,8.088678059249936
55592,5f83c29712164b40827cc3268858aa28,2906b810c7d4411798c6938adc9daaa5,discount,2,2.0,10.08575800526932,9.281209453384154,8.08575800526932
67489,4fa5fba731c94e74918af175bf6f6bac,2298d6c36e964ae4a3e7e9706d1fb8c2,discount,3,3.0,10.071382792157308,9.46967974488857,7.0713827921573085
74570,dd16b588daf146ec9706cfdd33008c28,2906b810c7d4411798c6938adc9daaa5,discount,2,2.0,10.056240752394446,8.131418614942904,8.056240752394446
56383,6f3c2ed30e5949fab679209ce8dacd77,fafdcd668e3743c1bb461111dcafc2a4,discount,2,2.0,10.010976416985642,8.042670945837042,8.010976416985642
60063,b85c2c312912456792c88958e2707ab5,2906b810c7d4411798c6938adc9daaa5,discount,2,2.0,9.990002724259298,9.290588658998413,7.990002724259298
63568,014899c751254a62a96ce676eb11ddc2,fafdcd668e3743c1bb461111dcafc2a4,discount,2,2.0,9.977385772002563,8.917157529337068,7.977385772002563
67416,4e3f3a3401ae4b50837665179b6d7415,2298d6c36e964ae4a3e7e9706d1fb8c2,discount,3,3.0,9.97150186309258,7.937523930559795,6.9715018630925805
69133,7094d2b126a443369ad99924696810bd,2298d6c36e964ae4a3e7e9706d1fb8c2,discount,3,3.0,9.968753114937774,8.472463566020279,6.968753114937774
72556,b330ad2e97ca455badff7121614b225d,fafdcd668e3743c1bb461111dcafc2a4,discount,2,2.0,9.949021379960636,9.304831607818404,7.9490213799606355
58600,9b6d460b5d0346f4aa64be7e6d713ce3,fafdcd668e3743c1bb461111dcafc2a4,discount,2,2.0,9.943563938928236,8.465534889131423,7.943563938928236
69001,6dbfa6983e324cf08c64e52f3b790117,fafdcd668e3743c1bb461111dcafc2a4,discount,2,2.0,9.932396476292446,8.29451677352997,7.932396476292446
66601,3e38743dd0cf4af5890441cbccd0bff4,fafdcd668e3743c1bb461111dcafc2a4,discount,2,2.0,9.923040125055705,9.239336952186576,7.923040125055705
65553,2b154713de07457db1e61bbf5b904d5e,2298d6c36e964ae4a3e7e9706d1fb8c2,discount,3,3.0,9.904063650635807,7.162249697934389,6.904063650635807
66297,38fb8fcee71f4a039d2ccd8e039f8e35,2906b810c7d4411798c6938adc9daaa5,discount,2,2.0,9.901603336841486,10.008333363585011,7.901603336841486
51223,08926f1f08c34a4a9681ab3d6a5ef17e,fafdcd668e3743c1bb461111dcafc2a4,discount,2,2.0,9.89721120470111,9.575755767471186,7.89721120470111
52561,2472b0a245024b37bc45e6b902a4a801,2298d6c36e964ae4a3e7e9706d1fb8c2,discount,3,3.0,9.883976254227736,7.721496948197551,6.883976254227736
57862,8c6b2a81cb294c28b740e9c459ab7767,fafdcd668e3743c1bb461111dcafc2a4,discount,2,2.0,9.88062200925252,7.376325254279836,7.880622009252519
71931,a6a29cdd00b04834b769db80a8e71354,2906b810c7d4411798c6938adc9daaa5,discount,2,2.0,9.870529947039037,9.694121701015646,7.870529947039037
59071,a453d70e85fd493f9584570a3dae58a8,2906b810c7d4411798c6938adc9daaa5,discount,2,2.0,9.86987958164318,10.531656659448773,7.869879581643181
72743,b702b01e1767462aa447431c9e8a07f9,fafdcd668e3743c1bb461111dcafc2a4,discount,2,2.0,9.859143904706048,8.735036086477141,7.859143904706048
60928,cabe4c65156b43039a30511ec6bfdfae,2298d6c36e964ae4a3e7e9706d1fb8c2,discount,3,3.0,9.852942708769712,8.596613535930533,6.852942708769712
62664,eeadcd56212b46518e03a3f53d30404b,fafdcd668e3743c1bb461111dcafc2a4,discount,2,2.0,9.840419614458346,8.244139309076004,7.840419614458346
71663,a187f250fe72405788e7fcf0c20b8e09,2906b810c7d4411798c6938adc9daaa5,discount,2,2.0,9.828665939730724,9.24365964762804,7.828665939730724
50842,00d6dc87be4146ceb47fcd4baaaf6477,fafdcd668e3743c1bb461111dcafc2a4,discount,2,2.0,9.823982599857322,9.011151516635042,7.823982599857322
73858,ce7ac21bc5f84d62bbbbe793f10f42e0,2906b810c7d4411798c6938adc9daaa5,discount,2,2.0,9.823122805274242,10.519593865003507,7.823122805274242
55720,626df8678e2a4953b9098246418c9cfa,2906b810c7d4411798c6938adc9daaa5,discount,2,2.0,9.809396014754508,8.954480229521184,7.809396014754508
67689,537d1682c42740218162e3bca53b9552,2906b810c7d4411798c6938adc9daaa5,discount,2,2.0,9.788298304790963,8.452075474124536,7.788298304790963
73036,bd095a56876e4be1b2431b209ad9e5f7,2906b810c7d4411798c6938adc9daaa5,discount,2,2.0,9.783205018019949,9.237877262397967,7.783205018019949
51280,09926978a42248f08791fe53fc7ac085,fafdcd668e3743c1bb461111dcafc2a4,discount,2,2.0,9.77104656643094,8.579013420739308,7.77104656643094
62180,e44d3bde10b147568f9c11fb0414abf5,2906b810c7d4411798c6938adc9daaa5,discount,2,2.0,9.763063684046992,7.688366997666261,7.763063684046992
51319,0a56aac1e1b34467aabab91930db6786,2906b810c7d4411798c6938adc9daaa5,discount,2,2.0,9.74998499078171,9.144080063939924,7.74998499078171
55877,655f294ab8154d3ebffaa801f241271c,fafdcd668e3743c1bb461111dcafc2a4,discount,2,2.0,9.749630071224937,9.318367026542948,7.749630071224937
68158,5cca371ebf3a4f3aa349e6736d3bc096,fafdcd668e3743c1bb461111dcafc2a4,discount,2,2.0,9.747777392602943,6.675792421273687,7.747777392602943
55798,63ab5f221a76472ebeb73b19c6782a0f,fafdcd668e3743c1bb461111dcafc2a4,discount,2,2.0,9.732851740717686,8.598378399130993,7.732851740717686
75579,f1b3e753d03245eabf1168451261e0f8,fafdcd668e3743c1bb461111dcafc2a4,discount,2,2.0,9.723649079494278,9.203241914929135,7.723649079494278
68885,6b98cb99c8b848f09dc7dc717b1f82ed,fafdcd668e3743c1bb461111dcafc2a4,discount,2,2.0,9.71860487244976,9.537697977492291,7.71860487244976
57603,874882329892408b82c97732674db8cb,2906b810c7d4411798c6938adc9daaa5,discount,2,2.0,9.704338418941076,10.299875741155802,7.7043384189410755
72699,b624317c94fc496288b746f9be43d170,fafdcd668e3743c1bb461111dcafc2a4,discount,2,2.0,9.70325520533637,9.605032262225588,7.7032552053363705
62049,e1a14ad61fd04930aaea2fff028ebcbb,fafdcd668e3743c1bb461111dcafc2a4,discount,2,2.0,9.702264336395286,8.815088184437645,7.702264336395286
55669,6155e0b447074e4a98c4b78e26686246,fafdcd668e3743c1bb461111dcafc2a4,discount,2,2.0,9.693652636003042,7.445098894204392,7.693652636003042
54841,4ffeee15f92b482aa4db8427136874b8,2298d6c36e964ae4a3e7e9706d1fb8c2,discount,3,3.0,9.676004537572393,8.632195606804244,6.676004537572393
74632,de8e51239af349da8412afe26b471f93,fafdcd668e3743c1bb461111dcafc2a4,discount,2,2.0,9.644901409292869,7.9570630360809105,7.644901409292869
68998,6dae9375dafb4329b4d69ebbd04fdca7,2906b810c7d4411798c6938adc9daaa5,discount,2,2.0,9.637976471081256,9.454006551667376,7.637976471081256
60706,c60af05a014f4a0fadfefdeae44312b5,2298d6c36e964ae4a3e7e9706d1fb8c2,discount,3,3.0,9.63661785441931,8.044846932947422,6.63661785441931
62101,e27b7b5d901d438ab0365f39d460dbf5,2906b810c7d4411798c6938adc9daaa5,discount,2,2.0,9.635205106109758,8.06348681008714,7.635205106109758
60647,c45c7bdc7db44272b886d6d2e465312d,2906b810c7d4411798c6938adc9daaa5,discount,2,2.0,9.63273019971092,10.25270011166137,7.63273019971092
61688,da7906d43c2c4a7886761894ca7513cc,2298d6c36e964ae4a3e7e9706d1fb8c2,discount,3,3.0,9.612734475359163,8.905379832908313,6.612734475359163
76067,fba9a75c4d534c0a9a1d87f2900a4b2d,2906b810c7d4411798c6938adc9daaa5,discount,2,2.0,9.604031509978562,9.31476682629052,7.604031509978562
54257,43f4759ebb394301af177bba53db7f77,2906b810c7d4411798c6938adc9daaa5,discount,2,2.0,9.57807879787317,7.370296047178195,7.57807879787317
51053,04fad15f96d446f483823ad08857e752,2906b810c7d4411798c6938adc9daaa5,discount,2,2.0,9.566895185148647,9.555259867803995,7.566895185148647
70300,876b9e48f855451dab78445f28381fed,2906b810c7d4411798c6938adc9daaa5,discount,2,2.0,9.566428792679272,9.323724433572696,7.566428792679272
56309,6d9f997f587349d1b3977558dda3e2af,2298d6c36e964ae4a3e7e9706d1fb8c2,discount,3,3.0,9.559592515004525,8.201503323738178,6.559592515004525
64982,1e8555612cf545938953a8a648705185,2906b810c7d4411798c6938adc9daaa5,discount,2,2.0,9.556111936867568,9.069554047200894,7.556111936867568
54890,50e9743f9ba744c8b12ee3b68dffa27d,fafdcd668e3743c1bb461111dcafc2a4,discount,2,2.0,9.553708831413635,8.798148606951157,7.553708831413635
72219,ac8acdc4d91945789e009a333ccb4e2c,fafdcd668e3743c1bb461111dcafc2a4,discount,2,2.0,9.552964434439678,6.769863353443043,7.552964434439678
53391,33d7ceb44c7d41b59eb7b3387deb2c90,2906b810c7d4411798c6938adc9daaa5,discount,2,2.0,9.549795635089628,9.608058225129374,7.5497956350896285
74318,d820adac939d46078131f147d99d3f85,2906b810c7d4411798c6938adc9daaa5,discount,2,2.0,9.547557701178013,10.632637660926031,7.547557701178013
68015,5a2660b89e314721b25f2b966846a497,2906b810c7d4411798c6938adc9daaa5,discount,2,2.0,9.531883688180766,9.738266988585512,7.531883688180766
57175,7f07308a062844c3bd54012ccdc3fb81,2906b810c7d4411798c6938adc9daaa5,discount,2,2.0,9.53156551137846,10.28368622968048,7.53156551137846
74944,e4a16683f11241dd849c7172ba85a474,fafdcd668e3743c1bb461111dcafc2a4,discount,2,2.0,9.49032794765978,7.957527295077124,7.490327947659781
61501,d62ec1401c65445ab4e425f4c263a289,fafdcd668e3743c1bb461111dcafc2a4,discount,2,2.0,9.48571880132658,7.997497172266639,7.4857188013265805
74354,d8f2763e76bb4f1fb27d7a595f5deff7,2298d6c36e964ae4a3e7e9706d1fb8c2,discount,3,3.0,9.48506272106734,8.304559633242377,6.48506272106734
73666,cac127154bda4f5d98d994ce82a2f7d9,2298d6c36e964ae4a3e7e9706d1fb8c2,discount,3,3.0,9.471898770232078,8.867518448708864,6.4718987702320785
68521,6472c4fee5004a70a14cff948130ab6a,fafdcd668e3743c1bb461111dcafc2a4,discount,2,2.0,9.465189430060514,6.776664702658442,7.465189430060514
73642,ca24acb9033e47ab9eed2814676d37f2,fafdcd668e3743c1bb461111dcafc2a4,discount,2,2.0,9.43053928735682,9.993089548371907,7.430539287356821
51668,116f72494d5e45b794be3caaa31f4675,fafdcd668e3743c1bb461111dcafc2a4,discount,2,2.0,9.404524343540784,8.509052043161281,7.404524343540784
74360,d92663deeeae4b45bd8ae2a8e12fa958,fafdcd668e3743c1bb461111dcafc2a4,discount,2,2.0,9.400730031162489,8.39003491287999,7.400730031162489
63232,fa6cfbabbe46467f9e9f276e20f0e48a,fafdcd668e3743c1bb461111dcafc2a4,discount,2,2.0,9.400271525544229,8.912935804573406,7.400271525544229
58133,91cec8d70c5a4c5aa04a0ee01653e5ad,2298d6c36e964ae4a3e7e9706d1fb8c2,discount,3,3.0,9.400003281580627,7.565099562982837,6.400003281580627
56894,79d11d2ad203425b9133357ae3840019,2906b810c7d4411798c6938adc9daaa5,discount,2,2.0,9.392480670207524,9.858012591965098,7.392480670207524
73077,bde1c2a5283f47cc9a3f932ec3338a31,2298d6c36e964ae4a3e7e9706d1fb8c2,discount,3,3.0,9.386968311792666,9.434995934613092,6.386968311792666
60579,c2bc882929e344979d9e8a14945ec8e0,fafdcd668e3743c1bb461111dcafc2a4,discount,2,2.0,9.386224830373662,7.969547071366698,7.386224830373662
62487,eab78e2cf26f4af494d9535ac3835f00,fafdcd668e3743c1bb461111dcafc2a4,discount,2,2.0,9.386224830373662,8.024901577513198,7.386224830373662
55348,5a90d3a4a21b4262b75ad9533bdf162b,fafdcd668e3743c1bb461111dcafc2a4,discount,2,2.0,9.377163587944818,9.25989423388794,7.377163587944818
52979,2cb4d7a40765483cb808ce28107a3775,2298d6c36e964ae4a3e7e9706d1fb8c2,discount,3,3.0,9.37373782451076,7.406478154113696,6.37373782451076
72112,aa948f8bb91941c199175f791fd1ab69,2298d6c36e964ae4a3e7e9706d1fb8c2,discount,3,3.0,9.361727208500255,7.961910039375782,6.361727208500255
72807,b860d355ef6e4c66b5d5a837c56ef32d,2906b810c7d4411798c6938adc9daaa5,discount,2,2.0,9.344794256360156,10.51710861895434,7.3447942563601565
63851,06b99e8cc24b426f8a578c749974b88a,2906b810c7d4411798c6938adc9daaa5,discount,2,2.0,9.339135122517762,9.08427196060242,7.339135122517762
69557,794c8bf1fe184162a739c835a168d6c0,2298d6c36e964ae4a3e7e9706d1fb8c2,discount,3,3.0,9.330522511572957,9.178479157998058,6.330522511572957
68963,6d205d5d2c71498688a3d8c4cd561c0a,fafdcd668e3743c1bb461111dcafc2a4,discount,2,2.0,9.329699656332997,7.3665337876672865,7.329699656332997
62174,e415e79bd9a24f7c8ddc8a090ab549e8,2906b810c7d4411798c6938adc9daaa5,discount,2,2.0,9.323073236960044,9.421173273948396,7.3230732369600435
61232,d091dfa1a1d7414da78027d8832ff681,fafdcd668e3743c1bb461111dcafc2a4,discount,2,2.0,9.30382774171876,6.010408401710446,7.303827741718759
58357,96be04f29ab44645a3face77bfb50653,2906b810c7d4411798c6938adc9daaa5,discount,2,2.0,9.292612040489788,9.418944200715812,7.292612040489788
55457,5cca371ebf3a4f3aa349e6736d3bc096,fafdcd668e3743c1bb461111dcafc2a4,discount,2,2.0,9.288901112335068,6.696791476695633,7.288901112335068
59911,b51686e74e4941ef9d42391dc465498a,fafdcd668e3743c1bb461111dcafc2a4,discount,2,2.0,9.284450503690664,8.643081494176553,7.284450503690664
61711,dadae228edc442d59471e7e8d42e1d9e,2906b810c7d4411798c6938adc9daaa5,discount,2,2.0,9.28408621686254,9.804447389329049,7.284086216862541
64755,196651959ba44f8d98d7730dfa820beb,2298d6c36e964ae4a3e7e9706d1fb8c2,discount,3,3.0,9.27892930562972,8.354950953884856,6.27892930562972
58085,90c964405bd74fa68a29af133eabe0ba,2906b810c7d4411798c6938adc9daaa5,discount,2,2.0,9.26966886050062,9.062047932267726,7.2696688605006194
53644,38e17daa16b5474bb8d5de4b69e207b3,2298d6c36e964ae4a3e7e9706d1fb8c2,discount,3,3.0,9.258966013806027,7.80525539188948,6.2589660138060275
73801,cd4fa4f3a829491aa189480ad2d06940,2298d6c36e964ae4a3e7e9706d1fb8c2,discount,3,3.0,9.248008912705798,7.929393130723746,6.248008912705798
65652,2cb4d7a40765483cb808ce28107a3775,fafdcd668e3743c1bb461111dcafc2a4,discount,2,2.0,9.246800435684332,7.979488478108674,7.246800435684332
56315,6dae9375dafb4329b4d69ebbd04fdca7,2298d6c36e964ae4a3e7e9706d1fb8c2,discount,3,3.0,9.241589063914535,9.230499035664277,6.241589063914535
62549,ec1761735b034ae8874bc979f0cd5862,fafdcd668e3743c1bb461111dcafc2a4,discount,2,2.0,9.236831722125146,8.97035384161983,7.236831722125146
61714,dafc626bbdac41a8ae6b4f7a9478b2b2,2298d6c36e964ae4a3e7e9706d1fb8c2,discount,3,3.0,9.208704910870502,6.875837271651104,6.208704910870502
65259,2472b0a245024b37bc45e6b902a4a801,2906b810c7d4411798c6938adc9daaa5,discount,2,2.0,9.207445949790388,10.244521235009293,7.207445949790388
58256,94767d95759a47f38f0d85b7a7e74f67,fafdcd668e3743c1bb461111dcafc2a4,discount,2,2.0,9.197596669262271,9.342048688677162,7.197596669262271
62196,e4be5758c6a1433b9c3a27c62eefd1ba,2298d6c36e964ae4a3e7e9706d1fb8c2,discount,3,3.0,9.189510288241012,6.845689626426553,6.189510288241012
69359,754876debbb94994a6c4e45510eeb124,2298d6c36e964ae4a3e7e9706d1fb8c2,discount,3,3.0,9.182963808459313,8.967483726683232,6.182963808459313
68522,6474c222349f46b59cdbcd273b335dd8,2906b810c7d4411798c6938adc9daaa5,discount,2,2.0,9.1805353689418,8.446881654991877,7.1805353689418006
75620,f29fe62d65ca4cce9aedd06c038aa536,2906b810c7d4411798c6938adc9daaa5,discount,2,2.0,9.177889943224958,7.925726747009913,7.177889943224958
74670,df25bf15b89647208cbb9c186eeea518,fafdcd668e3743c1bb461111dcafc2a4,discount,2,2.0,9.15851975143742,5.551908189909618,7.158519751437421
51831,14c466243c9a453584eb73a1de6236d0,fafdcd668e3743c1bb461111dcafc2a4,discount,2,2.0,9.15838397345246,6.814398935183199,7.158383973452461
63335,fc70e24adcad4a61962e04e851363a3d,2298d6c36e964ae4a3e7e9706d1fb8c2,discount,3,3.0,9.150169821556892,8.827781832261236,6.150169821556892
75410,ee5ea2e61fa349719dc5165fa20200dc,2906b810c7d4411798c6938adc9daaa5,discount,2,2.0,9.136361309272166,9.616715168056457,7.136361309272166
63993,09bed795bc814b4e9ab2cad8f8b78fc0,fafdcd668e3743c1bb461111dcafc2a4,discount,2,2.0,9.131519177027789,9.268287548052072,7.131519177027789
64444,12b94bd1574647a8a7ffcb4ddbf3f044,fafdcd668e3743c1bb461111dcafc2a4,discount,2,2.0,9.087480041111968,9.238826484849785,7.087480041111968
66643,3f2535f288c0412b9f62ab9703d4b66a,fafdcd668e3743c1bb461111dcafc2a4,discount,2,2.0,9.084007801146024,8.889508187973309,7.084007801146024
75792,f656b5959a8b427782abb0888331eb5d,2906b810c7d4411798c6938adc9daaa5,discount,2,2.0,9.062484612276885,7.019704547938561,7.062484612276885
51483,0d8d6d7dbda1470792c74b8fb1f82f36,fafdcd668e3743c1bb461111dcafc2a4,discount,2,2.0,9.04706028462974,8.932530776574374,7.04706028462974
63801,05a4da5c46034e42abb4495507d293bd,2906b810c7d4411798c6938adc9daaa5,discount,2,2.0,9.022567474623656,10.403651615566178,7.022567474623656
62479,ea8ae9ebc89b41ffb097dabbf8fe3c24,fafdcd668e3743c1bb461111dcafc2a4,discount,2,2.0,9.022088412142123,8.14402234425081,7.022088412142123
56179,6b28342aae4443aa8beb1356a0cd4654,2906b810c7d4411798c6938adc9daaa5,discount,2,2.0,9.014481365672038,9.292347738013689,7.014481365672038
60573,c2a5c2407540466b9b0f7e8e50715a73,fafdcd668e3743c1bb461111dcafc2a4,discount,2,2.0,9.007719693357569,6.188781313885173,7.0077196933575685
59718,b12e8e0f14ae4ad0b576f7c016e7e89b,fafdcd668e3743c1bb461111dcafc2a4,discount,2,2.0,9.002968557047232,6.87021732949729,7.002968557047232
70685,8f0399e00b9a47f89f5bc5c3ccf2b457,2906b810c7d4411798c6938adc9daaa5,discount,2,2.0,9.00083824613596,7.685444951513984,7.0008382461359595
71424,9d1a5a51c4ac4526b0b16273f40a1c06,2906b810c7d4411798c6938adc9daaa5,discount,2,2.0,8.992360274109814,6.876292482661318,6.992360274109814
75247,eab78e2cf26f4af494d9535ac3835f00,2906b810c7d4411798c6938adc9daaa5,discount,2,2.0,8.983795397749715,8.609237973685872,6.983795397749715
66747,4109b7b0a77a4f5ab2d2ae906290110d,fafdcd668e3743c1bb461111dcafc2a4,discount,2,2.0,8.982744344544967,9.5724211389909,6.982744344544967
55515,5e001d57a6a84c35bd508a700fe8aca0,2906b810c7d4411798c6938adc9daaa5,discount,2,2.0,8.980009639030262,7.094307652087538,6.980009639030262
74294,d79cbb76788a49af8c7c44dc09c2af0a,2906b810c7d4411798c6938adc9daaa5,discount,2,2.0,8.958551411344642,6.945223740274395,6.958551411344642
54797,4eff60b798854f09924ef683d0479f89,fafdcd668e3743c1bb461111dcafc2a4,discount,2,2.0,8.957732469245258,7.049893957207523,6.957732469245258
62536,ebb7a9a6b45f4ba7b7600c651373ac4e,fafdcd668e3743c1bb461111dcafc2a4,discount,2,2.0,8.957722675693304,5.300226269034688,6.957722675693304
61813,dcc863ed129343a8b91f7a8d372ec4e9,fafdcd668e3743c1bb461111dcafc2a4,discount,2,2.0,8.956256406758056,6.4595980542450455,6.956256406758056
75705,f4809b14614f4420b2f9a4dc0d5a0a3e,fafdcd668e3743c1bb461111dcafc2a4,discount,2,2.0,8.944849351485999,9.455313424312436,6.944849351485999
50946,02efe2a67be247a686f79ba1cbce42f1,2906b810c7d4411798c6938adc9daaa5,discount,2,2.0,8.944011643194164,7.549803510109109,6.944011643194164
66929,447600a6896d47e1bc24b473006ccebc,2906b810c7d4411798c6938adc9daaa5,discount,2,2.0,8.933222293438115,7.579629760401902,6.933222293438115
64064,0ae0111e8e394788879bd78cd520d8a0,fafdcd668e3743c1bb461111dcafc2a4,discount,2,2.0,8.925389968166138,7.613339694573924,6.925389968166138
53201,303b2c1b751640c78419cd8288944419,2906b810c7d4411798c6938adc9daaa5,discount,2,2.0,8.910688048699683,9.346412402170843,6.910688048699683
54220,436552d254074769ad35ed793c30953e,fafdcd668e3743c1bb461111dcafc2a4,discount,2,2.0,8.900362103378749,6.513939726761665,6.900362103378749
64344,10866c6b50f8488c90749df891cc31ef,2906b810c7d4411798c6938adc9daaa5,discount,2,2.0,8.895821161495398,6.283534133899007,6.895821161495398
53971,3e83066be8ad466c9e8a8ca4476e9a52,2906b810c7d4411798c6938adc9daaa5,discount,2,2.0,8.893386786558255,9.00650780230526,6.8933867865582545
64705,187b3bf0d99f40c585166d98cadc941c,fafdcd668e3743c1bb461111dcafc2a4,discount,2,2.0,8.849072868644152,5.702995647542814,6.849072868644152
62366,e8290274262e40ea985df30a9b40a07d,2906b810c7d4411798c6938adc9daaa5,discount,2,2.0,8.841293101033692,9.404827787920558,6.841293101033692
70088,839649618a584369a51d594acbd1e80d,fafdcd668e3743c1bb461111dcafc2a4,discount,2,2.0,8.837302377457364,5.937683759903251,6.837302377457364
66847,430f2cedb60c4585bda4c36106db73d5,fafdcd668e3743c1bb461111dcafc2a4,discount,2,2.0,8.830616349697594,6.043533995202473,6.8306163496975945
50860,01443a2afce54939a323c978f467c540,fafdcd668e3743c1bb461111dcafc2a4,discount,2,2.0,8.81128403472713,8.187451740118433,6.81128403472713
52205,1d1798e8389c4012aaaa7cbebd529bc4,2906b810c7d4411798c6938adc9daaa5,discount,2,2.0,8.805382220388303,5.748682701746128,6.805382220388303
69854,7eda9728df624f09b3aec88e0aebcf6a,2906b810c7d4411798c6938adc9daaa5,discount,2,2.0,8.802489845275321,7.528203992573131,6.802489845275321
68769,693fe2f8e247468ca3a4b581fa66f499,2906b810c7d4411798c6938adc9daaa5,discount,2,2.0,8.801373936864124,8.750729724601937,6.801373936864124
54015,3f7455c3e73f420f870336592072879c,fafdcd668e3743c1bb461111dcafc2a4,discount,2,2.0,8.785756010747832,7.179439228667469,6.785756010747832
53867,3c7e0f5ed941481ebd0bdf5aa27be1d6,fafdcd668e3743c1bb461111dcafc2a4,discount,2,2.0,8.78361570335897,8.648732425248525,6.78361570335897
72365,af1f672547df453dae19b531be208bf1,fafdcd668e3743c1bb461111dcafc2a4,discount,2,2.0,8.783174881011373,8.553808621911472,6.783174881011373
76128,fccefea120ab405585b91f4b9b0bc803,fafdcd668e3743c1bb461111dcafc2a4,discount,2,2.0,8.782194967967207,7.245800970859181,6.782194967967207
58270,94ce14b4e3774ecd908575ba7ab32f85,2906b810c7d4411798c6938adc9daaa5,discount,2,2.0,8.778689063857907,9.026459938593211,6.778689063857907
70737,901a3a7315804f90b8d8c93db67b28fc,2906b810c7d4411798c6938adc9daaa5,discount,2,2.0,8.765951275731437,6.404486213953112,6.765951275731437
67599,51b53860777c4e978b1f8cfcd5508ece,2906b810c7d4411798c6938adc9daaa5,discount,2,2.0,8.76013820811752,8.528108947260485,6.760138208117519
71419,9cff812d0f8f426a8189648d3c476411,2906b810c7d4411798c6938adc9daaa5,discount,2,2.0,8.756672237155703,8.934708131039399,6.756672237155703
50819,00715b6e55c3431cb56ff7307eb19675,2906b810c7d4411798c6938adc9daaa5,discount,2,2.0,8.754443649147799,8.77178813629111,6.754443649147799
63516,004c5799adbf42868b9cff0396190900,fafdcd668e3743c1bb461111dcafc2a4,discount,2,2.0,8.753274335608825,6.636505426879399,6.753274335608825
65933,3189cbd23b2d44938a71fd178d23d625,2906b810c7d4411798c6938adc9daaa5,discount,2,2.0,8.751950375751742,7.154963338199167,6.751950375751742
56420,701ad251cb8d46d49662b912ee2e3f6d,2906b810c7d4411798c6938adc9daaa5,discount,2,2.0,8.751823964348999,7.03287417712991,6.751823964348999
51780,13b9a30150f94769aa55535001893d4e,fafdcd668e3743c1bb461111dcafc2a4,discount,2,2.0,8.741074956229962,9.451653884603225,6.741074956229962
62894,f34c9d5335fd42ea98695cc7e9e43be8,fafdcd668e3743c1bb461111dcafc2a4,discount,2,2.0,8.737974091337584,8.795985041383585,6.737974091337584
56011,67ce1a3e90f748b2b21723186529bdc2,2906b810c7d4411798c6938adc9daaa5,discount,2,2.0,8.731373761905266,9.124908553347383,6.731373761905266
63932,089884c069654beba55de2442e32ea82,2906b810c7d4411798c6938adc9daaa5,discount,2,2.0,8.729562655479873,6.111662946983719,6.729562655479873
67372,4d57a232827b47519527089f322ab1a2,2906b810c7d4411798c6938adc9daaa5,discount,2,2.0,8.726417417429422,6.8520872839959885,6.726417417429422
75272,eb3ce155c32f4c80a29a3417a1e698d5,2906b810c7d4411798c6938adc9daaa5,discount,2,2.0,8.725695692380436,7.418947753413214,6.725695692380436
55573,5f102735c1ca4dffb40d7c34631d4ad5,fafdcd668e3743c1bb461111dcafc2a4,discount,2,2.0,8.714875610163011,7.380172735190392,6.714875610163011
70001,81e9b730f99948d1908d1370bd87e58d,2906b810c7d4411798c6938adc9daaa5,discount,2,2.0,8.698577853542954,6.437602208145478,6.698577853542954
75546,f0f9861bc60a4affbf822d0f8fa9a68d,2906b810c7d4411798c6938adc9daaa5,discount,2,2.0,8.698143782592505,6.661136024942383,6.6981437825925045
52214,1d36a7ddbd114574a804c5c4eb2ecb4d,2906b810c7d4411798c6938adc9daaa5,discount,2,2.0,8.685941207953803,9.743601022509951,6.685941207953803
62523,eb834c09384149e88983526893d4d0cb,2906b810c7d4411798c6938adc9daaa5,discount,2,2.0,8.683782764042322,8.765615084168994,6.683782764042322
65556,2b2bcbb0b9974cfba76d291fe52d153e,2906b810c7d4411798c6938adc9daaa5,discount,2,2.0,8.681849931642383,6.964196890312881,6.6818499316423825
63930,08926f1f08c34a4a9681ab3d6a5ef17e,2906b810c7d4411798c6938adc9daaa5,discount,2,2.0,8.681305654542793,9.78137000898095,6.681305654542793
54394,46bb9d595d9a475cbdd435e2bb253944,fafdcd668e3743c1bb461111dcafc2a4,discount,2,2.0,8.662851963471105,8.9443058990041,6.662851963471105
61412,d438a838e9f74fa99c3a53f53d73afd4,2906b810c7d4411798c6938adc9daaa5,discount,2,2.0,8.649128344610418,9.882681406309889,6.649128344610418
65583,2b9346b366f54865ac8436867d969f7d,2906b810c7d4411798c6938adc9daaa5,discount,2,2.0,8.640025638001498,9.301134611879409,6.640025638001498
67283,4bade2c2f3c84c518ed78d983858a621,2906b810c7d4411798c6938adc9daaa5,discount,2,2.0,8.617613112473913,8.156162682611043,6.617613112473913
62576,ec9a25024b644f6c97c3823cbc7298f2,fafdcd668e3743c1bb461111dcafc2a4,discount,2,2.0,8.610391565860086,9.046256480768331,6.610391565860086
74456,dadae228edc442d59471e7e8d42e1d9e,fafdcd668e3743c1bb461111dcafc2a4,discount,2,2.0,8.603831459895078,8.488602110862962,6.603831459895078
53006,2d2682d1b32942229b9d7a6be3274db6,2906b810c7d4411798c6938adc9daaa5,discount,2,2.0,8.588793630755116,6.131983234544087,6.5887936307551165
71900,a60741d3abb742d89fdd5e0ab047ef00,fafdcd668e3743c1bb461111dcafc2a4,discount,2,2.0,8.58731251816886,5.646011240765709,6.58731251816886
55472,5cfc907778a9457382cf0731819cebe2,fafdcd668e3743c1bb461111dcafc2a4,discount,2,2.0,8.57225645575978,6.74962134262565,6.57225645575978
76024,fada060561c24d4a984cc6eba6e2a63a,fafdcd668e3743c1bb461111dcafc2a4,discount,2,2.0,8.554952692125122,8.092643721217952,6.554952692125122
65810,2f6dabc41d1549419cc3b25ea794b878,fafdcd668e3743c1bb461111dcafc2a4,discount,2,2.0,8.519119482318867,8.747965278997103,6.519119482318867
63954,08ff7a65c7824da19966319a5cd99bc2,fafdcd668e3743c1bb461111dcafc2a4,discount,2,2.0,8.516915230705969,6.182818780009201,6.516915230705969
76072,fbb3c6ad80b04d3a94c666a2f08f2a2e,fafdcd668e3743c1bb461111dcafc2a4,discount,2,2.0,8.516482183084872,5.358260595109957,6.516482183084872
70602,8d4d3da98c7b40d4840564524c0d0d4a,fafdcd668e3743c1bb461111dcafc2a4,discount,2,2.0,8.516482183084872,3.726208803602372,6.516482183084872
61928,df227598be2f4937b3c60036010042a9,fafdcd668e3743c1bb461111dcafc2a4,discount,2,2.0,8.512683916024896,5.02983778189612,6.512683916024896
69281,737789ee6eb143639c8dd7c58ab40253,2906b810c7d4411798c6938adc9daaa5,discount,2,2.0,8.511228794216839,5.944802607271699,6.511228794216839
52494,2329b14ec2ea4f979f82e66b057b16d6,2906b810c7d4411798c6938adc9daaa5,discount,2,2.0,8.503090432259974,8.089415851896463,6.503090432259974
51357,0b0e7c84cee54feebc11f81bb2aa8fb9,2906b810c7d4411798c6938adc9daaa5,discount,2,2.0,8.502921824622621,8.802298859033527,6.5029218246226215
61371,d34af41fdf2a4ca2a68dc6991d5a8059,fafdcd668e3743c1bb461111dcafc2a4,discount,2,2.0,8.492212516231854,7.295487236320266,6.492212516231854
57833,8bf054c6db1a44f1acfb4c40fdd59100,fafdcd668e3743c1bb461111dcafc2a4,discount,2,2.0,8.489727360271193,6.724591633316965,6.489727360271193
63971,095387dd9436426fa454cda037297d0a,2906b810c7d4411798c6938adc9daaa5,discount,2,2.0,8.458336038626435,10.283686229680477,6.458336038626435
67848,569bd9890e74463f84e96f4b4951f45a,fafdcd668e3743c1bb461111dcafc2a4,discount,2,2.0,8.447468327686689,7.237186710163311,6.447468327686689
76115,fca0cfd25f0f4d489137d3e4bd863e20,2906b810c7d4411798c6938adc9daaa5,discount,2,2.0,8.444903874581176,5.0615977712090565,6.4449038745811755
72192,abfb871cab3b4fb4a0e7be1ed5a2ac35,fafdcd668e3743c1bb461111dcafc2a4,discount,2,2.0,8.44365464719193,6.519415412793464,6.443654647191931
58037,8fc40f08bcc7442796802b19ffcc9e04,2906b810c7d4411798c6938adc9daaa5,discount,2,2.0,8.429515044612877,7.326060905065898,6.429515044612877
61627,d9131738e8af4f219dc42e919d1a52cf,2906b810c7d4411798c6938adc9daaa5,discount,2,2.0,8.427419691794151,6.304694775489013,6.427419691794151
67912,57dd18ec5ddc46828afb81ec5977bef2,fafdcd668e3743c1bb461111dcafc2a4,discount,2,2.0,8.420774316791912,6.521684955667203,6.420774316791912
71292,9aba5058cb4f483da896335a1479a944,fafdcd668e3743c1bb461111dcafc2a4,discount,2,2.0,8.415119650535427,7.012324988059323,6.415119650535427
61609,d8a1e62359c549a29fa55d90165f17a5,fafdcd668e3743c1bb461111dcafc2a4,discount,2,2.0,8.410805496767171,6.256977774748762,6.410805496767171
58336,96478f7e1a44473f8e29342139a0b836,2906b810c7d4411798c6938adc9daaa5,discount,2,2.0,8.40779857200963,7.033644892032642,6.40779857200963
67437,4e7faafbade946d1a77833a96461b8c7,2906b810c7d4411798c6938adc9daaa5,discount,2,2.0,8.399424981782701,7.333985875432472,6.399424981782701
67860,56c9a82c486c45f6bcc7e2944ff6a48d,2906b810c7d4411798c6938adc9daaa5,discount,2,2.0,8.383948637623961,5.8954435707309845,6.383948637623961
51136,067d163ebd2748cf954bd1ccc4cfa4af,2906b810c7d4411798c6938adc9daaa5,discount,2,2.0,8.375250365174683,7.286442855137494,6.375250365174683
64523,147be99d763240b4b7cbe0e024693807,fafdcd668e3743c1bb461111dcafc2a4,discount,2,2.0,8.330604122489138,8.115386401219366,6.330604122489138
64737,18fa7725c20248e7a2131d197522a0de,2906b810c7d4411798c6938adc9daaa5,discount,2,2.0,8.328645410447901,6.616500236027205,6.328645410447901
59652,afc31297065f444186ba9273cb1f00b3,fafdcd668e3743c1bb461111dcafc2a4,discount,2,2.0,8.319275385800445,6.2337424458912185,6.319275385800445
60802,c801141ccbd74cb08db4b93cc5917a1e,fafdcd668e3743c1bb461111dcafc2a4,discount,2,2.0,8.318986295751817,6.444882838212713,6.318986295751817
52360,203831402e2b49a8bf1fa35263f17165,2906b810c7d4411798c6938adc9daaa5,discount,2,2.0,8.314167058212844,6.801759845384261,6.314167058212844
55340,5a7136999fa240838c28e52359f6533d,fafdcd668e3743c1bb461111dcafc2a4,discount,2,2.0,8.30791158088252,6.2519486324465525,6.30791158088252
73320,c3321bc76743445c9103eef0ce9d833b,2906b810c7d4411798c6938adc9daaa5,discount,2,2.0,8.289750835983574,6.708228802361834,6.289750835983574
56853,791ffe6d3dc848d2b233129a8096f7ab,fafdcd668e3743c1bb461111dcafc2a4,discount,2,2.0,8.288751926090116,5.931426984270011,6.288751926090116
74031,d1dacf8fe14742f281ce02c4a30c01ab,2906b810c7d4411798c6938adc9daaa5,discount,2,2.0,8.287364114229444,6.01412625682584,6.287364114229444
54341,45d635a8e75f4bc89c7d81fbb676dc97,2906b810c7d4411798c6938adc9daaa5,discount,2,2.0,8.28312952939832,9.691780743233254,6.28312952939832
66436,3b21d61216c04080aa01aa46c2c076ac,fafdcd668e3743c1bb461111dcafc2a4,discount,2,2.0,8.278007227812882,9.094048318489202,6.278007227812882
59221,a77148314c374f5b9ca103d20d4a7c0f,fafdcd668e3743c1bb461111dcafc2a4,discount,2,2.0,8.276020605041056,5.693336992640987,6.276020605041056
52193,1cc6f40d610e4b66a697f932b0993c1e,fafdcd668e3743c1bb461111dcafc2a4,discount,2,2.0,8.246791589985913,6.065314728342399,6.2467915899859126
56859,793a0463fc47489fa20bc46178315d66,2906b810c7d4411798c6938adc9daaa5,discount,2,2.0,8.237876610326836,9.002314122936948,6.237876610326836
68804,69db4ab5361045ce8cccdfbdd2cb5121,fafdcd668e3743c1bb461111dcafc2a4,discount,2,2.0,8.235983491013801,6.38022271533603,6.235983491013801
68870,6b49e02272f84e3fa02207f58a1b1aa9,fafdcd668e3743c1bb461111dcafc2a4,discount,2,2.0,8.227166359061405,8.667534326105429,6.227166359061405
60017,b77a7ad3e61243908235f4427c79bf34,fafdcd668e3743c1bb461111dcafc2a4,discount,2,2.0,8.227166359061405,8.250312361198095,6.227166359061405
55761,6317f18c59d54a429d8d2dc2998bd394,fafdcd668e3743c1bb461111dcafc2a4,discount,2,2.0,8.227166359061405,8.305666867344595,6.227166359061405
68424,62811a87189d467b81a809a886742e85,fafdcd668e3743c1bb461111dcafc2a4,discount,2,2.0,8.213466899539174,7.867932890207086,6.213466899539174
52823,2a01c11fdcc441bcbdc842c35adccb2f,2906b810c7d4411798c6938adc9daaa5,discount,2,2.0,8.191669068278891,8.72804697168943,6.191669068278891
67229,4a8ee6675cbf4929833a61b6f0e5c539,fafdcd668e3743c1bb461111dcafc2a4,discount,2,2.0,8.175890713366321,5.420559599997327,6.1758907133663214
65059,202e4e3daea448269c22f900b6328edf,2906b810c7d4411798c6938adc9daaa5,discount,2,2.0,8.17543377938634,5.364898561620544,6.17543377938634
54369,464fcd7b30524d6d9e94c6cabcd106e1,fafdcd668e3743c1bb461111dcafc2a4,discount,2,2.0,8.168756253784197,5.697278150887213,6.168756253784197
51806,14379f3522ed480098b880f2ed071058,2906b810c7d4411798c6938adc9daaa5,discount,2,2.0,8.166674625585028,3.3519933655583305,6.166674625585028
64058,0ac4cc504d9047d3aac00d5c8417f784,2906b810c7d4411798c6938adc9daaa5,discount,2,2.0,8.162213108459637,6.2440520152435735,6.162213108459637
69466,774527ea5eb640e89704e3a350966558,2906b810c7d4411798c6938adc9daaa5,discount,2,2.0,8.156352231967015,6.233847037959395,6.1563522319670145
68269,5f0dbe20f801408480b7e9f086ba09c3,fafdcd668e3743c1bb461111dcafc2a4,discount,2,2.0,8.142145526796995,5.770139768666846,6.142145526796995
73852,ce5e7e527e4b4ee09d4c6af1f7e561b0,fafdcd668e3743c1bb461111dcafc2a4,discount,2,2.0,8.138610927479796,6.064266902879471,6.138610927479796
61356,d30132abc2594b14a092956b131db712,fafdcd668e3743c1bb461111dcafc2a4,discount,2,2.0,8.137681887060973,5.168531127966224,6.137681887060973
59026,a38973ef33214677b210694dbcc2392f,fafdcd668e3743c1bb461111dcafc2a4,discount,2,2.0,8.136745035015148,7.781569283980371,6.136745035015148
58906,a12fba072dae4e3aae2e1b4b92b92aa1,fafdcd668e3743c1bb461111dcafc2a4,discount,2,2.0,8.129546485600885,7.345886236252991,6.129546485600885
70563,8c9500af93b24a80bf3296c9514ae5ce,fafdcd668e3743c1bb461111dcafc2a4,discount,2,2.0,8.12946921640322,6.637638235735251,6.129469216403219
57673,889d81fe350643e280f90c0faff01118,2906b810c7d4411798c6938adc9daaa5,discount,2,2.0,8.127416583724603,5.855351301754732,6.127416583724603
70650,8e508511652c446a9debf0c20f5f5163,2906b810c7d4411798c6938adc9daaa5,discount,2,2.0,8.118474258829156,5.977789407788519,6.118474258829156
52491,23264960b6724afeaf89b61af7b0662d,fafdcd668e3743c1bb461111dcafc2a4,discount,2,2.0,8.108668912456153,6.219283461972058,6.108668912456153
54361,46298e83bf0148a2ab87021c9e1e42cf,fafdcd668e3743c1bb461111dcafc2a4,discount,2,2.0,8.106404939871101,6.612022867193964,6.106404939871101
73998,d14673707a6a4f329ee68f9b6cc5bc2a,fafdcd668e3743c1bb461111dcafc2a4,discount,2,2.0,8.094262759129712,6.469925654250208,6.0942627591297125
60761,c731b9d601194a16b2d1de4f2dafc8dc,2906b810c7d4411798c6938adc9daaa5,discount,2,2.0,8.09279111286398,6.425470967334428,6.09279111286398
58883,a0aa9007b7554e6583dfc3114fb3ea13,fafdcd668e3743c1bb461111dcafc2a4,discount,2,2.0,8.083699130626869,3.914515577773974,6.083699130626869
68265,5eedd919fe494103b0aad8a02e89ca7c,2906b810c7d4411798c6938adc9daaa5,discount,2,2.0,8.069362600687981,6.563587208976369,6.069362600687981
59173,a62b73003f084ae4ae59c4b0e617f647,2906b810c7d4411798c6938adc9daaa5,discount,2,2.0,8.063134174529216,7.802598727136681,6.063134174529216
67012,462bee4de62b4c5bad10ae72d93616ec,fafdcd668e3743c1bb461111dcafc2a4,discount,2,2.0,8.057048292879998,5.277118846075428,6.057048292879998
61820,dce784e26f294101999d000fad9089bb,fafdcd668e3743c1bb461111dcafc2a4,discount,2,2.0,8.050103089280087,9.203273365055718,6.050103089280087
64984,1e8afbff73494145a26f9b5475dfc9f6,2906b810c7d4411798c6938adc9daaa5,discount,2,2.0,8.045039016163981,8.302893580033398,6.045039016163981
52703,27586221a0a5482b960ac41506d2c316,2906b810c7d4411798c6938adc9daaa5,discount,2,2.0,8.033549292773102,6.954971345908183,6.0335492927731025
68032,5a7136999fa240838c28e52359f6533d,fafdcd668e3743c1bb461111dcafc2a4,discount,2,2.0,8.026748312569628,6.246222571767312,6.026748312569628
65289,2520c1ca400d43f4bf52ed6f482a6a75,fafdcd668e3743c1bb461111dcafc2a4,discount,2,2.0,8.019144615247177,6.723955973602223,6.019144615247177
56715,761e483441e942d6ad4a8c84a79605ce,fafdcd668e3743c1bb461111dcafc2a4,discount,2,2.0,8.01883319952185,6.148545143954799,6.0188331995218505
59647,afbd0cb9440b45d696ae1fd2874de803,fafdcd668e3743c1bb461111dcafc2a4,discount,2,2.0,8.016883612129893,6.449997532326968,6.016883612129893
69770,7d2f82de830043ceb3791cdd78bc2a31,fafdcd668e3743c1bb461111dcafc2a4,discount,2,2.0,8.013990775657977,5.75803799176661,6.013990775657977
65014,1f3375bf55ad4d6d9fe17395db638f98,2906b810c7d4411798c6938adc9daaa5,discount,2,2.0,8.013039901925431,6.988656979869448,6.013039901925431
71819,a47ee0a952974c269798b179e40070b7,fafdcd668e3743c1bb461111dcafc2a4,discount,2,2.0,8.012131366221503,6.975391154552872,6.012131366221503
59456,abfb871cab3b4fb4a0e7be1ed5a2ac35,fafdcd668e3743c1bb461111dcafc2a4,discount,2,2.0,7.99881961013403,6.265644792418362,5.99881961013403
56677,7571804b4d544975a9450893feea891f,2906b810c7d4411798c6938adc9daaa5,discount,2,2.0,7.988878687498076,6.017613328840843,5.988878687498076
68292,5fc5ab86de364cdb87da02f0b2489143,fafdcd668e3743c1bb461111dcafc2a4,discount,2,2.0,7.986085191042953,4.018079071209145,5.986085191042953
52222,1d5ed98fe8004fe685b0d4e8d2626e7c,2906b810c7d4411798c6938adc9daaa5,discount,2,2.0,7.976839331047874,6.075512791161419,5.976839331047874
64013,0a197ecc873f4c04998372999e80ce79,fafdcd668e3743c1bb461111dcafc2a4,discount,2,2.0,7.975598106855495,6.031059116435069,5.975598106855495
64582,1593d617fac246ef8e50dbb0ffd77f5f,fafdcd668e3743c1bb461111dcafc2a4,discount,2,2.0,7.974240877891999,5.577078668827348,5.974240877891999
52200,1cf4f9506adb416c8d5baf81349fe4bc,fafdcd668e3743c1bb461111dcafc2a4,discount,2,2.0,7.973881862080695,6.095503699412657,5.973881862080695
62146,e37a0ba3db6544caad344622b4f82670,fafdcd668e3743c1bb461111dcafc2a4,discount,2,2.0,7.967011340937313,6.041012280347768,5.967011340937313
71667,a19ede978c814ac28267c51c93c1cd2c,fafdcd668e3743c1bb461111dcafc2a4,discount,2,2.0,7.9628475628759805,8.62444021749776,5.9628475628759805
55957,66cc4672d6b6417aadd7ce75c6ce7b63,2906b810c7d4411798c6938adc9daaa5,discount,2,2.0,7.956117376979746,8.273327363096923,5.956117376979746
63012,f59d49c6652547c18b1c18f0271bc604,fafdcd668e3743c1bb461111dcafc2a4,discount,2,2.0,7.952619424292168,5.778843452873053,5.952619424292168
57516,85da22ce7b74421090ebe459efef9958,fafdcd668e3743c1bb461111dcafc2a4,discount,2,2.0,7.939453635929999,5.661135146982158,5.939453635929999
74073,d292838e3114439982e3eeaf649cfe16,2906b810c7d4411798c6938adc9daaa5,discount,2,2.0,7.938542467305869,6.041549094349792,5.938542467305869
69256,72f7f399be0e4ea9898fd761b1d0780c,2906b810c7d4411798c6938adc9daaa5,discount,2,2.0,7.936275935066881,6.084378799938833,5.936275935066881
60560,c259c5ceb06440219fa381a1fbf4c337,2906b810c7d4411798c6938adc9daaa5,discount,2,2.0,7.931944013162745,6.73181576649514,5.931944013162745
51868,1593d617fac246ef8e50dbb0ffd77f5f,2906b810c7d4411798c6938adc9daaa5,discount,2,2.0,7.926900882192861,6.011797214908805,5.926900882192861
52187,1c963da68f7c42ab92d35c1f04e03181,fafdcd668e3743c1bb461111dcafc2a4,discount,2,2.0,7.92115242774894,6.517685744525608,5.92115242774894
64435,129a51fbc04449c08c5ed69cac7d82a7,2906b810c7d4411798c6938adc9daaa5,discount,2,2.0,7.917594484680578,6.3614801574893,5.917594484680578
61731,db497e6b889245068664ca614733fca5,2906b810c7d4411798c6938adc9daaa5,discount,2,2.0,7.916556863127869,6.516606213695146,5.916556863127869
72906,ba22b168c2154a199542dd671ae74bf7,fafdcd668e3743c1bb461111dcafc2a4,discount,2,2.0,7.898933051471141,7.688202772904614,5.898933051471141
75321,ec290c4f5c204a4c85f256ee190bd583,fafdcd668e3743c1bb461111dcafc2a4,discount,2,2.0,7.895486116736619,5.224723942517322,5.895486116736619
66108,354463459f134bd3874bd62d9b1f3625,fafdcd668e3743c1bb461111dcafc2a4,discount,2,2.0,7.895274014651836,8.96681349896739,5.895274014651836
64615,166a75c9081b47c29dd292f227da93c4,fafdcd668e3743c1bb461111dcafc2a4,discount,2,2.0,7.890520140563339,5.0358656963902,5.890520140563339
60662,c4cdf0fdcf6a4350a84e8cc15027cf9f,2906b810c7d4411798c6938adc9daaa5,discount,2,2.0,7.883122249548039,5.668706699566831,5.883122249548039
67611,5205c76a56b248a1ac86ed72090a29a0,fafdcd668e3743c1bb461111dcafc2a4,discount,2,2.0,7.866093647425892,7.726214777833876,5.866093647425892
51414,0c48cec9c44b4b47923a70dcb0641662,2906b810c7d4411798c6938adc9daaa5,discount,2,2.0,7.865124810833722,6.360867602815846,5.865124810833722
66201,371d6b3a983547709252bbbcbedda147,2906b810c7d4411798c6938adc9daaa5,discount,2,2.0,7.861368730374304,6.616500236027219,5.861368730374304
52635,25b16f192a9c418cbc29c814abd62062,2906b810c7d4411798c6938adc9daaa5,discount,2,2.0,7.861195305335968,5.602221026919754,5.861195305335968
52959,2c676585ebb244a08805a15db998c37d,2906b810c7d4411798c6938adc9daaa5,discount,2,2.0,7.861076325281001,8.201622918499634,5.861076325281001
67127,48609f44985a47159c17a4d7c82f5a39,2906b810c7d4411798c6938adc9daaa5,discount,2,2.0,7.847208905768538,5.473530655760412,5.847208905768538
71351,9bc4b2ca147b42d08a4c2c55a16c2604,2906b810c7d4411798c6938adc9daaa5,discount,2,2.0,7.845706953639529,5.045735740597568,5.845706953639529
56698,75e2d1dcb1bf44499951000cfd50a88d,2906b810c7d4411798c6938adc9daaa5,discount,2,2.0,7.837997636329881,9.992820406971193,5.837997636329881
56272,6ce15c0fb9e84fe68e53cbbb98d2f049,2906b810c7d4411798c6938adc9daaa5,discount,2,2.0,7.83393304783212,6.203847961607233,5.83393304783212
65160,2297b19f7fdb4ca3bcb1cbf74209b77b,fafdcd668e3743c1bb461111dcafc2a4,discount,2,2.0,7.830448579482587,5.48910957097687,5.830448579482587
63504,ffeaa02452ef451082a0361c3ca62ef5,2906b810c7d4411798c6938adc9daaa5,discount,2,2.0,7.8285421308209315,7.065946704677874,5.8285421308209315
66185,36e18fa7d9f64956bc84770a085243e3,2906b810c7d4411798c6938adc9daaa5,discount,2,2.0,7.826119227021051,6.137691846800268,5.826119227021051
55542,5e8d0ba2daa149a2a6e40495e03ea0c7,fafdcd668e3743c1bb461111dcafc2a4,discount,2,2.0,7.821132122316273,6.213096978275274,5.821132122316273
76029,fae649ff726b4af68d0805de45181fb3,fafdcd668e3743c1bb461111dcafc2a4,discount,2,2.0,7.819345960172004,3.7451325181058994,5.819345960172004
60952,cb55460bf6ac4dc8b4c48623f061544c,2906b810c7d4411798c6938adc9daaa5,discount,2,2.0,7.818556662256971,4.078956481386885,5.818556662256971
65451,28de174a5c854dd1be3187dc6edae45b,fafdcd668e3743c1bb461111dcafc2a4,discount,2,2.0,7.804986055828685,5.4045548086766,5.804986055828685
54560,4a240ee8ef664c6eb589494f8f25379e,fafdcd668e3743c1bb461111dcafc2a4,discount,2,2.0,7.802281663015075,6.902514783264717,5.802281663015075
69784,7d76c5a597f7490e84f915a1f8984786,fafdcd668e3743c1bb461111dcafc2a4,discount,2,2.0,7.798982592776198,6.551358265953775,5.798982592776198
54627,4bac622e595b441cab3875bc868c28f7,2906b810c7d4411798c6938adc9daaa5,discount,2,2.0,7.789030639195628,7.933276980722132,5.789030639195628
61474,d591f9979ae641a6ba3f12c3b2036a9b,2906b810c7d4411798c6938adc9daaa5,discount,2,2.0,7.782407050468022,5.982728258157074,5.782407050468022
66039,33b72f542d964a07b287e69d33eb380f,2906b810c7d4411798c6938adc9daaa5,discount,2,2.0,7.780815675606998,6.195347740692217,5.780815675606998
52313,1f5e62e325d047f4833d1b7aed437f31,2906b810c7d4411798c6938adc9daaa5,discount,2,2.0,7.775213298520708,7.313926308931418,5.775213298520708
69015,6e0dc8e3541a4673bbea288b933f4c2b,2906b810c7d4411798c6938adc9daaa5,discount,2,2.0,7.772262052394293,8.688834341921321,5.772262052394293
74986,e5577291ea424ed2b73957bdbfd295ab,2906b810c7d4411798c6938adc9daaa5,discount,2,2.0,7.7721428156452514,9.78500641978582,5.7721428156452514
68027,5a5b3673afd1461a947a4b5deaaefd1c,2906b810c7d4411798c6938adc9daaa5,discount,2,2.0,7.77015811809069,7.813087500028283,5.77015811809069
70051,82ddc1fd11034218843be79a8598816f,2906b810c7d4411798c6938adc9daaa5,discount,2,2.0,7.758724745592941,7.606258540964475,5.758724745592941
73747,cc71b85ec36d43dfabafede2e142fc9e,fafdcd668e3743c1bb461111dcafc2a4,discount,2,2.0,7.755014136544409,5.02013977780716,5.755014136544409
65888,30d1da64d80a40d5ab3fc81611f367f7,2906b810c7d4411798c6938adc9daaa5,discount,2,2.0,7.749423692904729,7.660535124365444,5.749423692904729
52620,2572edba34644161b70d0d0f0a4f08f8,2906b810c7d4411798c6938adc9daaa5,discount,2,2.0,7.731448098484005,6.298273477256135,5.731448098484005
68854,6afe3125e05245c3afbac4f9a9d8e29c,fafdcd668e3743c1bb461111dcafc2a4,discount,2,2.0,7.724218909367732,6.826461247187957,5.724218909367732
67149,48c41e01e161412a873fd288621850c1,fafdcd668e3743c1bb461111dcafc2a4,discount,2,2.0,7.7147061400891825,5.943132932829689,5.7147061400891825
64730,18eddb1a60504a63ba4d200fab4cb36b,fafdcd668e3743c1bb461111dcafc2a4,discount,2,2.0,7.7100758541849235,5.685484672747567,5.7100758541849235
69421,7662f341972d48bfbdb8f63e66988630,fafdcd668e3743c1bb461111dcafc2a4,discount,2,2.0,7.704376659044286,6.3374459550954185,5.704376659044286
52682,26d5c5a4bd894eddbcac85fa88c7e0d8,2906b810c7d4411798c6938adc9daaa5,discount,2,2.0,7.703965995103584,7.211711472179063,5.703965995103584
71290,9aad7d4556ac493a8d09b0bf3d7c88f2,2906b810c7d4411798c6938adc9daaa5,discount,2,2.0,7.699487049725219,5.884378408803503,5.699487049725219
70551,8c6dfe8ef4b6471f9e705f75c43dfcad,fafdcd668e3743c1bb461111dcafc2a4,discount,2,2.0,7.697857702292662,6.3423327800699365,5.697857702292662
68280,5f5e8bfb91a048978d583d9312afa7ba,fafdcd668e3743c1bb461111dcafc2a4,discount,2,2.0,7.688834262868497,5.882499452797241,5.688834262868497
66234,37b5159d686c4e55bfabcaf5e602e79e,fafdcd668e3743c1bb461111dcafc2a4,discount,2,2.0,7.685851767025932,5.369530300691931,5.685851767025932
60039,b7e216b6472b46648272c29a52a86702,fafdcd668e3743c1bb461111dcafc2a4,discount,2,2.0,7.682939343136255,5.476025141597944,5.682939343136255
69562,796cc7c1e8534e78bdff45f9e11494d6,fafdcd668e3743c1bb461111dcafc2a4,discount,2,2.0,7.675691953200806,4.859570341201151,5.675691953200806
62580,ecbf6ad5e59a484a8cb3296129d3beda,fafdcd668e3743c1bb461111dcafc2a4,discount,2,2.0,7.670889522011258,6.977678311779979,5.670889522011258
72000,a86a6c3923a5435486301ed5033ee4dd,2906b810c7d4411798c6938adc9daaa5,discount,2,2.0,7.667937396742912,6.518720992957618,5.667937396742912
73170,bfea1616533f4ca0971407dc5a63b7c7,fafdcd668e3743c1bb461111dcafc2a4,discount,2,2.0,7.665010497464536,4.276925243149602,5.665010497464536
56804,77e305a254014a9a9f03a9f61c80ff03,fafdcd668e3743c1bb461111dcafc2a4,discount,2,2.0,7.661029285842689,4.786326832903843,5.661029285842689
52508,23670c58129045a19d02cff135cd48ba,fafdcd668e3743c1bb461111dcafc2a4,discount,2,2.0,7.657171201952824,5.648605542861139,5.657171201952824
57025,7c0744d096494b7f9f7277a2cf04272a,2906b810c7d4411798c6938adc9daaa5,discount,2,2.0,7.643952395275162,7.658828122619877,5.643952395275162
50971,035d5aa3c23a4059ae663b4c07aa26ce,fafdcd668e3743c1bb461111dcafc2a4,discount,2,2.0,7.637483815103838,6.116856088716348,5.637483815103838
58325,95ef73ccde5740e5ba055c9ff322ae68,fafdcd668e3743c1bb461111dcafc2a4,discount,2,2.0,7.6292742036,7.191982717762112,5.6292742036
54101,40fd005893554e0085a00baa8649d841,2906b810c7d4411798c6938adc9daaa5,discount,2,2.0,7.620112031021678,8.967646837359768,5.620112031021678
72652,b50fd78643e1452386190ae9c8366b56,2906b810c7d4411798c6938adc9daaa5,discount,2,2.0,7.609276197192175,5.977221967738766,5.609276197192175
54331,459b0d3c1d6f4cc49b71dde16206585c,2906b810c7d4411798c6938adc9daaa5,discount,2,2.0,7.605215622645019,6.101236862608021,5.605215622645019
70284,872683bcd7534cebbed03becb39014d9,fafdcd668e3743c1bb461111dcafc2a4,discount,2,2.0,7.603088114090516,6.326394362767225,5.603088114090516
57294,819cb059e86f4a8a92beca0fd172d36c,2906b810c7d4411798c6938adc9daaa5,discount,2,2.0,7.60225189647981,6.348035760752429,5.60225189647981
52035,19626bf0c0ab416492d1ac3af4d7e06a,fafdcd668e3743c1bb461111dcafc2a4,discount,2,2.0,7.6018304344173,4.4440315667264105,5.6018304344173
67559,50fb5c0c6b1b4f43bd5f4a818dddb513,fafdcd668e3743c1bb461111dcafc2a4,discount,2,2.0,7.6013184988997775,6.151725637818787,5.6013184988997775
59394,aafbcae6db284247b616a2c8951fdc4c,fafdcd668e3743c1bb461111dcafc2a4,discount,2,2.0,7.599449558701773,6.917021472434561,5.599449558701773
63555,00fdd4416dec40b49180814c0a7c8d76,fafdcd668e3743c1bb461111dcafc2a4,discount,2,2.0,7.5959122738796605,6.836396111629638,5.5959122738796605
65194,233135b25fbe42b6afc24081d9caf06a,fafdcd668e3743c1bb461111dcafc2a4,discount,2,2.0,7.59294290408093,6.5855920920233935,5.59294290408093
59724,b13e032db2984d0a9e77e55cfa430205,fafdcd668e3743c1bb461111dcafc2a4,discount,2,2.0,7.591945876190483,4.73952146840486,5.591945876190483
70503,8b7f0794dd894757bb6ca592bd3fce39,fafdcd668e3743c1bb461111dcafc2a4,discount,2,2.0,7.585889214323016,6.097696003744673,5.585889214323016
54829,4fbbbb71a0c241278de01e4e12859f7e,2906b810c7d4411798c6938adc9daaa5,discount,2,2.0,7.583459326639403,5.435782951277627,5.583459326639403
73929,d00057f58e4e41bca6afbc9337b3f8a8,2906b810c7d4411798c6938adc9daaa5,discount,2,2.0,7.569962500208467,9.61638091646408,5.569962500208467
50864,015c3d28c67e46aa95e9ec97c27220e8,2906b810c7d4411798c6938adc9daaa5,discount,2,2.0,7.567552454871663,6.516606213695146,5.567552454871663
76231,ff2113310abe4c6687569bdd8f028fe3,fafdcd668e3743c1bb461111dcafc2a4,discount,2,2.0,7.565387309566908,7.215794631483526,5.565387309566908
64363,10df92b3876142e8a6745c86276057e7,2906b810c7d4411798c6938adc9daaa5,discount,2,2.0,7.543458014098469,6.323320164002125,5.543458014098469
57743,8a504d8980764110bd0a6ce89213e097,2906b810c7d4411798c6938adc9daaa5,discount,2,2.0,7.542450030031306,6.543225891455863,5.542450030031306
54092,40bc3cf593394618b90f6d79e198867a,fafdcd668e3743c1bb461111dcafc2a4,discount,2,2.0,7.5408003872063825,7.428005807459291,5.5408003872063825
57570,86c04f5536bb458b9194374bad66d22c,fafdcd668e3743c1bb461111dcafc2a4,discount,2,2.0,7.540413151398342,5.963465350171564,5.540413151398342
61887,de8e51239af349da8412afe26b471f93,2906b810c7d4411798c6938adc9daaa5,discount,2,2.0,7.537266508876103,8.659259068725754,5.537266508876103
62605,ed805e591d6e4ccba7c80721b6f6d8d4,2906b810c7d4411798c6938adc9daaa5,discount,2,2.0,7.537102501899396,7.027377621073992,5.537102501899396
67499,4fda52477b9c4371b1383c21047e46ab,2906b810c7d4411798c6938adc9daaa5,discount,2,2.0,7.536711609129648,9.244364607344934,5.536711609129648
71911,a62b73003f084ae4ae59c4b0e617f647,fafdcd668e3743c1bb461111dcafc2a4,discount,2,2.0,7.535932349230434,7.508196399301218,5.535932349230434
53226,30b6bdaf06b84019b0ef65c69fa5b478,fafdcd668e3743c1bb461111dcafc2a4,discount,2,2.0,7.530410589621765,5.485534995364674,5.530410589621765
67787,55540073b2be424a9729852465b1b8df,fafdcd668e3743c1bb461111dcafc2a4,discount,2,2.0,7.528828857132595,5.714391901376386,5.528828857132595
63324,fc3d0f06f8f04765b9f8e148bac39c0e,2906b810c7d4411798c6938adc9daaa5,discount,2,2.0,7.524932118839578,6.149455367344801,5.524932118839578
58027,8f90fb8f93304318b7b0dc8621673c71,2906b810c7d4411798c6938adc9daaa5,discount,2,2.0,7.523754575367203,6.080400748521063,5.523754575367203
50855,0121fe001b7a404fa9cbe486f8944baf,fafdcd668e3743c1bb461111dcafc2a4,discount,2,2.0,7.519119469039779,9.232554641732088,5.519119469039779
68140,5c8f38fcda98451e9d6d3f8df0598846,2906b810c7d4411798c6938adc9daaa5,discount,2,2.0,7.518288537798949,6.547895298925992,5.518288537798949
56926,7a5f624f754d4fceb346887164425f1d,2906b810c7d4411798c6938adc9daaa5,discount,2,2.0,7.513706290105999,4.635553698278511,5.513706290105999
72392,afbd0cb9440b45d696ae1fd2874de803,2906b810c7d4411798c6938adc9daaa5,discount,2,2.0,7.50833221028771,7.131260587639563,5.50833221028771
75490,f017b77d373f480299a8035d844286ff,fafdcd668e3743c1bb461111dcafc2a4,discount,2,2.0,7.50581576608087,5.793877818914861,5.50581576608087
70556,8c7d4817ae3a4f2f8fa57c533921f02e,2906b810c7d4411798c6938adc9daaa5,discount,2,2.0,7.50389403357573,6.350378963740637,5.50389403357573
59179,a64b341b013f409e80f06cbdbd786bb5,fafdcd668e3743c1bb461111dcafc2a4,discount,2,2.0,7.500305273320773,8.653708186119388,5.500305273320773
65530,2a978956672a456480361cd568298185,2906b810c7d4411798c6938adc9daaa5,discount,2,2.0,7.497934303331677,8.226362616763605,5.497934303331677
61183,cfc2c56dd3ec4ce8be3b41a91ac8a967,fafdcd668e3743c1bb461111dcafc2a4,discount,2,2.0,7.495437093609926,4.8893576815708375,5.495437093609926
63751,04e0842b079c4113a759aa6e09ea17ed,2906b810c7d4411798c6938adc9daaa5,discount,2,2.0,7.492357337728022,6.235658951744256,5.492357337728022
73833,ce00548e34ef41ec93e4fbbe6a05d05c,2906b810c7d4411798c6938adc9daaa5,discount,2,2.0,7.48987869210054,5.996615100093106,5.48987869210054
73584,c8c44530553d43e4aae1edf97153cf38,2906b810c7d4411798c6938adc9daaa5,discount,2,2.0,7.484942785960811,5.971083562244756,5.484942785960811
56995,7b8d950572954f79b8f47809099c77e9,2906b810c7d4411798c6938adc9daaa5,discount,2,2.0,7.476479886177898,8.03612362400437,5.476479886177898
54151,41f80ce7d1034e3d8ca1d2768f7b3e09,2906b810c7d4411798c6938adc9daaa5,discount,2,2.0,7.473983724856652,7.151933681333574,5.473983724856652
73825,cdcd2bb0ad7342dda3bf041d60ebf8d8,fafdcd668e3743c1bb461111dcafc2a4,discount,2,2.0,7.469429279140924,5.373116005511811,5.469429279140924
56738,767cbf2cf50f462782d60d411f6c4e4c,fafdcd668e3743c1bb461111dcafc2a4,discount,2,2.0,7.459004123536577,5.269125749982624,5.459004123536577
72848,b93ac0e7c56a4bb8a4b379cc21befcba,fafdcd668e3743c1bb461111dcafc2a4,discount,2,2.0,7.453233926537749,5.836401702413696,5.453233926537749
52803,2980c5c014da4c8eaab2e80092278eda,fafdcd668e3743c1bb461111dcafc2a4,discount,2,2.0,7.450073229637747,6.897701569179562,5.450073229637747
61934,df3abdb6b90840eeaed0934c453d6dc5,2906b810c7d4411798c6938adc9daaa5,discount,2,2.0,7.449688627226742,6.165736033286679,5.449688627226742
60303,bcfbadce76f34099a68a10adc7f86c3b,2906b810c7d4411798c6938adc9daaa5,discount,2,2.0,7.443366856276647,5.887958344047981,5.443366856276647
74648,decf7bb9b61c46b59763362e36b046c3,2906b810c7d4411798c6938adc9daaa5,discount,2,2.0,7.441037032598667,6.242762892888612,5.441037032598667
73295,c2ad626e0bd7413299e7a7b8f10e121f,2906b810c7d4411798c6938adc9daaa5,discount,2,2.0,7.440304998788605,7.708939267710107,5.440304998788605
55276,593c3cd7ab1e4a10a6f9279544da7df3,2906b810c7d4411798c6938adc9daaa5,discount,2,2.0,7.437542646300997,5.748975075769316,5.437542646300997
63463,ff1e4421836a43138e7a66b0f5f61879,fafdcd668e3743c1bb461111dcafc2a4,discount,2,2.0,7.434757752029837,5.609966169879376,5.434757752029837
52768,28d4c05648fc455c9797496f3bdf8105,2906b810c7d4411798c6938adc9daaa5,discount,2,2.0,7.421328770004578,6.080400748521059,5.421328770004578
55463,5cde3ff726b7416888212a7547a13d5a,fafdcd668e3743c1bb461111dcafc2a4,discount,2,2.0,7.414819455983743,5.545979283508503,5.414819455983743
72834,b8eb6d3dd3954878b567517f65111919,2906b810c7d4411798c6938adc9daaa5,discount,2,2.0,7.411912494002177,4.867465242822037,5.411912494002177
50991,03b326a99f5345df8b4d21ed26bdb0da,fafdcd668e3743c1bb461111dcafc2a4,discount,2,2.0,7.411364449838103,6.05547149831197,5.411364449838103
54424,4767f009712f47e2a60cf75bd1de8175,2906b810c7d4411798c6938adc9daaa5,discount,2,2.0,7.410322167848044,7.271008566915571,5.410322167848044
74228,d61af4fe2054410e9de5825f01d27141,fafdcd668e3743c1bb461111dcafc2a4,discount,2,2.0,7.404204246829842,5.605842591558975,5.404204246829842
54464,4828935e6d8c449195b5cf5692ebba0d,fafdcd668e3743c1bb461111dcafc2a4,discount,2,2.0,7.403056086534162,4.883905861879899,5.403056086534162
51786,13cdf9272a05460aa0d30a22d6a8b432,2906b810c7d4411798c6938adc9daaa5,discount,2,2.0,7.396788992944728,8.711373541951867,5.396788992944728
71601,a089537e95d64a0b91f2aef52da63a1f,fafdcd668e3743c1bb461111dcafc2a4,discount,2,2.0,7.392504964320178,5.920637150125566,5.392504964320178
53057,2dd53b01b13044e59a9a44577a86ded9,2906b810c7d4411798c6938adc9daaa5,discount,2,2.0,7.391935498995563,6.847839200210906,5.391935498995563
65885,30bed78a8a3e4a5ca596a84c0e7da8a1,2906b810c7d4411798c6938adc9daaa5,discount,2,2.0,7.388750506918489,6.131965786121027,5.388750506918489
68815,6a34efdf439f4ef3bc13bf6b81d7ae3c,2906b810c7d4411798c6938adc9daaa5,discount,2,2.0,7.385112754358268,5.505390032050283,5.385112754358268
63888,079a60e8e7694ffb8d9a4ddf45e85897,fafdcd668e3743c1bb461111dcafc2a4,discount,2,2.0,7.383466687277579,4.839844068207642,5.383466687277579
71363,9bf2feb2b3ba4c439b040a257b71edb1,2906b810c7d4411798c6938adc9daaa5,discount,2,2.0,7.374028492458557,6.5325528678440286,5.374028492458557
75903,f89e6073e064425fa74beae2e093dc48,2906b810c7d4411798c6938adc9daaa5,discount,2,2.0,7.359804397497285,7.755485718319358,5.359804397497285
73842,ce2819ef946145c2a1b2ac36458d5229,fafdcd668e3743c1bb461111dcafc2a4,discount,2,2.0,7.357541583385439,6.113809708827599,5.357541583385439
53522,36747348fbca4cdfb6532cbbb4179154,fafdcd668e3743c1bb461111dcafc2a4,discount,2,2.0,7.357219590222527,5.899976274307367,5.357219590222527
52706,277bbd0786eb43818805598ba5640253,2906b810c7d4411798c6938adc9daaa5,discount,2,2.0,7.3557046500965555,6.562595172122444,5.3557046500965555
51692,11eb0a3d24ed4032b2cc358b4508c85d,fafdcd668e3743c1bb461111dcafc2a4,discount,2,2.0,7.35007025736501,8.637799298517809,5.35007025736501
60673,c5221369ffc145edbf7252ff5a4b6ed1,2906b810c7d4411798c6938adc9daaa5,discount,2,2.0,7.345928867661026,7.1303930223974135,5.345928867661026
53423,348ebeefcf1d407fa9c00ff05255963b,fafdcd668e3743c1bb461111dcafc2a4,discount,2,2.0,7.34219500939969,5.954167422724542,5.34219500939969
72883,b9c4f8d5b6484ae99f7ce9ce8f2217d9,fafdcd668e3743c1bb461111dcafc2a4,discount,2,2.0,7.341123393264812,6.142683539585175,5.341123393264812
71965,a79f1cd982a74ae1ade9ee0dcd844f4f,2906b810c7d4411798c6938adc9daaa5,discount,2,2.0,7.329812955087764,5.6953417966671935,5.329812955087764
67655,52f2882d9d7b457f914589fcd20ed1b3,fafdcd668e3743c1bb461111dcafc2a4,discount,2,2.0,7.32689440124769,6.4650705820781145,5.32689440124769
73462,c67954e658564adc918c8d086f09082b,2906b810c7d4411798c6938adc9daaa5,discount,2,2.0,7.322934906467269,6.121667781479815,5.322934906467269
73254,c1e6f72a430044bd9ba700bd7266aba6,fafdcd668e3743c1bb461111dcafc2a4,discount,2,2.0,7.316649586007291,6.574769918939953,5.316649586007291
63860,06ed8e3c641e4e8e803f336e5b20ddd7,2906b810c7d4411798c6938adc9daaa5,discount,2,2.0,7.310833032596141,8.453243248556628,5.310833032596141
75743,f5505ccfce114bb19c6fc3de170c7639,fafdcd668e3743c1bb461111dcafc2a4,discount,2,2.0,7.309630604440279,5.718537740426251,5.309630604440279
74846,e281a984abd94368b10e9101fe038f6b,fafdcd668e3743c1bb461111dcafc2a4,discount,2,2.0,7.309118154306885,5.95057062375677,5.309118154306885
53658,39200c5f788949ea9293c4bdbfd89767,2906b810c7d4411798c6938adc9daaa5,discount,2,2.0,7.307921135003037,6.356649035686878,5.307921135003037
57916,8d501b5bda454c188e837579f8a1c50d,2906b810c7d4411798c6938adc9daaa5,discount,2,2.0,7.30610740057149,6.367073952163821,5.30610740057149
71417,9cfa8a152539446b8384a215eb7db2fe,2906b810c7d4411798c6938adc9daaa5,discount,2,2.0,7.302336434708657,6.655125981335765,5.302336434708657
73391,c4cdf0fdcf6a4350a84e8cc15027cf9f,fafdcd668e3743c1bb461111dcafc2a4,discount,2,2.0,7.3022457075468115,5.324990963760934,5.3022457075468115
66022,3347e6cc276f45d6b7a3b18e955f7bb9,fafdcd668e3743c1bb461111dcafc2a4,discount,2,2.0,7.302094733929284,5.306443324048647,5.302094733929284
54972,52c254913e884e67ab2c9112c606cef7,2906b810c7d4411798c6938adc9daaa5,discount,2,2.0,7.292097315004366,6.564767219840929,5.292097315004366
56669,7539eacefcfb4a3db7226fe0056e3f3f,2906b810c7d4411798c6938adc9daaa5,discount,2,2.0,7.291405012862777,7.661066028681687,5.291405012862777
72604,b41a5b2e5d714f63b23a99b6028fb1d8,2906b810c7d4411798c6938adc9daaa5,discount,2,2.0,7.2909619390598355,7.16781988240337,5.2909619390598355
72170,ab9b519a8d0f419fbba7915f086bc2dd,2906b810c7d4411798c6938adc9daaa5,discount,2,2.0,7.289403914753549,6.169471192682044,5.289403914753549
76156,fd77e2de07bc4c2bb93399f5d765198a,fafdcd668e3743c1bb461111dcafc2a4,discount,2,2.0,7.28668464703583,6.332458473566348,5.28668464703583
65292,25298fbc021146faad360b5e0a5f92d1,2906b810c7d4411798c6938adc9daaa5,discount,2,2.0,7.286632077418957,7.217527422359188,5.286632077418957
63581,017febbe52e64ac19cf28cf0d44386e4,2906b810c7d4411798c6938adc9daaa5,discount,2,2.0,7.286535008858546,7.096360969853871,5.286535008858546
70523,8bec0354cd574c96894f406c2f7d2174,2906b810c7d4411798c6938adc9daaa5,discount,2,2.0,7.286268811131597,5.608591814667477,5.286268811131597
68441,62d8f760122a4a9caed68677357ead15,fafdcd668e3743c1bb461111dcafc2a4,discount,2,2.0,7.28092955440763,5.364192084777569,5.28092955440763
71723,a2b6a87946dd43bfa72d5617f87ece3f,2906b810c7d4411798c6938adc9daaa5,discount,2,2.0,7.280249882332429,4.541416004288889,5.280249882332429
72809,b870216e369b408a899f98d9b3f6058f,fafdcd668e3743c1bb461111dcafc2a4,discount,2,2.0,7.28003326280183,4.909800879632471,5.28003326280183
53024,2d4d590ae66645c389c879f77f3e91b4,fafdcd668e3743c1bb461111dcafc2a4,discount,2,2.0,7.271018494724338,6.621262605509099,5.271018494724338
59868,b44607ee72914bc0adf33a2b9c8488c2,2906b810c7d4411798c6938adc9daaa5,discount,2,2.0,7.268800839778015,5.953289547058127,5.268800839778015
58801,9f24629e9e0e409a95c9b025fb3be69a,fafdcd668e3743c1bb461111dcafc2a4,discount,2,2.0,7.260899787258229,4.035682882758078,5.260899787258229
63650,02e6dd10b22c43fcb5a2dfc0038dac22,2906b810c7d4411798c6938adc9daaa5,discount,2,2.0,7.257404232033057,4.351960695043681,5.257404232033057
64613,1661d8802f16412b9bade2f1aea0e64e,2906b810c7d4411798c6938adc9daaa5,discount,2,2.0,7.253119436921144,5.752897124211241,5.253119436921144
52223,1d62a7b6d4fb4defb8ae6ddf300600e5,fafdcd668e3743c1bb461111dcafc2a4,discount,2,2.0,7.2530211508105396,5.754284125398844,5.2530211508105396
73555,c854f458625c405c87adec777d6cbbbe,2906b810c7d4411798c6938adc9daaa5,discount,2,2.0,7.251615797259628,7.856234291182274,5.251615797259628
57857,8c53859c06894872a09eb6ffbb3f8eee,2906b810c7d4411798c6938adc9daaa5,discount,2,2.0,7.24721880402036,5.911920965309996,5.24721880402036
72254,acefb2ff92184128bc97ed2709bb8369,fafdcd668e3743c1bb461111dcafc2a4,discount,2,2.0,7.246229231451958,5.713937081083449,5.246229231451958
63379,fd35b070e181463293ff9dbb0d66e307,fafdcd668e3743c1bb461111dcafc2a4,discount,2,2.0,7.236167261359045,5.6062423513120265,5.236167261359045
58619,9bc4b2ca147b42d08a4c2c55a16c2604,fafdcd668e3743c1bb461111dcafc2a4,discount,2,2.0,7.233166737732128,3.9490483351560233,5.233166737732128
74098,d3120674fcdd484eb43f38efb9605657,2906b810c7d4411798c6938adc9daaa5,discount,2,2.0,7.228796930165037,5.466808179196274,5.228796930165037
52915,2bbe19e5b04c487a859834b30845f4c8,fafdcd668e3743c1bb461111dcafc2a4,discount,2,2.0,7.226573619442963,7.105578184677988,5.226573619442963
53030,2d5b8dfaa968465b89949bc63fd0cf6b,2906b810c7d4411798c6938adc9daaa5,discount,2,2.0,7.223407168368229,6.837095802143603,5.223407168368229
53353,33197221621d45a586260daa593cde36,fafdcd668e3743c1bb461111dcafc2a4,discount,2,2.0,7.220589104012591,5.895760094333715,5.220589104012591
56359,6ea0220ab2be49dfabfeee118bbb78a1,fafdcd668e3743c1bb461111dcafc2a4,discount,2,2.0,7.219424596360442,5.656018795287922,5.219424596360442
51455,0d13a6068f4448799bd2faf79a6f2e95,fafdcd668e3743c1bb461111dcafc2a4,discount,2,2.0,7.219412279742075,6.040813150813898,5.219412279742075
52666,26829118683847c8ae5374b27a1e774d,2906b810c7d4411798c6938adc9daaa5,discount,2,2.0,7.217861019197913,3.891831367773849,5.217861019197913
74724,e056d7dd433f4caababedd137dc00007,2906b810c7d4411798c6938adc9daaa5,discount,2,2.0,7.216177673873581,7.103751808966138,5.216177673873581
68393,61dc3aeeb2264c6288b702608e50813f,2906b810c7d4411798c6938adc9daaa5,discount,2,2.0,7.205738595886983,5.144486837186404,5.205738595886983
70766,9096694eb31b4b9fb9c12fa9c626d028,2906b810c7d4411798c6938adc9daaa5,discount,2,2.0,7.197590365919261,4.706579519515184,5.197590365919261
56844,78e9be059fce46a1b610f74e0e812a4a,2906b810c7d4411798c6938adc9daaa5,discount,2,2.0,7.19145127200674,6.7263640441176165,5.19145127200674
63977,0973a73fb67147e09659b92bc511eb78,2906b810c7d4411798c6938adc9daaa5,discount,2,2.0,7.187084593660179,5.899661264965376,5.187084593660179
75362,ed462520a18c4f1d9337a11ef21c931c,fafdcd668e3743c1bb461111dcafc2a4,discount,2,2.0,7.184880319057498,5.535128967261059,5.184880319057498
67956,59071e549a544cb7a89b4ab5bc88b57e,2906b810c7d4411798c6938adc9daaa5,discount,2,2.0,7.181832084606677,6.365953343620269,5.181832084606677
63099,f7a4d1d7beea4c049bfc99e1932f340d,2906b810c7d4411798c6938adc9daaa5,discount,2,2.0,7.181615235687445,5.921153075299857,5.181615235687445
54469,4849391c6fd14d47adc33353fbde6d82,fafdcd668e3743c1bb461111dcafc2a4,discount,2,2.0,7.18126775064481,7.742250068451451,5.18126775064481
72734,b6d35c42216046cfb40d2154b8bfbe73,2906b810c7d4411798c6938adc9daaa5,discount,2,2.0,7.179990516762931,5.738799767192209,5.179990516762931
75514,f075c3147b8b442e85f713719a250b67,2906b810c7d4411798c6938adc9daaa5,discount,2,2.0,7.17702440570694,7.250868356993216,5.17702440570694
71884,a5b31e84a4ea461a86475f4034abe721,fafdcd668e3743c1bb461111dcafc2a4,discount,2,2.0,7.174282842322887,4.398366370392353,5.174282842322887
65907,312a522266084c29b1b92c1a35f6de82,fafdcd668e3743c1bb461111dcafc2a4,discount,2,2.0,7.165871107414576,5.509633894214895,5.165871107414576
57314,81f948e3a4134729ba5c0e15d221ce5d,2906b810c7d4411798c6938adc9daaa5,discount,2,2.0,7.161296114176077,5.6408979067317375,5.161296114176077
55400,5bbadf84eabe4fa3a7da35e3f44f8a2c,2906b810c7d4411798c6938adc9daaa5,discount,2,2.0,7.1573969134437885,6.941006396396162,5.1573969134437885
56876,7986640ceede4113872bcfa8c2bc69dc,2906b810c7d4411798c6938adc9daaa5,discount,2,2.0,7.152544020264022,4.95296540913831,5.152544020264022
56785,7784652beb5d4a26955c561b63f3099b,fafdcd668e3743c1bb461111dcafc2a4,discount,2,2.0,7.149404735317484,5.6917368448190775,5.149404735317484
51344,0abf09a9470a46c392425e988493ecef,2906b810c7d4411798c6938adc9daaa5,discount,2,2.0,7.149252901721063,5.613902638987371,5.149252901721063
68200,5d95b3dd0944488c8f9c0e045db65f74,fafdcd668e3743c1bb461111dcafc2a4,discount,2,2.0,7.149063723176518,7.269654432695127,5.149063723176518
73430,c5c2e3b743034d66ba0839b6f9540892,fafdcd668e3743c1bb461111dcafc2a4,discount,2,2.0,7.148812218968525,6.329689489150372,5.148812218968525
60642,c43b818111c64801ab07d0e3b9a01158,2906b810c7d4411798c6938adc9daaa5,discount,2,2.0,7.14827439016789,5.219595141081397,5.14827439016789
68338,60e0bbc13e8e49dcb6ce51f811a84b46,2906b810c7d4411798c6938adc9daaa5,discount,2,2.0,7.145831414711303,5.734193450838475,5.145831414711303
72460,b12e8e0f14ae4ad0b576f7c016e7e89b,2906b810c7d4411798c6938adc9daaa5,discount,2,2.0,7.144189128462056,7.281294382911302,5.144189128462056
71956,a77148314c374f5b9ca103d20d4a7c0f,2906b810c7d4411798c6938adc9daaa5,discount,2,2.0,7.142940185782685,6.15422593399415,5.142940185782685
51565,0f4a68826e204f45be2a1103dcc5b014,fafdcd668e3743c1bb461111dcafc2a4,discount,2,2.0,7.142517795626022,3.721686746876692,5.142517795626022
76244,ff7cb44e72db4112b270560686f97a23,2906b810c7d4411798c6938adc9daaa5,discount,2,2.0,7.126817651384252,5.197162255852298,5.126817651384252
59433,ab7e052ddbc040938db0e74a56d97b0f,2906b810c7d4411798c6938adc9daaa5,discount,2,2.0,7.122913752799537,7.427572999545193,5.122913752799537
61330,d272e201f4e64fdbb129337e4139d812,fafdcd668e3743c1bb461111dcafc2a4,discount,2,2.0,7.121947368696354,5.71355170011952,5.121947368696354
64256,0ebe2aec9774444a9be339aadbb817b4,2906b810c7d4411798c6938adc9daaa5,discount,2,2.0,7.117632358701526,8.063753698818765,5.117632358701526
72869,b991c17777804054bf73313153cb9476,2906b810c7d4411798c6938adc9daaa5,discount,2,2.0,7.116892772106757,6.33947813086632,5.116892772106757
55142,565001cd51f84213b39cc32402aa15a9,fafdcd668e3743c1bb461111dcafc2a4,discount,2,2.0,7.114226814723061,4.801931029190806,5.114226814723061
70823,91cec8d70c5a4c5aa04a0ee01653e5ad,fafdcd668e3743c1bb461111dcafc2a4,discount,2,2.0,7.1130885878860095,6.590667882657753,5.1130885878860095
66241,37c79e54b8184b8e973696453772ffd4,2906b810c7d4411798c6938adc9daaa5,discount,2,2.0,7.108654658932306,5.870782531069127,5.108654658932306
68516,6448a78512404a3baa0f2180d5e9b22f,2906b810c7d4411798c6938adc9daaa5,discount,2,2.0,7.096826159030565,6.900660189612799,5.096826159030565
68994,6da8765ed47745959fd67865d3799206,2906b810c7d4411798c6938adc9daaa5,discount,2,2.0,7.094276645843442,6.683466690514054,5.094276645843442
57106,7dacdd20bc9143ccb6c1a08391970d44,2906b810c7d4411798c6938adc9daaa5,discount,2,2.0,7.093648534242453,6.307611330862256,5.093648534242453
55459,5cccab62e4f3456f9824f1930e1da5dc,fafdcd668e3743c1bb461111dcafc2a4,discount,2,2.0,7.092965026801193,6.804959179178045,5.092965026801193
70165,84f92efc819047ec88e3544570c8da30,fafdcd668e3743c1bb461111dcafc2a4,discount,2,2.0,7.091445629141967,5.235313431322453,5.091445629141967
52621,257cdf8cf4ff419ba42b2baa13f5da17,2906b810c7d4411798c6938adc9daaa5,discount,2,2.0,7.091213013251171,7.174630068755628,5.091213013251171
54176,427b6f492f62468cb53ad6c040002b88,2906b810c7d4411798c6938adc9daaa5,discount,2,2.0,7.088868734635897,5.65556632656185,5.088868734635897
62730,f017b77d373f480299a8035d844286ff,fafdcd668e3743c1bb461111dcafc2a4,discount,2,2.0,7.086769224072897,5.881641518760599,5.086769224072897
65298,253928e13e194249af6f2ff4003498cb,fafdcd668e3743c1bb461111dcafc2a4,discount,2,2.0,7.083755372342262,6.165507948043761,5.083755372342262
60260,bc2aa51e67bc435e8e5c7a2eaf2c376c,fafdcd668e3743c1bb461111dcafc2a4,discount,2,2.0,7.083339427784409,6.181277815134028,5.083339427784409
54391,46b3c686bbbd4495940b4da488e10ed6,2906b810c7d4411798c6938adc9daaa5,discount,2,2.0,7.081465050445644,6.665462222140191,5.081465050445644
69363,7561a0a081e64e118bbc78818c890ab7,2906b810c7d4411798c6938adc9daaa5,discount,2,2.0,7.080932775543744,6.769998266709802,5.080932775543744
53293,31f4ecdde5b74471a33137bd0a926ec2,2906b810c7d4411798c6938adc9daaa5,discount,2,2.0,7.079396377537156,6.500611395754223,5.079396377537156
63910,0821c517c4544631b2f540933caeb98b,2906b810c7d4411798c6938adc9daaa5,discount,2,2.0,7.078855815575022,4.265766770889432,5.078855815575022
65121,21d6159dc3e749c698da8a6affb68412,fafdcd668e3743c1bb461111dcafc2a4,discount,2,2.0,7.0787300958725154,5.628486926983198,5.0787300958725154
56960,7afd804bab1a4408868bb5f493169e48,2906b810c7d4411798c6938adc9daaa5,discount,2,2.0,7.060419924160019,5.223263793349407,5.060419924160019
52967,2c85c30557bb4b61b27f5dac9a81c117,fafdcd668e3743c1bb461111dcafc2a4,discount,2,2.0,7.053137344282506,6.748971114979224,5.053137344282506
62667,eeb598ca6cc14ea483e1efb0ae419dd8,2906b810c7d4411798c6938adc9daaa5,discount,2,2.0,7.049205044129037,5.431113677799591,5.049205044129037
71040,96335586a1a645e8918f6810a1fc1375,fafdcd668e3743c1bb461111dcafc2a4,discount,2,2.0,7.046056225852254,5.116520174026039,5.046056225852254
59042,a3e60b93d1e74705aca726d383f090a8,fafdcd668e3743c1bb461111dcafc2a4,discount,2,2.0,7.036733704173912,5.777811039773198,5.036733704173912
64054,0abf09a9470a46c392425e988493ecef,2906b810c7d4411798c6938adc9daaa5,discount,2,2.0,7.034333604535192,5.346968120463513,5.034333604535192
67722,543ea0deb4dc4234ac6f5237eedffc9f,fafdcd668e3743c1bb461111dcafc2a4,discount,2,2.0,7.033014587412936,6.269774499864704,5.033014587412936
62195,e4b82a439eed4edea2cb01bff6e35634,fafdcd668e3743c1bb461111dcafc2a4,discount,2,2.0,7.023326371495539,8.392092818696096,5.023326371495539
71641,a12fba072dae4e3aae2e1b4b92b92aa1,2906b810c7d4411798c6938adc9daaa5,discount,2,2.0,7.022931029005404,7.876293549116109,5.022931029005404
64512,143c28deab3f41f1ae3aa9a6670877b0,fafdcd668e3743c1bb461111dcafc2a4,discount,2,2.0,7.016027429646984,6.100746787719144,5.016027429646984
67753,54bead4179c44b71acc4e8398181d183,2906b810c7d4411798c6938adc9daaa5,discount,2,2.0,7.013277126695266,5.638283461950902,5.013277126695266
64909,1ce8e5faa25f4daabdf8c43c1168cb17,2906b810c7d4411798c6938adc9daaa5,discount,2,2.0,7.011058304331682,3.94135247056341,5.011058304331682
57687,892a5522371f4e199fc5b9cc514c1ff9,fafdcd668e3743c1bb461111dcafc2a4,discount,2,2.0,7.0110008994323945,5.260989772780556,5.0110008994323945
54739,4ddaa5065f754bf19f90a87af8f448f5,fafdcd668e3743c1bb461111dcafc2a4,discount,2,2.0,7.009558790596397,5.6117954000798775,5.009558790596397
64329,104a73b6d8f049f0bdc9388ef4998526,2906b810c7d4411798c6938adc9daaa5,discount,2,2.0,7.007127524180184,5.208572368936435,5.007127524180184
51608,104a73b6d8f049f0bdc9388ef4998526,2906b810c7d4411798c6938adc9daaa5,discount,2,2.0,7.007127524180184,5.625794333843773,5.007127524180184
73953,d07e73496c17493c96cc03420f518539,fafdcd668e3743c1bb461111dcafc2a4,discount,2,2.0,6.992313594989275,5.986743582913903,4.992313594989275
58934,a1adc3692790416ea93570324606afad,fafdcd668e3743c1bb461111dcafc2a4,discount,2,2.0,6.990623700584653,5.797016761943832,4.990623700584653
73703,cbbde640385f454fb4a81f301fe08c5a,fafdcd668e3743c1bb461111dcafc2a4,discount,2,2.0,6.984799876547413,5.039092650625623,4.984799876547413
69231,728ef546ef9b4010aef1ad85482cac4c,2906b810c7d4411798c6938adc9daaa5,discount,2,2.0,6.979814813333638,5.433574603239952,4.979814813333638
59922,b54471245e86418da92bdab04191e40c,2906b810c7d4411798c6938adc9daaa5,discount,2,2.0,6.977235815436263,6.61609313664928,4.977235815436263
51967,181d57f0f1df463aa40e6198307df980,fafdcd668e3743c1bb461111dcafc2a4,discount,2,2.0,6.97678388070926,4.8981786497017765,4.97678388070926
51960,17e5210da8624744beac53de7d9e94a0,2906b810c7d4411798c6938adc9daaa5,discount,2,2.0,6.971551026021964,5.652103605281002,4.971551026021964
71811,a4579681ffca49cfbff6f5453a49bf76,2906b810c7d4411798c6938adc9daaa5,discount,2,2.0,6.970277560684743,6.60770797952646,4.970277560684743
58673,9ca1196e54194ca9bf1a4b1327715e9e,2906b810c7d4411798c6938adc9daaa5,discount,2,2.0,6.966945195238331,6.297794257086787,4.966945195238331
68613,66742f0ef36d41a49051a0ec0caece82,2906b810c7d4411798c6938adc9daaa5,discount,2,2.0,6.966197069473457,4.957457429940984,4.966197069473457
74931,e436947f277b4878b1f2da6227c8a5f1,fafdcd668e3743c1bb461111dcafc2a4,discount,2,2.0,6.965614515117036,5.09481705707301,4.965614515117036
68358,612fd8cc4c5c4ad8ad2912462b227089,2906b810c7d4411798c6938adc9daaa5,discount,2,2.0,6.965341838737341,5.8331547459741415,4.965341838737341
55839,6474c222349f46b59cdbcd273b335dd8,fafdcd668e3743c1bb461111dcafc2a4,discount,2,2.0,6.964089527559516,7.483443020406851,4.964089527559516
50888,01ac633821f0498893320b41b5b22dfc,fafdcd668e3743c1bb461111dcafc2a4,discount,2,2.0,6.962722825782235,5.672527862764817,4.962722825782235
72107,aa811d24daec4a16a1a7507a840b126f,2906b810c7d4411798c6938adc9daaa5,discount,2,2.0,6.9558768398081465,6.436668348489633,4.9558768398081465
64771,19afb26b9a10447a8a2f86fa9f65c75d,2906b810c7d4411798c6938adc9daaa5,discount,2,2.0,6.9558768398081465,6.667775745836067,4.9558768398081465
59302,a90cad5df2e44266abbea4736c061ec7,2906b810c7d4411798c6938adc9daaa5,discount,2,2.0,6.9549013246063005,5.639507209092219,4.9549013246063005
69408,76244aaaebc54b67b4d0e236a58c6ff3,2906b810c7d4411798c6938adc9daaa5,discount,2,2.0,6.948710223159367,3.8535887707176775,4.948710223159367
51093,05a4da5c46034e42abb4495507d293bd,fafdcd668e3743c1bb461111dcafc2a4,discount,2,2.0,6.947547889980772,8.199045847535862,4.947547889980772
63057,f6b861329acb4700ac87fdea8183b799,2906b810c7d4411798c6938adc9daaa5,discount,2,2.0,6.94089850196799,5.85858710265795,4.94089850196799
61919,df0f7b3282b047b79713a6d86fbceba5,2906b810c7d4411798c6938adc9daaa5,discount,2,2.0,6.937927386376618,5.655483642223087,4.937927386376618
63941,08d06b602c844926a037b0b253901d52,fafdcd668e3743c1bb461111dcafc2a4,discount,2,2.0,6.9327813236493,5.659461545989666,4.9327813236493
64018,0a34323c7f254960979fb7c6cafa6b3c,2906b810c7d4411798c6938adc9daaa5,discount,2,2.0,6.930796597310923,6.323672007928968,4.930796597310923
75657,f3a24f76c9f649388133fc430c0726b9,2906b810c7d4411798c6938adc9daaa5,discount,2,2.0,6.930521279200006,5.513660560700137,4.930521279200006
58021,8f6cd6d39d694147bda234a38368d99d,fafdcd668e3743c1bb461111dcafc2a4,discount,2,2.0,6.921292774209078,7.23232374105115,4.921292774209078
55139,563a535e24da4c248b9c7c9a181b77a8,fafdcd668e3743c1bb461111dcafc2a4,discount,2,2.0,6.916922403954944,5.579898760944857,4.916922403954944
65024,1f5e62e325d047f4833d1b7aed437f31,fafdcd668e3743c1bb461111dcafc2a4,discount,2,2.0,6.914616226824188,6.649155323007941,4.914616226824188
56207,6ba699c43fd64dc598ceec20b4575ea1,2906b810c7d4411798c6938adc9daaa5,discount,2,2.0,6.914132753465836,6.323695058616426,4.914132753465836
71885,a5b421b4863d499092959fce048cb9c4,2906b810c7d4411798c6938adc9daaa5,discount,2,2.0,6.913834892099713,5.764839860453694,4.913834892099713
55277,593d57f1035840a6902722ac7c123e9c,fafdcd668e3743c1bb461111dcafc2a4,discount,2,2.0,6.912119589878131,5.0877590632200285,4.912119589878131
70183,855a636c057e4a32aa50b7d39f24d769,fafdcd668e3743c1bb461111dcafc2a4,discount,2,2.0,6.896921204923796,4.917112126527808,4.896921204923796
68098,5bc03149267147edbcd6a778742b708b,2906b810c7d4411798c6938adc9daaa5,discount,2,2.0,6.893623263089868,7.133755037367045,4.893623263089868
68523,64763980a84b4d7d898a734898b82f93,fafdcd668e3743c1bb461111dcafc2a4,discount,2,2.0,6.891683135366529,5.733329464839521,4.891683135366529
69542,7915f1af7f464835b7967dbb625112f0,fafdcd668e3743c1bb461111dcafc2a4,discount,2,2.0,6.890026341238041,4.630018663966796,4.890026341238041
57809,8b7d6291add449f7812b3435e77bc304,fafdcd668e3743c1bb461111dcafc2a4,discount,2,2.0,6.884788250851576,5.334264351340535,4.884788250851576
59051,a3fb80657b0b48018345c415a72838b4,fafdcd668e3743c1bb461111dcafc2a4,discount,2,2.0,6.884360260503216,7.626016456850161,4.884360260503216
64840,1b47b94d748f4d389575d84e80a611e3,2906b810c7d4411798c6938adc9daaa5,discount,2,2.0,6.88369148118271,5.68045751110264,4.88369148118271
58793,9f02136155d04f028d932f1aa2220f9e,fafdcd668e3743c1bb461111dcafc2a4,discount,2,2.0,6.883153726796261,3.0146251601088725,4.883153726796261
71524,9f02136155d04f028d932f1aa2220f9e,fafdcd668e3743c1bb461111dcafc2a4,discount,2,2.0,6.883153726796261,3.0146251601088725,4.883153726796261
65636,2c65ec7f25ba4e03b32e5c3041d1ec27,fafdcd668e3743c1bb461111dcafc2a4,discount,2,2.0,6.882059489104989,4.555624792528953,4.882059489104989
53274,31943ca096f1439596b2dff3da2448e0,2906b810c7d4411798c6938adc9daaa5,discount,2,2.0,6.881978740368879,7.962823844924372,4.881978740368879
61889,de90515e9f174ddfb8b4c677448286ef,fafdcd668e3743c1bb461111dcafc2a4,discount,2,2.0,6.87342072675852,4.898766510812553,4.87342072675852
72673,b56e747d7f6641c88cacc52c5eaebf57,fafdcd668e3743c1bb461111dcafc2a4,discount,2,2.0,6.868331819780934,5.089197349104193,4.868331819780934
66055,34033b32f2124d099cf8e1bd8cfe28d1,2906b810c7d4411798c6938adc9daaa5,discount,2,2.0,6.861137810924841,5.749099730209155,4.861137810924841
60065,b86b34116238466aba2a7c5b9b9f96aa,2906b810c7d4411798c6938adc9daaa5,discount,2,2.0,6.860492826696884,6.271011111385057,4.860492826696884
64630,16c4978e01db484db6b3000a6427f0dd,2906b810c7d4411798c6938adc9daaa5,discount,2,2.0,6.859266940926137,5.8492230100823495,4.859266940926137
54584,4adca6b0329140879c17601716a03e33,fafdcd668e3743c1bb461111dcafc2a4,discount,2,2.0,6.858802441293426,5.387718760797178,4.858802441293426
59597,aee8cae3f1a345128f3b3612e4d529dd,2906b810c7d4411798c6938adc9daaa5,discount,2,2.0,6.856768315909266,7.036813413851898,4.856768315909266
73974,d0de5df4a59845fc865659b10adfb80e,2906b810c7d4411798c6938adc9daaa5,discount,2,2.0,6.855535833829357,5.428366213755071,4.855535833829357
58228,93afa7690b4545beaa80d6137191a204,2906b810c7d4411798c6938adc9daaa5,discount,2,2.0,6.8523793447138175,6.080400748521059,4.8523793447138175
72351,aee8cae3f1a345128f3b3612e4d529dd,2906b810c7d4411798c6938adc9daaa5,discount,2,2.0,6.849888701778261,7.036813413851897,4.849888701778261
63778,055640cd12d04eb4b8a51ec67d451fc7,fafdcd668e3743c1bb461111dcafc2a4,discount,2,2.0,6.846274156830049,4.334707558840053,4.846274156830049
65355,2675f5b204f74dfa8f1ea3ed3282ce8c,fafdcd668e3743c1bb461111dcafc2a4,discount,2,2.0,6.846258512706168,5.649290466788328,4.846258512706168
75955,f970eafddcb34154aa4d646b4a71ca34,fafdcd668e3743c1bb461111dcafc2a4,discount,2,2.0,6.843386015598185,5.304668658899848,4.843386015598185
58087,90cfba91804d4402a284481e53f50efc,2906b810c7d4411798c6938adc9daaa5,discount,2,2.0,6.842444469531733,6.039452963101752,4.842444469531733
61897,dea73e22426d4cabb8e8b11c1459b692,2906b810c7d4411798c6938adc9daaa5,discount,2,2.0,6.842003310061763,6.286029058179311,4.842003310061763
69149,70e5c106ec084acabc0644f12ced1069,2906b810c7d4411798c6938adc9daaa5,discount,2,2.0,6.840524980273717,5.8456260765161225,4.840524980273717
60337,bda99ed14b964c889742d97222157fc7,fafdcd668e3743c1bb461111dcafc2a4,discount,2,2.0,6.837726632976303,5.360746754504367,4.837726632976303
59598,aeea18cf2e8d455c98453c546292a9f6,fafdcd668e3743c1bb461111dcafc2a4,discount,2,2.0,6.832020702337172,6.316914477852491,4.832020702337172
62400,e8eef0c431cc4fa98381ed2043c843a4,fafdcd668e3743c1bb461111dcafc2a4,discount,2,2.0,6.82046112033683,5.883142538811656,4.82046112033683
75298,eba9168747a24f3ba088dd67534f5c87,2906b810c7d4411798c6938adc9daaa5,discount,2,2.0,6.81393780431865,5.57230300805567,4.81393780431865
51706,123b82af56404ec3bece3de96b947fc2,2906b810c7d4411798c6938adc9daaa5,discount,2,2.0,6.813764919057752,7.355342157351824,4.813764919057752
69475,7775200e6d2e45a6b99b5c3530264669,2906b810c7d4411798c6938adc9daaa5,discount,2,2.0,6.812616908338731,6.01719386161389,4.812616908338731
65950,31dda685af34476cad5bc968bdb01c53,fafdcd668e3743c1bb461111dcafc2a4,discount,2,2.0,6.8101253487023286,5.230274095811353,4.8101253487023286
54416,4737b1f97a49491283ac0e0cced6051e,2906b810c7d4411798c6938adc9daaa5,discount,2,2.0,6.809834838571323,5.832156785760569,4.809834838571323
75079,e728ea2be7844d7eb0da24f4e1444c44,2906b810c7d4411798c6938adc9daaa5,discount,2,2.0,6.808013278527966,6.7408939728363,4.808013278527966
54594,4afe1aa2c8194d9e92ef51aa892d4a53,2906b810c7d4411798c6938adc9daaa5,discount,2,2.0,6.80745730364414,6.540593837507332,4.80745730364414
60593,c2eacdc687cc41209c602d36803f584c,fafdcd668e3743c1bb461111dcafc2a4,discount,2,2.0,6.80745167049554,5.449009400075623,4.80745167049554
75244,ea9b65b0bef54e4c9dcf73409d9ead12,fafdcd668e3743c1bb461111dcafc2a4,discount,2,2.0,6.806401562704343,4.409038775733096,4.806401562704343
75094,e75f51ded91c45728e8dca0ae04e8e22,2906b810c7d4411798c6938adc9daaa5,discount,2,2.0,6.792481794904257,5.982631426878134,4.792481794904257
68508,64197e79d3034a5683b8effa845ce2fe,fafdcd668e3743c1bb461111dcafc2a4,discount,2,2.0,6.789299559501874,3.6524909147076174,4.789299559501874
69360,754bb232d09c4cadbee345cedadf3b01,2906b810c7d4411798c6938adc9daaa5,discount,2,2.0,6.7880590079634135,4.364730390223479,4.7880590079634135
63609,0217c4393fd54e74a523b63c0fcc3da5,2906b810c7d4411798c6938adc9daaa5,discount,2,2.0,6.786984439443751,5.363201804666941,4.786984439443751
74307,d7f86043a9de4c5f83bf646795685aa1,fafdcd668e3743c1bb461111dcafc2a4,discount,2,2.0,6.78498457399694,4.99139941361825,4.78498457399694
67490,4fa7957dda024f56b6d211dd8cca6c4d,2906b810c7d4411798c6938adc9daaa5,discount,2,2.0,6.784895631964551,6.596704874089188,4.784895631964551
72733,b6c74d35e22f4926897e89ce1077a722,2906b810c7d4411798c6938adc9daaa5,discount,2,2.0,6.780837648585681,6.03410809493268,4.780837648585681
69893,7fa4dff92dce46e1bf9bbc1fb7074a3d,fafdcd668e3743c1bb461111dcafc2a4,discount,2,2.0,6.774266094470287,4.228526749931479,4.774266094470287
62385,e89343c8b43040e1a55945cd6cba387f,2906b810c7d4411798c6938adc9daaa5,discount,2,2.0,6.773925257103535,5.568616622035782,4.773925257103535
52603,2535a0b4c6514f7f9bfee402516da719,2906b810c7d4411798c6938adc9daaa5,discount,2,2.0,6.770617574500729,6.3624827348626845,4.770617574500729
54201,431a9ec074b44e80886ba3dfed6dfe2f,2906b810c7d4411798c6938adc9daaa5,discount,2,2.0,6.770108004301303,6.737710584458066,4.770108004301303
62359,e7fd200255cf48e1a75c4316da554941,2906b810c7d4411798c6938adc9daaa5,discount,2,2.0,6.767531888098462,6.974972333118751,4.767531888098462
59924,b55047d54b9945e894adb5530fcdc3db,fafdcd668e3743c1bb461111dcafc2a4,discount,2,2.0,6.766310978861968,5.344513865965597,4.766310978861968
74656,deeef143acba4e409fd95f483858f2d0,fafdcd668e3743c1bb461111dcafc2a4,discount,2,2.0,6.765843066310065,5.050727466911269,4.765843066310065
70050,82dba81cc2c04623bb1cf3c0b1fe8e17,fafdcd668e3743c1bb461111dcafc2a4,discount,2,2.0,6.758638868549147,5.718843330287868,4.758638868549147
65515,2a396eb0dba0431abd59e701ebe28cb9,fafdcd668e3743c1bb461111dcafc2a4,discount,2,2.0,6.75393132549056,4.035135565981392,4.75393132549056
60054,b8371fcbf9ad47ab9c1d49b1e678c887,2906b810c7d4411798c6938adc9daaa5,discount,2,2.0,6.75326090491942,3.955621862465968,4.75326090491942
74434,da92e3a709964e70a1bdf0375ac3e80a,2906b810c7d4411798c6938adc9daaa5,discount,2,2.0,6.750160557427429,3.0306849807133487,4.750160557427429
63693,03b326a99f5345df8b4d21ed26bdb0da,fafdcd668e3743c1bb461111dcafc2a4,discount,2,2.0,6.741787226177928,6.104782820828255,4.741787226177928
74000,d1485166e0f44d2f8be9ee8c4a06a026,2906b810c7d4411798c6938adc9daaa5,discount,2,2.0,6.73655779794532,5.263278277979364,4.73655779794532
56008,67b61dd5047246a99a5966acd9253f0f,fafdcd668e3743c1bb461111dcafc2a4,discount,2,2.0,6.736074890852217,3.67468603599049,4.736074890852217
74514,dc2a79aa5d224103a5a7e6028a9ddf70,2906b810c7d4411798c6938adc9daaa5,discount,2,2.0,6.735167769388443,6.902589298417784,4.735167769388443
72974,bb93bfae58094546b29f9c08094afd04,2906b810c7d4411798c6938adc9daaa5,discount,2,2.0,6.733245045169742,5.518783122285882,4.733245045169742
59989,b6d81016825f4ee99f3a5f173b2bdb93,2906b810c7d4411798c6938adc9daaa5,discount,2,2.0,6.731042201724176,4.948036885883534,4.731042201724176
70760,907499fcdce34a39809c3540af995d49,2906b810c7d4411798c6938adc9daaa5,discount,2,2.0,6.727277780780458,5.773100557241028,4.727277780780458
73223,c0f30bb9844a4c38ac044e6fff849341,2906b810c7d4411798c6938adc9daaa5,discount,2,2.0,6.722909932230049,6.295903506952859,4.722909932230049
75078,e728082aa4f141a89542615ee0d78f16,fafdcd668e3743c1bb461111dcafc2a4,discount,2,2.0,6.722104811657264,5.536609298838737,4.722104811657264
63472,ff4e747db62441979fbbc18d871c42b1,fafdcd668e3743c1bb461111dcafc2a4,discount,2,2.0,6.7181615655521565,5.071881871744676,4.7181615655521565
60774,c75fbe55b5f4418c8b2a1b9b9d0d06c2,fafdcd668e3743c1bb461111dcafc2a4,discount,2,2.0,6.716985734239588,5.586214558693476,4.716985734239588
58232,93c230e2ff31416c9fc190cd560f8653,2906b810c7d4411798c6938adc9daaa5,discount,2,2.0,6.716791855914028,4.709616789138407,4.716791855914028
59146,a5c15f41f7ed4c3289ebb87b23bb1fff,fafdcd668e3743c1bb461111dcafc2a4,discount,2,2.0,6.71288172584627,5.696201123023304,4.71288172584627
70176,853a9df9409047f19797e77c09c20477,fafdcd668e3743c1bb461111dcafc2a4,discount,2,2.0,6.711086696509108,5.253361893967586,4.711086696509108
73457,c658ac6c1b2142c4b2ad19cd26fdd354,fafdcd668e3743c1bb461111dcafc2a4,discount,2,2.0,6.704981638125148,3.992766940540964,4.704981638125148
63802,05a4f70725804ceab1daa9dc73734827,fafdcd668e3743c1bb461111dcafc2a4,discount,2,2.0,6.701462185768738,5.061169077336656,4.701462185768738
69480,7784652beb5d4a26955c561b63f3099b,fafdcd668e3743c1bb461111dcafc2a4,discount,2,2.0,6.690837656189839,6.049428314681757,4.690837656189839
59362,aa445cee24ba41389eadabcf2fc95bac,fafdcd668e3743c1bb461111dcafc2a4,discount,2,2.0,6.688362106168656,4.660700857804294,4.688362106168656
74837,e26309c6dfc845d09ae8812d2c3282cc,2906b810c7d4411798c6938adc9daaa5,discount,2,2.0,6.688199278029032,6.296994027602556,4.688199278029032
56408,6fc37c7b127242d8a8c3d5e62c8c5872,2906b810c7d4411798c6938adc9daaa5,discount,2,2.0,6.685132345039859,6.201800190270294,4.685132345039859
74488,db8e2b2d016b4fcea8ab979a743de3ec,2906b810c7d4411798c6938adc9daaa5,discount,2,2.0,6.681228888240781,7.018530049147545,4.681228888240781
51310,0a34323c7f254960979fb7c6cafa6b3c,fafdcd668e3743c1bb461111dcafc2a4,discount,2,2.0,6.67914062551521,5.839394151587554,4.67914062551521
51649,11035b3619104703a57e7bafeb165163,fafdcd668e3743c1bb461111dcafc2a4,discount,2,2.0,6.678327093007955,5.205898944460927,4.678327093007955
55736,62c45627e26048fc9a0aadc842c91cd9,2906b810c7d4411798c6938adc9daaa5,discount,2,2.0,6.67815047314879,5.150126098990467,4.67815047314879
52840,2a396eb0dba0431abd59e701ebe28cb9,2906b810c7d4411798c6938adc9daaa5,discount,2,2.0,6.675865429290059,5.026921433070688,4.675865429290059
73976,d0e38277ec4646c7a73b408211b7ff19,fafdcd668e3743c1bb461111dcafc2a4,discount,2,2.0,6.675239264706164,6.15467587102869,4.675239264706164
58397,97a8ba1ac0b24bda94f21053233b480c,2906b810c7d4411798c6938adc9daaa5,discount,2,2.0,6.673962675325548,5.553642587749801,4.673962675325548
56082,691070d9519a40f8ad205ee75093269d,fafdcd668e3743c1bb461111dcafc2a4,discount,2,2.0,6.673263784142014,5.382825032872589,4.673263784142014
65709,2db368b372e4405aaed6b6904a9e2ec0,2906b810c7d4411798c6938adc9daaa5,discount,2,2.0,6.665081575436826,5.977789407788526,4.665081575436826
68692,67b3dd9298174ec5bcbe56f30b31a34e,2906b810c7d4411798c6938adc9daaa5,discount,2,2.0,6.665034710021699,6.6563634553693785,4.665034710021699
50847,00ed7e22b32749cfafbfd88592d401d4,fafdcd668e3743c1bb461111dcafc2a4,discount,2,2.0,6.649588449545407,5.311119397068413,4.649588449545407
56504,71a5dd25d3704dafa598b9cc2ca7028a,2906b810c7d4411798c6938adc9daaa5,discount,2,2.0,6.647678992881497,8.794773738627622,4.647678992881497
72552,b311fa5c3dab428abc630f466e74302c,fafdcd668e3743c1bb461111dcafc2a4,discount,2,2.0,6.642941777108216,5.23027409581135,4.642941777108216
55831,6448a78512404a3baa0f2180d5e9b22f,fafdcd668e3743c1bb461111dcafc2a4,discount,2,2.0,6.640870484919406,5.525562292575822,4.640870484919406
67231,4a9bc1f40ff94099b16b010c4ba12ef3,2906b810c7d4411798c6938adc9daaa5,discount,2,2.0,6.6362893217845205,5.08863309420113,4.6362893217845205
51267,096d06b35e534a08b20bc00850c31919,2906b810c7d4411798c6938adc9daaa5,discount,2,2.0,6.635707468948214,5.489191837470067,4.635707468948214
72207,ac3b8c9879304a9db841fa510d931ea7,2906b810c7d4411798c6938adc9daaa5,discount,2,2.0,6.634929082114626,5.710405710952564,4.634929082114626
65606,2c0c244b5b0c4b2b96e9cfaaa82eb499,fafdcd668e3743c1bb461111dcafc2a4,discount,2,2.0,6.634885546759335,4.630018663966801,4.634885546759335
57869,8c7df0c393db488aac3e58b06a7ea5f9,2906b810c7d4411798c6938adc9daaa5,discount,2,2.0,6.630661657877452,6.023917775664208,4.630661657877452
63303,fbbd60d747d642928c0d73ea54e34892,2906b810c7d4411798c6938adc9daaa5,discount,2,2.0,6.63029368166419,5.735323253691146,4.63029368166419
69266,7322a6c01c874585b342ee85d245cdfe,2906b810c7d4411798c6938adc9daaa5,discount,2,2.0,6.6282755274987775,6.521056476797325,4.6282755274987775
52560,2465878cae3d4d7eac6813ffafd01414,fafdcd668e3743c1bb461111dcafc2a4,discount,2,2.0,6.621022515140057,5.576667239469794,4.621022515140057
55670,615925c2e1394f50862005e5a1190585,fafdcd668e3743c1bb461111dcafc2a4,discount,2,2.0,6.620845406317983,3.26809824136118,4.620845406317983
73727,cc24efb5c92b4bf3a7496b14d5c4e2e2,2906b810c7d4411798c6938adc9daaa5,discount,2,2.0,6.614280622697697,5.591171081350041,4.614280622697697
70472,8af85470a76f4caa8f9db515a71df7e2,2906b810c7d4411798c6938adc9daaa5,discount,2,2.0,6.613190197450358,5.9992729723765255,4.613190197450358
56198,6b8b31812a7942889ed976892ba4b000,2906b810c7d4411798c6938adc9daaa5,discount,2,2.0,6.611478624166459,7.247300888579453,4.611478624166459
59312,a94178cd671648eeb9dc60dc8a972dff,fafdcd668e3743c1bb461111dcafc2a4,discount,2,2.0,6.608712864749297,5.392804043637071,4.608712864749297
59882,b49c9836c2c84ebbb3a007739527ffc2,2906b810c7d4411798c6938adc9daaa5,discount,2,2.0,6.594210584780647,6.020774144590886,4.594210584780647
55514,5dfdad4241764dfe959f51b7460e42b1,2906b810c7d4411798c6938adc9daaa5,discount,2,2.0,6.590870821492702,7.937796292209287,4.590870821492702
74883,e33da2c24861499a8dfd0b9a205e628f,fafdcd668e3743c1bb461111dcafc2a4,discount,2,2.0,6.588590773541915,7.026178497350898,4.588590773541915
68950,6ce15c0fb9e84fe68e53cbbb98d2f049,fafdcd668e3743c1bb461111dcafc2a4,discount,2,2.0,6.587295847576691,5.10479272017591,4.587295847576691
73089,be169db479dc428dbd49bec31058047a,fafdcd668e3743c1bb461111dcafc2a4,discount,2,2.0,6.585246494384816,5.150198918650279,4.585246494384816
67841,56630668a08842a38f32bf4f7bfa4125,2906b810c7d4411798c6938adc9daaa5,discount,2,2.0,6.584290367150524,6.517212966579541,4.584290367150524
70519,8bd89a4fa5914510bbae8d884cc27c3b,2906b810c7d4411798c6938adc9daaa5,discount,2,2.0,6.58407967485514,2.8863574923792736,4.58407967485514
76136,fcdf273bdfdb44a69f000dc7636c603a,2906b810c7d4411798c6938adc9daaa5,discount,2,2.0,6.575982308250136,6.40476310924231,4.575982308250136
75042,e68a086b7a6a4dc3b900ee06c6a38fe6,2906b810c7d4411798c6938adc9daaa5,discount,2,2.0,6.572081023842829,5.3638839702407815,4.572081023842829
68373,61785b6cf44c47fc822622f965696647,2906b810c7d4411798c6938adc9daaa5,discount,2,2.0,6.571743064758605,5.923235305590257,4.571743064758605
51148,06d7f5abc31b4a02836349333ac02f33,2906b810c7d4411798c6938adc9daaa5,discount,2,2.0,6.571216076400926,5.444143397978031,4.571216076400926
57083,7d382450e3b241748bbe665661bc4273,2906b810c7d4411798c6938adc9daaa5,discount,2,2.0,6.571216076400926,6.041549094349785,4.571216076400926
60055,b84430e82831484aaa3642e41ada16d0,2906b810c7d4411798c6938adc9daaa5,discount,2,2.0,6.57008126830028,4.789308536365899,4.57008126830028
70815,91aef7566d8c4965aa29687a05a9ab25,2906b810c7d4411798c6938adc9daaa5,discount,2,2.0,6.566934320736028,4.610290627967794,4.566934320736028
70939,940cc540a67f4ddfbe25146a2a71355f,fafdcd668e3743c1bb461111dcafc2a4,discount,2,2.0,6.564959920136646,4.579136390568621,4.564959920136646
62106,e2858216bbbf4d9eb334df40fb1a9cbb,fafdcd668e3743c1bb461111dcafc2a4,discount,2,2.0,6.560382355629516,5.879970550554555,4.560382355629516
58249,9425507b622b4494b2f72f195a79c5f9,fafdcd668e3743c1bb461111dcafc2a4,discount,2,2.0,6.559228113184194,5.41202287918704,4.559228113184194
55436,5c73c99208e449129397591e045e641f,fafdcd668e3743c1bb461111dcafc2a4,discount,2,2.0,6.55820569409825,2.423111153310449,4.55820569409825
63752,04e0eff0b4704fc291bbe1275f01fb7a,2906b810c7d4411798c6938adc9daaa5,discount,2,2.0,6.557671996744375,5.297656858411274,4.557671996744375
59731,b153bec349e5491b82544af7d5cdfd67,2906b810c7d4411798c6938adc9daaa5,discount,2,2.0,6.557671996744375,5.293119280018699,4.557671996744375
59524,ad3e1e401ffc4f9aab60679d3692e4eb,fafdcd668e3743c1bb461111dcafc2a4,discount,2,2.0,6.554121241556114,4.900719852615595,4.554121241556114
60956,cb869ab3db924b1f9fcfffafd618f95d,2906b810c7d4411798c6938adc9daaa5,discount,2,2.0,6.550064173015604,5.227185274212296,4.550064173015604
60614,c391f36b80484cdeab41cb227a862fef,fafdcd668e3743c1bb461111dcafc2a4,discount,2,2.0,6.548934997654193,5.098749035950288,4.548934997654193
57509,85c02c202b7548e096b4a742368b7e5e,2906b810c7d4411798c6938adc9daaa5,discount,2,2.0,6.547619315301277,4.836739542363975,4.547619315301277
64583,15953663abf54181adf1fd4c39442b85,2906b810c7d4411798c6938adc9daaa5,discount,2,2.0,6.547516023483919,6.95572499653712,4.547516023483919
56421,701f5a2770694eff9d3863d73d5402f8,fafdcd668e3743c1bb461111dcafc2a4,discount,2,2.0,6.547267204669927,6.104795764625923,4.547267204669927
51260,0951cc66d2f841e99cce016730c3f6da,2906b810c7d4411798c6938adc9daaa5,discount,2,2.0,6.546105792717345,6.355733316179556,4.546105792717345
66825,42923cf2f39a4bb49820a3fe12928ade,2906b810c7d4411798c6938adc9daaa5,discount,2,2.0,6.542819171746896,6.896714183121114,4.542819171746896
57097,7d76c5a597f7490e84f915a1f8984786,2906b810c7d4411798c6938adc9daaa5,discount,2,2.0,6.542495989709847,6.587383561332127,4.542495989709847
61671,da20c13402b448d1ad551c72f69ae55d,2906b810c7d4411798c6938adc9daaa5,discount,2,2.0,6.54167581869174,5.451229935390945,4.54167581869174
54558,4a1595c602c847a287c57bd1cf73fd0d,fafdcd668e3743c1bb461111dcafc2a4,discount,2,2.0,6.538893886355282,6.677796271166917,4.538893886355282
71960,a78dccc2d86944b7bf05bc7571cae761,fafdcd668e3743c1bb461111dcafc2a4,discount,2,2.0,6.536164474014949,5.411791664878411,4.536164474014949
52284,1eab10bfe6e84352813a29ef0001f2f2,fafdcd668e3743c1bb461111dcafc2a4,discount,2,2.0,6.534917441967563,5.0156603925699095,4.534917441967563
72522,b23f03652b9f475eada633abb8d4eb67,fafdcd668e3743c1bb461111dcafc2a4,discount,2,2.0,6.534207084762148,4.601136611716953,4.534207084762148
59734,b165265e64824d3c839a40e327f9b32e,2906b810c7d4411798c6938adc9daaa5,discount,2,2.0,6.532783004879194,4.525995583351815,4.532783004879194
56156,6a9fc468f1b344e4bed4893777bcd6a4,2906b810c7d4411798c6938adc9daaa5,discount,2,2.0,6.531869219018194,7.36148185618932,4.531869219018194
70976,94b6a06fdbb1496193b6402ae2f31509,fafdcd668e3743c1bb461111dcafc2a4,discount,2,2.0,6.531298841488697,6.788048806030625,4.531298841488697
72416,b03e8502abc0442097197ad9e0c8e0ad,2906b810c7d4411798c6938adc9daaa5,discount,2,2.0,6.529724681038006,6.0398037416756605,4.529724681038006
53464,356470bccf484ce5a626f5122852087e,fafdcd668e3743c1bb461111dcafc2a4,discount,2,2.0,6.5203999768692,5.150561868702447,4.5203999768692
63202,f99838e2e07a429a9f331a99d98dceb2,2906b810c7d4411798c6938adc9daaa5,discount,2,2.0,6.519808546914332,6.329951348137307,4.519808546914332
54928,51adc00878c347ceac3fba0ca2b7b608,2906b810c7d4411798c6938adc9daaa5,discount,2,2.0,6.518554393135307,5.725338431199582,4.518554393135307
59400,ab147264895d4aebbb0fcbcde4ce3393,2906b810c7d4411798c6938adc9daaa5,discount,2,2.0,6.5167291721798986,6.73825542544864,4.5167291721798986
59227,a7988ef3d0884047a0eddaba067038e0,2906b810c7d4411798c6938adc9daaa5,discount,2,2.0,6.5101220093996215,6.154194698775473,4.5101220093996215
61780,dc2a79aa5d224103a5a7e6028a9ddf70,2906b810c7d4411798c6938adc9daaa5,discount,2,2.0,6.50333128118487,6.619862433406304,4.50333128118487
57652,883154b582374762a496c60758780d64,2906b810c7d4411798c6938adc9daaa5,discount,2,2.0,6.503193482884464,6.414969415244364,4.503193482884464
60191,ba9fb3e4a7084361914c1647d871d27e,fafdcd668e3743c1bb461111dcafc2a4,discount,2,2.0,6.499561478585155,4.708018149784177,4.499561478585155
75286,eb8236097e62433cac7051332337682a,2906b810c7d4411798c6938adc9daaa5,discount,2,2.0,6.4975047612367,4.469214284401367,4.4975047612367
56057,687124db30ef49628aa8f13c2149397c,2906b810c7d4411798c6938adc9daaa5,discount,2,2.0,6.497165899548364,6.259167072307267,4.497165899548364
51269,0976fd3ecfb84e1ca92d90b6adc2001c,2906b810c7d4411798c6938adc9daaa5,discount,2,2.0,6.492103077056219,6.229212782226499,4.492103077056219
68690,67a899449da64a6287cb68b6fee98b32,2906b810c7d4411798c6938adc9daaa5,discount,2,2.0,6.491054901567171,6.117101339967107,4.491054901567171
62859,f269083ec9444b59aea328843fcc3b8e,2906b810c7d4411798c6938adc9daaa5,discount,2,2.0,6.488771000562808,5.513294122041295,4.488771000562808
56141,6a619d10e88f489eae05ceb9a8f5b178,fafdcd668e3743c1bb461111dcafc2a4,discount,2,2.0,6.481129460883361,5.516193393335222,4.481129460883361
58676,9ca81fd80e3a4648a06ac124eb40805c,fafdcd668e3743c1bb461111dcafc2a4,discount,2,2.0,6.4803647061099685,4.94579630873476,4.4803647061099685
51599,100a681a8c534df095ee4aedfe9fdc22,fafdcd668e3743c1bb461111dcafc2a4,discount,2,2.0,6.474993559989255,4.683413025470905,4.474993559989255
68805,69e91f44f04e47c9856b00d77c7736f4,2906b810c7d4411798c6938adc9daaa5,discount,2,2.0,6.473683077892495,6.56821738663448,4.473683077892495
70907,9388ac636ddd48579dc16f4faef47e73,fafdcd668e3743c1bb461111dcafc2a4,discount,2,2.0,6.469103099733113,5.360328869356451,4.469103099733113
59100,a4e1b4bbba3c4934acd3a9c6f149b972,fafdcd668e3743c1bb461111dcafc2a4,discount,2,2.0,6.466958479954107,5.294369112528482,4.466958479954107
73226,c1026690b6f14bdeb431557ae9ef855e,fafdcd668e3743c1bb461111dcafc2a4,discount,2,2.0,6.46682615783476,2.532531211578684,4.46682615783476
67134,487ad048c0e248a8bf6eb1545f5be4c6,2906b810c7d4411798c6938adc9daaa5,discount,2,2.0,6.463383376000047,5.823015312152641,4.463383376000047
51210,0846873e9e4d4d19afa993278b1e8f3d,2906b810c7d4411798c6938adc9daaa5,discount,2,2.0,6.462287347567779,6.768910280973895,4.462287347567779
59500,acce25c39cfe46d6b308006d958c6252,2906b810c7d4411798c6938adc9daaa5,discount,2,2.0,6.459786740704574,6.148644380074725,4.459786740704574
66335,397e33ebb12e4a3aa1e8ec840c84d104,2906b810c7d4411798c6938adc9daaa5,discount,2,2.0,6.458967299391647,4.636692824175842,4.458967299391647
63261,fae6dd32912c4fadb598f3d2c0f241d0,fafdcd668e3743c1bb461111dcafc2a4,discount,2,2.0,6.451827252218484,5.017519249517799,4.451827252218484
52014,18f0c7f9cd194e96a6505e2732c29ef3,2906b810c7d4411798c6938adc9daaa5,discount,2,2.0,6.450707243416364,5.857233762034724,4.450707243416364
51865,158937e9d76e4ca7923a8b5499564f5d,fafdcd668e3743c1bb461111dcafc2a4,discount,2,2.0,6.4492565491539935,4.683947747276349,4.4492565491539935
59105,a4ecb966735a4b88a0028b78c561c1ee,2906b810c7d4411798c6938adc9daaa5,discount,2,2.0,6.448816707818191,5.93906817708052,4.448816707818191
55852,64c7b16c67474a048f835ee40800ff2f,2906b810c7d4411798c6938adc9daaa5,discount,2,2.0,6.447527761880126,5.81347990694314,4.447527761880126
56758,77062b74e4b5481f81ff34b48d870a7f,2906b810c7d4411798c6938adc9daaa5,discount,2,2.0,6.445660628012432,7.59170613226626,4.445660628012432
62795,f11743499e634af69fb43929618c117d,2906b810c7d4411798c6938adc9daaa5,discount,2,2.0,6.443672523474806,5.992272949723432,4.443672523474806
51553,0f1423b731ae48a2a82253abfc8d8c54,2906b810c7d4411798c6938adc9daaa5,discount,2,2.0,6.443494765790975,6.6521840926721705,4.443494765790975
69569,7986640ceede4113872bcfa8c2bc69dc,2906b810c7d4411798c6938adc9daaa5,discount,2,2.0,6.439647300926522,4.053015591450826,4.439647300926522
72931,ba9fb3e4a7084361914c1647d871d27e,2906b810c7d4411798c6938adc9daaa5,discount,2,2.0,6.435532817658864,6.317937795132227,4.435532817658864
62650,ee887999446b4d11b717068d00f22847,fafdcd668e3743c1bb461111dcafc2a4,discount,2,2.0,6.431505938541712,5.527485893131809,4.431505938541712
67486,4f822bd53d0d4af2b511355890d33c07,2906b810c7d4411798c6938adc9daaa5,discount,2,2.0,6.426846783854696,6.220967885157698,4.426846783854696
69988,819cb059e86f4a8a92beca0fd172d36c,2906b810c7d4411798c6938adc9daaa5,discount,2,2.0,6.426165520824435,5.720230471187488,4.426165520824435
52326,1f994e3caecd4d75ad1cb0e8809c6892,fafdcd668e3743c1bb461111dcafc2a4,discount,2,2.0,6.4228449761758295,6.346070889353925,4.4228449761758295
57957,8e3a21fbcf7c417e9ad84aec4d60333b,fafdcd668e3743c1bb461111dcafc2a4,discount,2,2.0,6.421548932983219,3.804472974322613,4.421548932983219
71410,9ccd63bc9880418ab998c06d1c893115,fafdcd668e3743c1bb461111dcafc2a4,discount,2,2.0,6.421540754955249,6.327235294443568,4.421540754955249
56106,698cefe7f12c46b0b73cf9b4c9f41729,2906b810c7d4411798c6938adc9daaa5,discount,2,2.0,6.416247468572017,4.881176482916636,4.416247468572017
66010,331bb33911fb4351a37f10624a9f8c47,fafdcd668e3743c1bb461111dcafc2a4,discount,2,2.0,6.409428381054035,5.4549459362454105,4.409428381054035
63364,fccc9279ba56411f80ffe8ce7e0935cd,2906b810c7d4411798c6938adc9daaa5,discount,2,2.0,6.4091262359510575,7.74712953815455,4.4091262359510575
62266,e63bb5ab1b434257bc5b720c15891c81,fafdcd668e3743c1bb461111dcafc2a4,discount,2,2.0,6.408360672658304,5.0048242867087644,4.408360672658304
63577,016edb1d1d67477391c5337545a5d98a,fafdcd668e3743c1bb461111dcafc2a4,discount,2,2.0,6.40808261069011,3.932587908062644,4.40808261069011
64052,0abb3f3cf3634fd4866a22052f8c9e5f,2906b810c7d4411798c6938adc9daaa5,discount,2,2.0,6.404389391144406,7.641726905223399,4.404389391144406
74170,d4d584a66aa74834b342315859315a62,2906b810c7d4411798c6938adc9daaa5,discount,2,2.0,6.39884970330167,4.326555526286256,4.39884970330167
72783,b7e216b6472b46648272c29a52a86702,fafdcd668e3743c1bb461111dcafc2a4,discount,2,2.0,6.397576260377262,3.0332918760443235,4.397576260377262
55361,5acab800ef7f495a91fde113f8924f6f,fafdcd668e3743c1bb461111dcafc2a4,discount,2,2.0,6.395251095736851,4.917229750896443,4.395251095736851
57573,86d160e4f466409d92e666a945268a89,fafdcd668e3743c1bb461111dcafc2a4,discount,2,2.0,6.3952212182315264,4.98686183522568,4.3952212182315264
64385,115bb87faca04ed7b545f8b8e95b2dd7,2906b810c7d4411798c6938adc9daaa5,discount,2,2.0,6.394142521170782,6.205283310361702,4.394142521170782
71190,99148a450059428180ed37cb9ab01f62,2906b810c7d4411798c6938adc9daaa5,discount,2,2.0,6.39180019239801,4.725272113722614,4.39180019239801
56907,7a05e9c1b0e64acdb40b0ecba4b0ba9d,2906b810c7d4411798c6938adc9daaa5,discount,2,2.0,6.389547558151872,5.479931468114607,4.389547558151872
67353,4d007985991543f586384b54f5157c9e,2906b810c7d4411798c6938adc9daaa5,discount,2,2.0,6.38874854413101,5.263926875082923,4.38874854413101
73478,c6f99c74d2a84deb9f021324d0e1a863,2906b810c7d4411798c6938adc9daaa5,discount,2,2.0,6.388631349969478,6.954855920747441,4.388631349969478
61822,dcf78fa986de4d5992c3c05df63bb3ee,2906b810c7d4411798c6938adc9daaa5,discount,2,2.0,6.388603464905517,5.208572368936421,4.388603464905517
76276,ffff82501cea40309d5fdd7edcca4a07,2906b810c7d4411798c6938adc9daaa5,discount,2,2.0,6.384409590859601,5.065773087241976,4.384409590859601
51064,052f1e4cb527405facdb09a0b7e70861,fafdcd668e3743c1bb461111dcafc2a4,discount,2,2.0,6.3776457751641065,4.922344467721027,4.3776457751641065
51889,1607d225fdd44e888d860c5cbc224da8,fafdcd668e3743c1bb461111dcafc2a4,discount,2,2.0,6.376531092826319,5.660578784662896,4.376531092826319
59024,a37ef87a1322462a979924829b3e747b,fafdcd668e3743c1bb461111dcafc2a4,discount,2,2.0,6.3741166320467695,5.179144743707113,4.3741166320467695
69712,7bfa3b9308be4d40a0d8ec4ca87df770,2906b810c7d4411798c6938adc9daaa5,discount,2,2.0,6.372042165867812,5.950396049972476,4.372042165867812
65325,25b16f192a9c418cbc29c814abd62062,fafdcd668e3743c1bb461111dcafc2a4,discount,2,2.0,6.371323974825822,4.921451902070867,4.371323974825822
55987,6747faa91f384df58721b0f942a1f76c,fafdcd668e3743c1bb461111dcafc2a4,discount,2,2.0,6.365873352129832,8.002948684216664,4.365873352129832
75782,f608dc84f5f744a888a4d6e64a770134,fafdcd668e3743c1bb461111dcafc2a4,discount,2,2.0,6.364170025260384,5.547790983643182,4.364170025260384
74678,df442eb2ce424dffb4eed96a6e33f2f4,2906b810c7d4411798c6938adc9daaa5,discount,2,2.0,6.361868518232537,5.86054110047492,4.361868518232537
53087,2e5bb126e19f4fd6933f8b1fe35b7034,2906b810c7d4411798c6938adc9daaa5,discount,2,2.0,6.355987041798855,6.612828280201072,4.355987041798855
67141,48a05a4f4ac5402fa3d1ec33ae052db4,fafdcd668e3743c1bb461111dcafc2a4,discount,2,2.0,6.351099263680162,5.421551703155364,4.351099263680162
62575,ec93fe749a8e42628138f96bb29d1ac5,2906b810c7d4411798c6938adc9daaa5,discount,2,2.0,6.350220784661158,5.322947721206846,4.350220784661158
70351,886e98d7b2b34db7a122121e0760b05d,fafdcd668e3743c1bb461111dcafc2a4,discount,2,2.0,6.349901781527663,6.059813544207572,4.349901781527663
68985,6d8a255c4ce64314afab49e51914c7c7,fafdcd668e3743c1bb461111dcafc2a4,discount,2,2.0,6.342445335401274,5.252606679744512,4.342445335401274
61399,d3f146b615514c6380b168bb3df5f05b,2906b810c7d4411798c6938adc9daaa5,discount,2,2.0,6.342004692184764,6.124322790790448,4.342004692184764
74615,de0e17b726dc49e793471ec8b6b08b3e,fafdcd668e3743c1bb461111dcafc2a4,discount,2,2.0,6.336207910952101,5.031188770194303,4.336207910952101
69043,6e89f03e9bb94a0697104ded595c721e,fafdcd668e3743c1bb461111dcafc2a4,discount,2,2.0,6.335311587549144,5.434710003551356,4.335311587549144
68605,664cdcbcc8b442078bcedac94dc227bb,fafdcd668e3743c1bb461111dcafc2a4,discount,2,2.0,6.3326320480156895,5.320425936946796,4.3326320480156895
70597,8d30c524932649a5b4021e56f6ad9580,fafdcd668e3743c1bb461111dcafc2a4,discount,2,2.0,6.329709981146786,6.719523363780171,4.329709981146786
64735,18f94408dda0458ea33edaba677981ee,2906b810c7d4411798c6938adc9daaa5,discount,2,2.0,6.328348260063724,5.1680856423019925,4.328348260063724
55985,67451389c5ca4494b12b74042b1de0e3,2906b810c7d4411798c6938adc9daaa5,discount,2,2.0,6.328263310557727,2.481048405844565,4.328263310557727
69453,771cd819d2b04bf9943ba632b97c7239,2906b810c7d4411798c6938adc9daaa5,discount,2,2.0,6.326986101487739,4.9782217540784295,4.326986101487739
56468,70d480706e914cac81b54666d246edc2,fafdcd668e3743c1bb461111dcafc2a4,discount,2,2.0,6.323635155189111,4.80570010691538,4.323635155189111
71724,a2b7a0b3487a4d779ddf4e11a034e2ee,2906b810c7d4411798c6938adc9daaa5,discount,2,2.0,6.321435764206862,5.815634256579847,4.321435764206862
54440,47bbfabcf1e447a79b7f189d2b197b05,fafdcd668e3743c1bb461111dcafc2a4,discount,2,2.0,6.320909419670198,5.350625725367038,4.320909419670198
59092,a4c5415b4a7648d185dfd0379dde947a,2906b810c7d4411798c6938adc9daaa5,discount,2,2.0,6.319075377728908,6.01105451228317,4.319075377728908
71674,a1adc3692790416ea93570324606afad,fafdcd668e3743c1bb461111dcafc2a4,discount,2,2.0,6.317232859814155,5.693095534769954,4.317232859814155
53321,329b390a8e19481ab081d99e4e813835,fafdcd668e3743c1bb461111dcafc2a4,discount,2,2.0,6.316939496337408,5.368146732184279,4.316939496337408
67970,593d57f1035840a6902722ac7c123e9c,2906b810c7d4411798c6938adc9daaa5,discount,2,2.0,6.312481566597182,6.090256486740017,4.312481566597182
74437,da9e7cdd4b0e4978b03f92d1245c8c60,fafdcd668e3743c1bb461111dcafc2a4,discount,2,2.0,6.310198416733197,4.274780213710326,4.310198416733197
53136,2f10c8022a9342ce8303cca33023c303,fafdcd668e3743c1bb461111dcafc2a4,discount,2,2.0,6.308313071502012,9.03358488651332,4.308313071502012
56069,68ad3d39d2e041e7a1e4655bc023f0c8,fafdcd668e3743c1bb461111dcafc2a4,discount,2,2.0,6.307981962579481,5.368146732184275,4.307981962579481
52308,1f4d50d43cfe4547b3dd37d318a83b0a,2906b810c7d4411798c6938adc9daaa5,discount,2,2.0,6.30434251699262,5.394272746013332,4.30434251699262
62881,f316fd04821d4f7aa83cf5f8702b5bc8,fafdcd668e3743c1bb461111dcafc2a4,discount,2,2.0,6.304253987301581,5.558161911983332,4.304253987301581
63147,f8aedd0cbea0419c806842b4265b82e5,fafdcd668e3743c1bb461111dcafc2a4,discount,2,2.0,6.302025780758312,5.455548086019833,4.302025780758312
58907,a131dc58063e49d49a54a1cfe248f43f,2906b810c7d4411798c6938adc9daaa5,discount,2,2.0,6.295182912040183,5.825824432004431,4.295182912040183
74557,dcd4fe47f8fd496fb1bbcb673a35d481,fafdcd668e3743c1bb461111dcafc2a4,discount,2,2.0,6.29507438947009,4.843612867092165,4.29507438947009
68183,5d2f087490ac4617a10bf9a9febc75b5,2906b810c7d4411798c6938adc9daaa5,discount,2,2.0,6.29297112881415,6.418531759208355,4.29297112881415
52246,1e080ee5a39744dcb1f9d98efc23280f,2906b810c7d4411798c6938adc9daaa5,discount,2,2.0,6.290292532337267,4.921377425914137,4.290292532337267
75746,f55ad8ad42634441895b83676d49ba45,2906b810c7d4411798c6938adc9daaa5,discount,2,2.0,6.290272193695621,6.643621211418459,4.290272193695621
66279,38812cf51ef241e5ab97910212be4ac5,fafdcd668e3743c1bb461111dcafc2a4,discount,2,2.0,6.28738680731373,5.673737970046922,4.28738680731373
69425,7682790c53ef4f11bb467662fa40549d,fafdcd668e3743c1bb461111dcafc2a4,discount,2,2.0,6.286059662161971,5.024320027010978,4.286059662161971
65370,26bfddab97dc45948c64ee63b7be2111,fafdcd668e3743c1bb461111dcafc2a4,discount,2,2.0,6.282883441124907,6.063105223269769,4.282883441124907
68082,5b7ecf123fc742b2b45b2435750926e1,fafdcd668e3743c1bb461111dcafc2a4,discount,2,2.0,6.280356857875658,5.392847277372805,4.280356857875658
60575,c2ad626e0bd7413299e7a7b8f10e121f,2906b810c7d4411798c6938adc9daaa5,discount,2,2.0,6.276878786374439,7.13266319394279,4.276878786374439
67610,51f2b803865e48808101dedd24683381,2906b810c7d4411798c6938adc9daaa5,discount,2,2.0,6.275766980589982,5.976469443528508,4.275766980589982
67390,4db19c668503480794c5f97c1a50ae69,2906b810c7d4411798c6938adc9daaa5,discount,2,2.0,6.274267322557716,5.978292804877123,4.274267322557716
70379,8926b53cd61d466db79a40b007183a46,2906b810c7d4411798c6938adc9daaa5,discount,2,2.0,6.265703906910497,5.829360736119963,4.265703906910497
51847,1523002bd35e4ac086900a316e58935e,2906b810c7d4411798c6938adc9daaa5,discount,2,2.0,6.262922248078302,3.4169347133568184,4.262922248078302
66892,43b53afc1f254f16962cedd850c030b6,2906b810c7d4411798c6938adc9daaa5,discount,2,2.0,6.260928487957028,6.487370019848967,4.260928487957028
74479,db5a707ab9fb4c68aec1560d03b4991d,fafdcd668e3743c1bb461111dcafc2a4,discount,2,2.0,6.258615720707487,3.989902136928493,4.258615720707487
59594,aedba933c467488a82f5b83fa981ef8a,2906b810c7d4411798c6938adc9daaa5,discount,2,2.0,6.256663240064855,6.391735288887119,4.256663240064855
57189,7f40846c42db4c4db3c03080f9f476d7,fafdcd668e3743c1bb461111dcafc2a4,discount,2,2.0,6.254691185542503,4.778989557463198,4.254691185542503
66413,3ab73b41e2ac4e67bb20be75543c1d78,2906b810c7d4411798c6938adc9daaa5,discount,2,2.0,6.2538516935802,5.923881997648223,4.2538516935802
56638,747f706b685144b29bbc8a0f209432ec,2906b810c7d4411798c6938adc9daaa5,discount,2,2.0,6.249074809572129,5.479931468114598,4.249074809572129
54388,46a8553f78b0444c859579017100c0ae,fafdcd668e3743c1bb461111dcafc2a4,discount,2,2.0,6.248571505997868,5.326013082698884,4.248571505997868
69912,7fe873022c4749f88bb40c01bc5e1c8d,fafdcd668e3743c1bb461111dcafc2a4,discount,2,2.0,6.243524734900927,5.252968147254647,4.243524734900927
53422,348bdc19d65f49b8b98f72c59e64cd89,fafdcd668e3743c1bb461111dcafc2a4,discount,2,2.0,6.237161298743299,5.529250597500726,4.237161298743299
75429,eea969c513c44be7babd7c9d8328e82e,fafdcd668e3743c1bb461111dcafc2a4,discount,2,2.0,6.236916144829754,7.767876850185715,4.236916144829754
72773,b7a66e629b134079a9bc7120c7b9947b,fafdcd668e3743c1bb461111dcafc2a4,discount,2,2.0,6.235574469749485,2.9247517212594207,4.235574469749485
60780,c773fe9f23f04e9ba2c70ad5e237c7db,fafdcd668e3743c1bb461111dcafc2a4,discount,2,2.0,6.231337556024856,4.778208678047541,4.231337556024856
52147,1bd4211f13814808b1eb71c087e9b391,fafdcd668e3743c1bb461111dcafc2a4,discount,2,2.0,6.226915673264903,5.108078271375685,4.226915673264903
71741,a2f9b5fcc34649cf82d76d221024a644,2906b810c7d4411798c6938adc9daaa5,discount,2,2.0,6.226052996524487,5.538874890471863,4.226052996524487
63656,03118ab70a404fada1a433cd6abaa491,2906b810c7d4411798c6938adc9daaa5,discount,2,2.0,6.2223782259471445,5.660647843908379,4.2223782259471445
63970,09533b07fec7435d97fe33fc9aca6428,2906b810c7d4411798c6938adc9daaa5,discount,2,2.0,6.219919867771924,5.558164638604752,4.219919867771924
69488,77a05cdcda3e431eba0cbf280450ff17,fafdcd668e3743c1bb461111dcafc2a4,discount,2,2.0,6.218280214272115,6.259252170988935,4.218280214272115
51496,0dcdc92ac2c74dacb1e53bb046398cec,fafdcd668e3743c1bb461111dcafc2a4,discount,2,2.0,6.214754677164349,4.686229206324166,4.214754677164349
71773,a3b25e3ffd2f4a54b6559b7e901e294e,fafdcd668e3743c1bb461111dcafc2a4,discount,2,2.0,6.2146593274045845,5.350008312843066,4.2146593274045845
55840,64763980a84b4d7d898a734898b82f93,fafdcd668e3743c1bb461111dcafc2a4,discount,2,2.0,6.210331007926556,4.210071737355118,4.210331007926556
64192,0d71469761604d3688ca099ff09a403f,2906b810c7d4411798c6938adc9daaa5,discount,2,2.0,6.207512804159537,7.60823049463921,4.207512804159537
63337,fc7dbed9006f403ab151ea7bd889ee55,2906b810c7d4411798c6938adc9daaa5,discount,2,2.0,6.201748865985934,4.06779636727603,4.201748865985934
63466,ff32850d18294e8281866662bea65858,2906b810c7d4411798c6938adc9daaa5,discount,2,2.0,6.200358405917742,6.149749571871228,4.200358405917742
51393,0bb50a84fe1040c69f941f6f34f751b2,2906b810c7d4411798c6938adc9daaa5,discount,2,2.0,6.1984896511558585,5.710405710952564,4.1984896511558585
71563,9fabcb66c51e4daaba9edaeb8cac2f6f,2906b810c7d4411798c6938adc9daaa5,discount,2,2.0,6.190914741929978,6.606075083744612,4.190914741929978
67169,494386e4423d41f09fd67a0937e558b5,2906b810c7d4411798c6938adc9daaa5,discount,2,2.0,6.190231063050653,7.913129377893355,4.190231063050653
74161,d4821a5e60674cceaee0d2df7b46b7cf,2906b810c7d4411798c6938adc9daaa5,discount,2,2.0,6.189197248755399,4.874850062695977,4.189197248755399
59932,b56e747d7f6641c88cacc52c5eaebf57,fafdcd668e3743c1bb461111dcafc2a4,discount,2,2.0,6.18832015124546,4.7104751944412975,4.18832015124546
62679,eef2201f5ff142aa8d436dc6af533e18,2906b810c7d4411798c6938adc9daaa5,discount,2,2.0,6.186142252559849,4.849096497328221,4.186142252559849
65974,327cf20d527444aa9a7547f4aec21bb2,fafdcd668e3743c1bb461111dcafc2a4,discount,2,2.0,6.184379048887891,5.044004599387812,4.184379048887891
56683,759ec3a510e84d9598cf238f719dbda5,fafdcd668e3743c1bb461111dcafc2a4,discount,2,2.0,6.18205690580692,3.5971581322999047,4.18205690580692
59216,a75470f190174227887a582d93f88969,fafdcd668e3743c1bb461111dcafc2a4,discount,2,2.0,6.179916043805669,5.3055735904097165,4.179916043805669
53215,307a80e25d7440b68fbff4b14e2cc5d5,fafdcd668e3743c1bb461111dcafc2a4,discount,2,2.0,6.179242063038108,3.638090377911765,4.179242063038108
55193,573be1fbaa5c459a9644e10e1ebb07a0,fafdcd668e3743c1bb461111dcafc2a4,discount,2,2.0,6.174116496242078,4.98055543645517,4.174116496242078
67087,47959423adb741e1985fe1face3c27b4,fafdcd668e3743c1bb461111dcafc2a4,discount,2,2.0,6.172987448245628,5.165599865398063,4.172987448245628
54155,4202b82c9a504e048d7e5f20fe687c6a,2906b810c7d4411798c6938adc9daaa5,discount,2,2.0,6.17050727859761,6.5625244492872845,4.17050727859761
70333,8807861d85f24d7c8d888f33e96d940e,2906b810c7d4411798c6938adc9daaa5,discount,2,2.0,6.16547601220323,6.242402773537389,4.16547601220323
68539,64ebaad21838474d9ee5cab5e5f33cca,fafdcd668e3743c1bb461111dcafc2a4,discount,2,2.0,6.16499914892713,3.9243082000810015,4.16499914892713
75737,f5333feb73b4486da78c28935cc0a3e8,fafdcd668e3743c1bb461111dcafc2a4,discount,2,2.0,6.163635511025234,5.611539725691799,4.163635511025234
52458,226fc5b19c124d79983942fb0985ee15,2906b810c7d4411798c6938adc9daaa5,discount,2,2.0,6.160697020089319,4.083558580086189,4.160697020089319
55664,613561aed3684c3f9834544e43fa67d8,2906b810c7d4411798c6938adc9daaa5,discount,2,2.0,6.160582834968112,8.911177496176357,4.160582834968112
57891,8ce65a3b2b79468980312b5a61b77e29,fafdcd668e3743c1bb461111dcafc2a4,discount,2,2.0,6.160021231153681,5.180771903446576,4.160021231153681
62983,f50ee71f3a3c4d169237ae56e44d13c7,fafdcd668e3743c1bb461111dcafc2a4,discount,2,2.0,6.157747478895468,4.1682377450055,4.157747478895468
59843,b3c15b3b44df42a7b48eb27e5e02b13a,2906b810c7d4411798c6938adc9daaa5,discount,2,2.0,6.157405945182297,3.6974024842307607,4.157405945182297
56325,6dfa8f6398064341b55b4bf04338ce9d,fafdcd668e3743c1bb461111dcafc2a4,discount,2,2.0,6.154506423497196,5.322416076728656,4.154506423497196
51010,040b2e6d3e914d609f6764b34b5a3a88,fafdcd668e3743c1bb461111dcafc2a4,discount,2,2.0,6.141176091048783,6.051788867974231,4.141176091048783
60327,bd777dba9c784ff8aa96c2a4531fba1f,2906b810c7d4411798c6938adc9daaa5,discount,2,2.0,6.139968782053229,5.44781348513828,4.139968782053229
61392,d3cddb41ae3b43edaa67777501c32e45,2906b810c7d4411798c6938adc9daaa5,discount,2,2.0,6.139892332672185,5.911516611988301,4.139892332672185
70943,9425507b622b4494b2f72f195a79c5f9,2906b810c7d4411798c6938adc9daaa5,discount,2,2.0,6.139084083997357,5.472454055654417,4.139084083997357
58310,95bfff94b9b44ba98bb6b69bc3efc3c7,fafdcd668e3743c1bb461111dcafc2a4,discount,2,2.0,6.136434541460572,3.6024931445347583,4.136434541460572
68181,5d284d8835db4300b257e44ae7b51ce6,fafdcd668e3743c1bb461111dcafc2a4,discount,2,2.0,6.134644382987609,5.405840573876874,4.134644382987609
66913,441542bccea446c99b03ce7bae9146d3,2906b810c7d4411798c6938adc9daaa5,discount,2,2.0,6.130271671622005,5.882099455716187,4.130271671622005
76010,fa91970bac0b472481164da2c9b619f8,2906b810c7d4411798c6938adc9daaa5,discount,2,2.0,6.12666552217703,4.269269169618717,4.12666552217703
53395,33e4e9352ea04b559e0d0a210642ecb3,2906b810c7d4411798c6938adc9daaa5,discount,2,2.0,6.121782013855925,2.502498640155353,4.121782013855925
71863,a54fde7c149c42c394407f40052633ba,2906b810c7d4411798c6938adc9daaa5,discount,2,2.0,6.116094000796487,4.026818717359806,4.116094000796487
55996,6779114475a84348a20ae39e694522b3,fafdcd668e3743c1bb461111dcafc2a4,discount,2,2.0,6.11532416308323,4.597213882106942,4.11532416308323
61841,dd7216675c0c4914973a9a3364b6a651,2906b810c7d4411798c6938adc9daaa5,discount,2,2.0,6.114206322333239,5.328949748216965,4.114206322333239
75726,f4ef9a434c22420b8d7528602f777375,fafdcd668e3743c1bb461111dcafc2a4,discount,2,2.0,6.11259219268149,4.909419320941854,4.11259219268149
69697,7bc77922ea884ca0a795810918b2e833,2906b810c7d4411798c6938adc9daaa5,discount,2,2.0,6.107937560421062,5.471494975233849,4.107937560421062
62727,f00e53b5c2e74f4d9d6527cae74dc364,fafdcd668e3743c1bb461111dcafc2a4,discount,2,2.0,6.101768715574863,3.73098041997207,4.101768715574863
70558,8c80570b7dfb49629e86042c17e659dc,fafdcd668e3743c1bb461111dcafc2a4,discount,2,2.0,6.1017033507165,3.709377005047209,4.1017033507165
64477,13712893fcb34bd691d9a1dfd0d155bd,fafdcd668e3743c1bb461111dcafc2a4,discount,2,2.0,6.098521277664432,5.111533033611343,4.098521277664432
68530,64ae595aca2445fba9831b04823af134,2906b810c7d4411798c6938adc9daaa5,discount,2,2.0,6.096529469188765,6.039330064608167,4.096529469188765
65467,2951d79a56f5493cb001ea5b613378ab,fafdcd668e3743c1bb461111dcafc2a4,discount,2,2.0,6.0909843225961815,6.290540218294993,4.0909843225961815
66254,37f7c5629f5e4908ac73b1c7e9aa4403,2906b810c7d4411798c6938adc9daaa5,discount,2,2.0,6.088079193377699,4.130144180132033,4.088079193377699
65937,319ab9063a6348b087696874d0853f0e,2906b810c7d4411798c6938adc9daaa5,discount,2,2.0,6.085266418803448,5.26586346721562,4.085266418803448
65873,307a80e25d7440b68fbff4b14e2cc5d5,2906b810c7d4411798c6938adc9daaa5,discount,2,2.0,6.083415761531914,3.6987986635712193,4.083415761531914
56604,73c5add7117c43b3b13a17cb05ae15ad,2906b810c7d4411798c6938adc9daaa5,discount,2,2.0,6.083015995767264,5.826229999239068,4.083015995767264
62232,e5573f1e7be848098594716260e6160f,fafdcd668e3743c1bb461111dcafc2a4,discount,2,2.0,6.079242340503889,4.340006272118792,4.079242340503889
54398,46cae479b56c479597ff23bbcdc95693,2906b810c7d4411798c6938adc9daaa5,discount,2,2.0,6.078256001833334,4.655192770541974,4.078256001833334
63268,fb0cb6991c80471e985a625af2bfde8f,2906b810c7d4411798c6938adc9daaa5,discount,2,2.0,6.078166617752437,6.070991908032669,4.078166617752437
58759,9e523a3e05e14fd0bfec8ac108ce2cab,2906b810c7d4411798c6938adc9daaa5,discount,2,2.0,6.077513729260232,7.578183468410982,4.077513729260232
51747,131acac3f21b430bb6c0df9fa77b4b08,fafdcd668e3743c1bb461111dcafc2a4,discount,2,2.0,6.07676879699088,5.101848849450377,4.07676879699088
61121,ce72f785a9964892a289cbdda7c9320d,2906b810c7d4411798c6938adc9daaa5,discount,2,2.0,6.07215946280445,5.5698965442385,4.07215946280445
59581,ae794740ec2c4d2aaa30a6ced332a745,2906b810c7d4411798c6938adc9daaa5,discount,2,2.0,6.06981097861447,6.098128964641752,4.06981097861447
62016,e10ea309805d45f989e58bc040e9250e,2906b810c7d4411798c6938adc9daaa5,discount,2,2.0,6.067085036797256,6.106391676228437,4.067085036797256
51917,16cb0a8fbc52448db414cf3fce1cd082,fafdcd668e3743c1bb461111dcafc2a4,discount,2,2.0,6.066021601020651,3.602318908941788,4.066021601020651
65188,231f415c3b34446ca71fa8cf0b2b974f,fafdcd668e3743c1bb461111dcafc2a4,discount,2,2.0,6.064905695449099,4.884998524698089,4.064905695449099
54768,4e5ff81ab9d946f390252fa8adc740a2,2906b810c7d4411798c6938adc9daaa5,discount,2,2.0,6.064463265423894,5.589551561152712,4.064463265423894
61878,de4cc19481914b79b9bfbec4185de8c7,2906b810c7d4411798c6938adc9daaa5,discount,2,2.0,6.061869814516356,4.504155461006793,4.061869814516356
51671,11739d2b18cb43eeaeefb9806a252874,fafdcd668e3743c1bb461111dcafc2a4,discount,2,2.0,6.061658981621923,3.812690677222797,4.061658981621923
71027,95e5285e78ce43d7882cd5bcf14bc8a0,fafdcd668e3743c1bb461111dcafc2a4,discount,2,2.0,6.059939848902001,5.087323142555437,4.059939848902001
65028,1f72aa042368414d90fb3de6801238ac,fafdcd668e3743c1bb461111dcafc2a4,discount,2,2.0,6.053772055321819,4.745608081251159,4.053772055321819
75785,f630d4e757c042a0802e8aef91b9211b,fafdcd668e3743c1bb461111dcafc2a4,discount,2,2.0,6.052253129132868,5.295604881494155,4.052253129132868
