person_id,offer_id,time_received,time_viewed,time_completed,reward_used,reward,channels,difficulty,duration,offer_type,viewed,completed
0009655768c64bdeb2e877511632db8f,2906b810c7d4411798c6938adc9daaa5,576,,576.0,2.0,2,"['web', 'email', 'mobile']",10,7.0,discount,0,1
003d66b6608740288d6cc97a6903f4f0,0b1e1539f2cc45b7b9fa7c272da2e1d7,504,,696.0,5.0,5,"['web', 'email']",20,10.0,discount,0,1
004c5799adbf42868b9cff0396190900,ae264e3637204a6fb9bb56bc8210ddfd,336,,336.0,10.0,10,"['email', 'mobile', 'social']",10,7.0,bogo,0,1
005500a7188546ff8a767329a2f7c76a,9b98b8c7a33c4b65b9aebfe6a799e6d9,504,,582.0,5.0,5,"['web', 'email', 'mobile']",5,7.0,bogo,0,1
0056df74b63b4298809f0b375a304cf4,0b1e1539f2cc45b7b9fa7c272da2e1d7,408,,414.0,5.0,5,"['web', 'email']",20,10.0,discount,0,1
00715b6e55c3431cb56ff7307eb19675,4d5c57ea9a6940dd891ad53e9dbe8da0,336,,342.0,10.0,10,"['web', 'email', 'mobile', 'social']",10,5.0,bogo,0,1
00840a2ca5d2408e982d56544dc14ffd,9b98b8c7a33c4b65b9aebfe6a799e6d9,408,,522.0,5.0,5,"['web', 'email', 'mobile']",5,7.0,bogo,0,1
0099bf30e4cb4265875266eb3eb25eab,0b1e1539f2cc45b7b9fa7c272da2e1d7,336,,420.0,5.0,5,"['web', 'email']",20,10.0,discount,0,1
00b3400e4ff64ee68ce9ada1d0c222f0,ae264e3637204a6fb9bb56bc8210ddfd,168,,264.0,10.0,10,"['email', 'mobile', 'social']",10,7.0,bogo,0,1
00b3400e4ff64ee68ce9ada1d0c222f0,0b1e1539f2cc45b7b9fa7c272da2e1d7,336,,420.0,5.0,5,"['web', 'email']",20,10.0,discount,0,1
00b3c376db2a4115af3aef34a02f61d6,0b1e1539f2cc45b7b9fa7c272da2e1d7,408,,480.0,5.0,5,"['web', 'email']",20,10.0,discount,0,1
00c2f812f4604c8893152a5c6572030e,2906b810c7d4411798c6938adc9daaa5,504,,582.0,2.0,2,"['web', 'email', 'mobile']",10,7.0,discount,0,1
00cf471ed1aa42a8bdde5561d67da2b1,9b98b8c7a33c4b65b9aebfe6a799e6d9,408,,438.0,5.0,5,"['web', 'email', 'mobile']",5,7.0,bogo,0,1
00d6dc87be4146ceb47fcd4baaaf6477,2906b810c7d4411798c6938adc9daaa5,168,,246.0,2.0,2,"['web', 'email', 'mobile']",10,7.0,discount,0,1
00d7c95f793a4212af44e632fdc1e431,2906b810c7d4411798c6938adc9daaa5,336,,504.0,2.0,2,"['web', 'email', 'mobile']",10,7.0,discount,0,1
00ed7e22b32749cfafbfd88592d401d4,2906b810c7d4411798c6938adc9daaa5,408,,522.0,2.0,2,"['web', 'email', 'mobile']",10,7.0,discount,0,1
0103de989e084e0fab400e80678d7591,0b1e1539f2cc45b7b9fa7c272da2e1d7,168,,384.0,5.0,5,"['web', 'email']",20,10.0,discount,0,1
01162252405b4524a8fa1bf8e6d5f04b,0b1e1539f2cc45b7b9fa7c272da2e1d7,168,,378.0,5.0,5,"['web', 'email']",20,10.0,discount,0,1
01162252405b4524a8fa1bf8e6d5f04b,9b98b8c7a33c4b65b9aebfe6a799e6d9,504,,594.0,5.0,5,"['web', 'email', 'mobile']",5,7.0,bogo,0,1
01176ee7289b48e39ee6261d5c071a07,2906b810c7d4411798c6938adc9daaa5,336,,390.0,2.0,2,"['web', 'email', 'mobile']",10,7.0,discount,0,1
0121fe001b7a404fa9cbe486f8944baf,0b1e1539f2cc45b7b9fa7c272da2e1d7,336,,366.0,5.0,5,"['web', 'email']",20,10.0,discount,0,1
0121fe001b7a404fa9cbe486f8944baf,ae264e3637204a6fb9bb56bc8210ddfd,408,,444.0,10.0,10,"['email', 'mobile', 'social']",10,7.0,bogo,0,1
0123564dbaf144a88a418c33b6350c17,9b98b8c7a33c4b65b9aebfe6a799e6d9,168,,168.0,5.0,5,"['web', 'email', 'mobile']",5,7.0,bogo,0,1
014899c751254a62a96ce676eb11ddc2,ae264e3637204a6fb9bb56bc8210ddfd,168,,204.0,10.0,10,"['email', 'mobile', 'social']",10,7.0,bogo,0,1
016871ea865d4338975026ae08d221d0,2906b810c7d4411798c6938adc9daaa5,0,,108.0,2.0,2,"['web', 'email', 'mobile']",10,7.0,discount,0,1
016edb1d1d67477391c5337545a5d98a,0b1e1539f2cc45b7b9fa7c272da2e1d7,168,,318.0,5.0,5,"['web', 'email']",20,10.0,discount,0,1
017160c1cdb845d48abec3c330b4427e,2906b810c7d4411798c6938adc9daaa5,408,,432.0,2.0,2,"['web', 'email', 'mobile']",10,7.0,discount,0,1
017160c1cdb845d48abec3c330b4427e,0b1e1539f2cc45b7b9fa7c272da2e1d7,576,,612.0,5.0,5,"['web', 'email']",20,10.0,discount,0,1
01784d3e205548a594ba3fcdbdaaf17d,0b1e1539f2cc45b7b9fa7c272da2e1d7,576,,636.0,5.0,5,"['web', 'email']",20,10.0,discount,0,1
0199681637524988a14245632b8376af,0b1e1539f2cc45b7b9fa7c272da2e1d7,408,,444.0,5.0,5,"['web', 'email']",20,10.0,discount,0,1
019be0c6f8fd4000b1967c7308b4bdf4,9b98b8c7a33c4b65b9aebfe6a799e6d9,408,,426.0,5.0,5,"['web', 'email', 'mobile']",5,7.0,bogo,0,1
019ed95d987446e3947da0246cdab831,0b1e1539f2cc45b7b9fa7c272da2e1d7,336,,348.0,5.0,5,"['web', 'email']",20,10.0,discount,0,1
01a202a9021e40aeaa5451a5d134c16c,f19421c1d4aa40978ebb69ca19b0e20d,504,,618.0,5.0,5,"['web', 'email', 'mobile', 'social']",5,5.0,bogo,0,1
01ac633821f0498893320b41b5b22dfc,0b1e1539f2cc45b7b9fa7c272da2e1d7,336,,528.0,5.0,5,"['web', 'email']",20,10.0,discount,0,1
01e09d713abe4a36a70a33fe4b40534e,0b1e1539f2cc45b7b9fa7c272da2e1d7,336,,504.0,5.0,5,"['web', 'email']",20,10.0,discount,0,1
01ef4c6618b64334a15914ff9963eaac,0b1e1539f2cc45b7b9fa7c272da2e1d7,504,,504.0,5.0,5,"['web', 'email']",20,10.0,discount,0,1
01f663b988964a4caca8b19abecb551d,0b1e1539f2cc45b7b9fa7c272da2e1d7,408,,474.0,5.0,5,"['web', 'email']",20,10.0,discount,0,1
01ff6c5d8d014dbd8c120e2b43a065ea,2906b810c7d4411798c6938adc9daaa5,168,,186.0,2.0,2,"['web', 'email', 'mobile']",10,7.0,discount,0,1
0200f61c69da4c2ea078842cdaf234e6,0b1e1539f2cc45b7b9fa7c272da2e1d7,504,,534.0,5.0,5,"['web', 'email']",20,10.0,discount,0,1
020be6e9805649858595dfbaab15ccd7,9b98b8c7a33c4b65b9aebfe6a799e6d9,168,,312.0,5.0,5,"['web', 'email', 'mobile']",5,7.0,bogo,0,1
020be6e9805649858595dfbaab15ccd7,2906b810c7d4411798c6938adc9daaa5,408,,570.0,2.0,2,"['web', 'email', 'mobile']",10,7.0,discount,0,1
020be8b0fafa446ebcce6449b20bc92c,9b98b8c7a33c4b65b9aebfe6a799e6d9,336,,384.0,5.0,5,"['web', 'email', 'mobile']",5,7.0,bogo,0,1
0217c4393fd54e74a523b63c0fcc3da5,2906b810c7d4411798c6938adc9daaa5,576,,612.0,2.0,2,"['web', 'email', 'mobile']",10,7.0,discount,0,1
0222d267445f4f078bc325224e471766,2906b810c7d4411798c6938adc9daaa5,576,,714.0,2.0,2,"['web', 'email', 'mobile']",10,7.0,discount,0,1
0225045e245f4b7289cc55c0b5870ae2,9b98b8c7a33c4b65b9aebfe6a799e6d9,504,,588.0,5.0,5,"['web', 'email', 'mobile']",5,7.0,bogo,0,1
022f5553a0704b53ba26f2d23cb1234d,2906b810c7d4411798c6938adc9daaa5,336,,336.0,2.0,2,"['web', 'email', 'mobile']",10,7.0,discount,0,1
026876bc8c6a4e0c8e330342c92cc844,0b1e1539f2cc45b7b9fa7c272da2e1d7,336,,366.0,5.0,5,"['web', 'email']",20,10.0,discount,0,1
02865fee714e466e99f9bb7a7203887b,9b98b8c7a33c4b65b9aebfe6a799e6d9,0,,78.0,5.0,5,"['web', 'email', 'mobile']",5,7.0,bogo,0,1
028c88a958e54c36a31c4800fd6e887b,2906b810c7d4411798c6938adc9daaa5,336,,348.0,2.0,2,"['web', 'email', 'mobile']",10,7.0,discount,0,1
028c88a958e54c36a31c4800fd6e887b,0b1e1539f2cc45b7b9fa7c272da2e1d7,576,,588.0,5.0,5,"['web', 'email']",20,10.0,discount,0,1
0295719cd357460cbab54f2392b01d19,9b98b8c7a33c4b65b9aebfe6a799e6d9,408,,558.0,5.0,5,"['web', 'email', 'mobile']",5,7.0,bogo,0,1
029e063479234fb1b6c8727c3d45de62,ae264e3637204a6fb9bb56bc8210ddfd,0,,0.0,10.0,10,"['email', 'mobile', 'social']",10,7.0,bogo,0,1
02a00d256444415da8460cd2a3457ea7,9b98b8c7a33c4b65b9aebfe6a799e6d9,576,,702.0,5.0,5,"['web', 'email', 'mobile']",5,7.0,bogo,0,1
02b5aa5725f94bcb94ca58208015b7bc,2298d6c36e964ae4a3e7e9706d1fb8c2,336,,438.0,3.0,3,"['web', 'email', 'mobile', 'social']",7,7.0,discount,0,1
02ba8c272f284139abef53e0290bfb67,0b1e1539f2cc45b7b9fa7c272da2e1d7,336,,432.0,5.0,5,"['web', 'email']",20,10.0,discount,0,1
02ba8c272f284139abef53e0290bfb67,2906b810c7d4411798c6938adc9daaa5,408,,432.0,2.0,2,"['web', 'email', 'mobile']",10,7.0,discount,0,1
02c8c9806a8c44f792a218fb2e8756b3,9b98b8c7a33c4b65b9aebfe6a799e6d9,504,,660.0,5.0,5,"['web', 'email', 'mobile']",5,7.0,bogo,0,1
02e2211319524b9e8bd09794d00d8513,9b98b8c7a33c4b65b9aebfe6a799e6d9,576,,660.0,5.0,5,"['web', 'email', 'mobile']",5,7.0,bogo,0,1
02e4c9dff62e4857a429a4be3ba73ed0,0b1e1539f2cc45b7b9fa7c272da2e1d7,168,,366.0,5.0,5,"['web', 'email']",20,10.0,discount,0,1
02eba2268a3640bb8e85880e12617c5f,9b98b8c7a33c4b65b9aebfe6a799e6d9,576,,594.0,5.0,5,"['web', 'email', 'mobile']",5,7.0,bogo,0,1
02efe413dd194069ab58abde38ab5e02,2906b810c7d4411798c6938adc9daaa5,168,,174.0,2.0,2,"['web', 'email', 'mobile']",10,7.0,discount,0,1
0305b52a24744a9bb660bffc6b39e884,0b1e1539f2cc45b7b9fa7c272da2e1d7,408,,510.0,5.0,5,"['web', 'email']",20,10.0,discount,0,1
033fed8bb1504885b866429db25543a0,2906b810c7d4411798c6938adc9daaa5,336,,348.0,2.0,2,"['web', 'email', 'mobile']",10,7.0,discount,0,1
034946bd82b34a219b556a47f1200828,2906b810c7d4411798c6938adc9daaa5,408,,552.0,2.0,2,"['web', 'email', 'mobile']",10,7.0,discount,0,1
0355c6a5fdbc429ea5b05e8a9ecd2eae,0b1e1539f2cc45b7b9fa7c272da2e1d7,0,,174.0,5.0,5,"['web', 'email']",20,10.0,discount,0,1
0355c6a5fdbc429ea5b05e8a9ecd2eae,9b98b8c7a33c4b65b9aebfe6a799e6d9,168,,174.0,5.0,5,"['web', 'email', 'mobile']",5,7.0,bogo,0,1
036f1e5cca91478685c8cef24cc8b076,9b98b8c7a33c4b65b9aebfe6a799e6d9,504,,660.0,5.0,5,"['web', 'email', 'mobile']",5,7.0,bogo,0,1
03adb16f61e44e6594d6d8e38d0a3e64,9b98b8c7a33c4b65b9aebfe6a799e6d9,504,,600.0,5.0,5,"['web', 'email', 'mobile']",5,7.0,bogo,0,1
03af4a51012e4a00809df85c9279e4e4,ae264e3637204a6fb9bb56bc8210ddfd,408,,450.0,10.0,10,"['email', 'mobile', 'social']",10,7.0,bogo,0,1
03c23b2ec84f4c5296e99c939288bcd4,ae264e3637204a6fb9bb56bc8210ddfd,504,,642.0,10.0,10,"['email', 'mobile', 'social']",10,7.0,bogo,0,1
03c23b2ec84f4c5296e99c939288bcd4,9b98b8c7a33c4b65b9aebfe6a799e6d9,576,,642.0,5.0,5,"['web', 'email', 'mobile']",5,7.0,bogo,0,1
03cc530b458e4fb180c222777916e9b5,2906b810c7d4411798c6938adc9daaa5,576,,702.0,2.0,2,"['web', 'email', 'mobile']",10,7.0,discount,0,1
03f1ad04292f47b2b1299cc92f8f2a5d,0b1e1539f2cc45b7b9fa7c272da2e1d7,504,,588.0,5.0,5,"['web', 'email']",20,10.0,discount,0,1
03fe8e9f855846c88fd01c4b7b147db7,ae264e3637204a6fb9bb56bc8210ddfd,408,,588.0,10.0,10,"['email', 'mobile', 'social']",10,7.0,bogo,0,1
040b2e6d3e914d609f6764b34b5a3a88,9b98b8c7a33c4b65b9aebfe6a799e6d9,576,,696.0,5.0,5,"['web', 'email', 'mobile']",5,7.0,bogo,0,1
0414fcebbd7f4a19bca352622b1c84e2,2906b810c7d4411798c6938adc9daaa5,336,,450.0,2.0,2,"['web', 'email', 'mobile']",10,7.0,discount,0,1
041fd7c6b796430a867c4e03d2ff8f4d,2906b810c7d4411798c6938adc9daaa5,408,,486.0,2.0,2,"['web', 'email', 'mobile']",10,7.0,discount,0,1
043bcfeacb874bbc837300701ce25870,0b1e1539f2cc45b7b9fa7c272da2e1d7,336,,336.0,5.0,5,"['web', 'email']",20,10.0,discount,0,1
0454292436bd4cee98e8ec873e30433e,9b98b8c7a33c4b65b9aebfe6a799e6d9,0,,0.0,5.0,5,"['web', 'email', 'mobile']",5,7.0,bogo,0,1
04698a1182a24807ad4c36f12b67c5ef,0b1e1539f2cc45b7b9fa7c272da2e1d7,504,,540.0,5.0,5,"['web', 'email']",20,10.0,discount,0,1
0494aa6671414fab9837fa3cd45e72bc,9b98b8c7a33c4b65b9aebfe6a799e6d9,168,,210.0,5.0,5,"['web', 'email', 'mobile']",5,7.0,bogo,0,1
04aeb750695a4d9eb3de6ce2ddb7b1e7,9b98b8c7a33c4b65b9aebfe6a799e6d9,408,,426.0,5.0,5,"['web', 'email', 'mobile']",5,7.0,bogo,0,1
04c3b99e274c40b4898ed7653e09cb62,9b98b8c7a33c4b65b9aebfe6a799e6d9,0,,12.0,5.0,5,"['web', 'email', 'mobile']",5,7.0,bogo,0,1
04c66db4925042a5bb103fec87225370,2906b810c7d4411798c6938adc9daaa5,504,,564.0,2.0,2,"['web', 'email', 'mobile']",10,7.0,discount,0,1
04ca4f4a66934cec9d3bbd8833572cf7,0b1e1539f2cc45b7b9fa7c272da2e1d7,0,,96.0,5.0,5,"['web', 'email']",20,10.0,discount,0,1
04ca4f4a66934cec9d3bbd8833572cf7,9b98b8c7a33c4b65b9aebfe6a799e6d9,408,,414.0,5.0,5,"['web', 'email', 'mobile']",5,7.0,bogo,0,1
04dc7c54fc8147069875a5def52d711e,0b1e1539f2cc45b7b9fa7c272da2e1d7,336,,486.0,5.0,5,"['web', 'email']",20,10.0,discount,0,1
04dc7c54fc8147069875a5def52d711e,2906b810c7d4411798c6938adc9daaa5,576,,648.0,2.0,2,"['web', 'email', 'mobile']",10,7.0,discount,0,1
04e0842b079c4113a759aa6e09ea17ed,0b1e1539f2cc45b7b9fa7c272da2e1d7,336,,354.0,5.0,5,"['web', 'email']",20,10.0,discount,0,1
04ea45ec66574a618b0918834ee08fed,0b1e1539f2cc45b7b9fa7c272da2e1d7,0,,510.0,5.0,5,"['web', 'email']",20,10.0,discount,0,1
04ea45ec66574a618b0918834ee08fed,fafdcd668e3743c1bb461111dcafc2a4,408,,510.0,2.0,2,"['web', 'email', 'mobile', 'social']",10,10.0,discount,0,1
04fa747cd2d841bcaf08f0a64e82bbef,2906b810c7d4411798c6938adc9daaa5,0,,492.0,2.0,2,"['web', 'email', 'mobile']",10,7.0,discount,0,1
04fad15f96d446f483823ad08857e752,2906b810c7d4411798c6938adc9daaa5,504,,600.0,2.0,2,"['web', 'email', 'mobile']",10,7.0,discount,0,1
051b92f5a9f94328a8721e86905c1d3d,0b1e1539f2cc45b7b9fa7c272da2e1d7,576,,630.0,5.0,5,"['web', 'email']",20,10.0,discount,0,1
051e221bbd75481c8d935f6adcee2edc,9b98b8c7a33c4b65b9aebfe6a799e6d9,336,,336.0,5.0,5,"['web', 'email', 'mobile']",5,7.0,bogo,0,1
051e221bbd75481c8d935f6adcee2edc,0b1e1539f2cc45b7b9fa7c272da2e1d7,504,,576.0,5.0,5,"['web', 'email']",20,10.0,discount,0,1
054244238c794ca380a197a21b2fd6e6,2906b810c7d4411798c6938adc9daaa5,0,,324.0,2.0,2,"['web', 'email', 'mobile']",10,7.0,discount,0,1
0555eeabf1284cfd85c306caf9360d05,2906b810c7d4411798c6938adc9daaa5,504,,612.0,2.0,2,"['web', 'email', 'mobile']",10,7.0,discount,0,1
055a06b9a6ad42fcaa1fe7706b5e21aa,9b98b8c7a33c4b65b9aebfe6a799e6d9,408,,582.0,5.0,5,"['web', 'email', 'mobile']",5,7.0,bogo,0,1
055a06b9a6ad42fcaa1fe7706b5e21aa,f19421c1d4aa40978ebb69ca19b0e20d,504,,582.0,5.0,5,"['web', 'email', 'mobile', 'social']",5,5.0,bogo,0,1
0565285a6b374513b887f9a6af7fa5bb,9b98b8c7a33c4b65b9aebfe6a799e6d9,504,,540.0,5.0,5,"['web', 'email', 'mobile']",5,7.0,bogo,0,1
0580b842b328497ea4bd463af56c17e2,0b1e1539f2cc45b7b9fa7c272da2e1d7,168,,360.0,5.0,5,"['web', 'email']",20,10.0,discount,0,1
05894078f0a84797a81049d3c3f04402,2906b810c7d4411798c6938adc9daaa5,408,,462.0,2.0,2,"['web', 'email', 'mobile']",10,7.0,discount,0,1
058b4e5020734ba7b48b0b43119bab0f,9b98b8c7a33c4b65b9aebfe6a799e6d9,576,,618.0,5.0,5,"['web', 'email', 'mobile']",5,7.0,bogo,0,1
059de3bbf78b497fa190ecbc20d26521,2906b810c7d4411798c6938adc9daaa5,408,,456.0,2.0,2,"['web', 'email', 'mobile']",10,7.0,discount,0,1
05a009c95e8d477cbed5c1661343bbb9,2906b810c7d4411798c6938adc9daaa5,408,,450.0,2.0,2,"['web', 'email', 'mobile']",10,7.0,discount,0,1
05b0cd60c07e4ffdb1829da2010b55ee,9b98b8c7a33c4b65b9aebfe6a799e6d9,504,,522.0,5.0,5,"['web', 'email', 'mobile']",5,7.0,bogo,0,1
05b1e22c61c849c4bddd497795f2ac37,9b98b8c7a33c4b65b9aebfe6a799e6d9,504,,624.0,5.0,5,"['web', 'email', 'mobile']",5,7.0,bogo,0,1
05beec1cbeb8481d9bfb5844343ba374,2906b810c7d4411798c6938adc9daaa5,0,,48.0,2.0,2,"['web', 'email', 'mobile']",10,7.0,discount,0,1
05beec1cbeb8481d9bfb5844343ba374,0b1e1539f2cc45b7b9fa7c272da2e1d7,168,,210.0,5.0,5,"['web', 'email']",20,10.0,discount,0,1
05c64ce569db467a939173b41889a77a,9b98b8c7a33c4b65b9aebfe6a799e6d9,408,,408.0,5.0,5,"['web', 'email', 'mobile']",5,7.0,bogo,0,1
05e3b4ecea3b45adb9734a2793eeb26f,0b1e1539f2cc45b7b9fa7c272da2e1d7,504,,672.0,5.0,5,"['web', 'email']",20,10.0,discount,0,1
05ea8d8a95eb4b209a6e048878470df1,9b98b8c7a33c4b65b9aebfe6a799e6d9,336,,450.0,5.0,5,"['web', 'email', 'mobile']",5,7.0,bogo,0,1
05ea8d8a95eb4b209a6e048878470df1,2906b810c7d4411798c6938adc9daaa5,408,,450.0,2.0,2,"['web', 'email', 'mobile']",10,7.0,discount,0,1
05f33951bb1047f2a5b277d84c675cab,ae264e3637204a6fb9bb56bc8210ddfd,336,,360.0,10.0,10,"['email', 'mobile', 'social']",10,7.0,bogo,0,1
0607b32041f94d65a07835fc9a13416a,0b1e1539f2cc45b7b9fa7c272da2e1d7,0,,102.0,5.0,5,"['web', 'email']",20,10.0,discount,0,1
0607b32041f94d65a07835fc9a13416a,9b98b8c7a33c4b65b9aebfe6a799e6d9,576,,588.0,5.0,5,"['web', 'email', 'mobile']",5,7.0,bogo,0,1
0610b486422d4921ae7d2bf64640c50b,9b98b8c7a33c4b65b9aebfe6a799e6d9,408,,528.0,5.0,5,"['web', 'email', 'mobile']",5,7.0,bogo,0,1
061e7367906a4d0087b8e8f2f92a313e,9b98b8c7a33c4b65b9aebfe6a799e6d9,0,,96.0,5.0,5,"['web', 'email', 'mobile']",5,7.0,bogo,0,1
061e7367906a4d0087b8e8f2f92a313e,4d5c57ea9a6940dd891ad53e9dbe8da0,576,,606.0,10.0,10,"['web', 'email', 'mobile', 'social']",10,5.0,bogo,0,1
0622afdf88de4cb4b0b59f08312c344c,9b98b8c7a33c4b65b9aebfe6a799e6d9,168,,300.0,5.0,5,"['web', 'email', 'mobile']",5,7.0,bogo,0,1
062964a129f64110a3919595cd731141,0b1e1539f2cc45b7b9fa7c272da2e1d7,576,,588.0,5.0,5,"['web', 'email']",20,10.0,discount,0,1
0647d8018845486094ce99b6ca99eb6c,0b1e1539f2cc45b7b9fa7c272da2e1d7,408,,558.0,5.0,5,"['web', 'email']",20,10.0,discount,0,1
064c75dd2f664b5f9c1daa3d588d3073,2906b810c7d4411798c6938adc9daaa5,168,,270.0,2.0,2,"['web', 'email', 'mobile']",10,7.0,discount,0,1
0650c7a4df92429f8b695a4b646aa195,0b1e1539f2cc45b7b9fa7c272da2e1d7,576,,576.0,5.0,5,"['web', 'email']",20,10.0,discount,0,1
065467da18c743a7b8a87c9fd2d536d9,0b1e1539f2cc45b7b9fa7c272da2e1d7,0,,192.0,5.0,5,"['web', 'email']",20,10.0,discount,0,1
06609f295aba4e42abdaf07c2f758303,0b1e1539f2cc45b7b9fa7c272da2e1d7,0,,204.0,5.0,5,"['web', 'email']",20,10.0,discount,0,1
0673e9690e874b7b842da2be63d2de84,0b1e1539f2cc45b7b9fa7c272da2e1d7,336,,390.0,5.0,5,"['web', 'email']",20,10.0,discount,0,1
0679b66105224a0c960efdb95f19ee1d,2906b810c7d4411798c6938adc9daaa5,336,,498.0,2.0,2,"['web', 'email', 'mobile']",10,7.0,discount,0,1
067d163ebd2748cf954bd1ccc4cfa4af,2906b810c7d4411798c6938adc9daaa5,504,,660.0,2.0,2,"['web', 'email', 'mobile']",10,7.0,discount,0,1
067ee299952e49328b06da73e2ba1965,9b98b8c7a33c4b65b9aebfe6a799e6d9,168,,270.0,5.0,5,"['web', 'email', 'mobile']",5,7.0,bogo,0,1
06ab01a0775d4b35bceca2d607271874,2906b810c7d4411798c6938adc9daaa5,408,,414.0,2.0,2,"['web', 'email', 'mobile']",10,7.0,discount,0,1
06b14580b3d44014b99214631b841e66,0b1e1539f2cc45b7b9fa7c272da2e1d7,576,,576.0,5.0,5,"['web', 'email']",20,10.0,discount,0,1
06b99e8cc24b426f8a578c749974b88a,2906b810c7d4411798c6938adc9daaa5,336,,378.0,2.0,2,"['web', 'email', 'mobile']",10,7.0,discount,0,1
06d34b0fb66e4feea9b2c765755a8e1f,2906b810c7d4411798c6938adc9daaa5,0,,144.0,2.0,2,"['web', 'email', 'mobile']",10,7.0,discount,0,1
06d7f5abc31b4a02836349333ac02f33,9b98b8c7a33c4b65b9aebfe6a799e6d9,408,,432.0,5.0,5,"['web', 'email', 'mobile']",5,7.0,bogo,0,1
06de851506d44f9f803058b8e01d4392,2906b810c7d4411798c6938adc9daaa5,408,,564.0,2.0,2,"['web', 'email', 'mobile']",10,7.0,discount,0,1
06ed8e3c641e4e8e803f336e5b20ddd7,ae264e3637204a6fb9bb56bc8210ddfd,336,,504.0,10.0,10,"['email', 'mobile', 'social']",10,7.0,bogo,0,1
06f4bfb1cb4c4c968add3d9980a279fa,9b98b8c7a33c4b65b9aebfe6a799e6d9,0,,72.0,5.0,5,"['web', 'email', 'mobile']",5,7.0,bogo,0,1
06f4bfb1cb4c4c968add3d9980a279fa,0b1e1539f2cc45b7b9fa7c272da2e1d7,504,,576.0,5.0,5,"['web', 'email']",20,10.0,discount,0,1
0758cd8721ca4bb88a32162e244d715f,0b1e1539f2cc45b7b9fa7c272da2e1d7,0,,216.0,5.0,5,"['web', 'email']",20,10.0,discount,0,1
0758cd8721ca4bb88a32162e244d715f,9b98b8c7a33c4b65b9aebfe6a799e6d9,168,,216.0,5.0,5,"['web', 'email', 'mobile']",5,7.0,bogo,0,1
07637d5afb234025bc95687f69fc6356,0b1e1539f2cc45b7b9fa7c272da2e1d7,504,,522.0,5.0,5,"['web', 'email']",20,10.0,discount,0,1
07805efd53494b8fa08f661e311dad9e,9b98b8c7a33c4b65b9aebfe6a799e6d9,504,,504.0,5.0,5,"['web', 'email', 'mobile']",5,7.0,bogo,0,1
079a60e8e7694ffb8d9a4ddf45e85897,0b1e1539f2cc45b7b9fa7c272da2e1d7,504,,606.0,5.0,5,"['web', 'email']",20,10.0,discount,0,1
07a00827302441ee968555e2fd20dbcd,ae264e3637204a6fb9bb56bc8210ddfd,168,,180.0,10.0,10,"['email', 'mobile', 'social']",10,7.0,bogo,0,1
07a00827302441ee968555e2fd20dbcd,0b1e1539f2cc45b7b9fa7c272da2e1d7,336,,426.0,5.0,5,"['web', 'email']",20,10.0,discount,0,1
07a00827302441ee968555e2fd20dbcd,9b98b8c7a33c4b65b9aebfe6a799e6d9,576,,576.0,5.0,5,"['web', 'email', 'mobile']",5,7.0,bogo,0,1
07adfad3f0c54e738d60fd5a51285486,9b98b8c7a33c4b65b9aebfe6a799e6d9,576,,666.0,5.0,5,"['web', 'email', 'mobile']",5,7.0,bogo,0,1
07bdb81f215b4ef19653675c6eb2c447,9b98b8c7a33c4b65b9aebfe6a799e6d9,0,,42.0,5.0,5,"['web', 'email', 'mobile']",5,7.0,bogo,0,1
07c44df054f241aab553723ed855ca21,fafdcd668e3743c1bb461111dcafc2a4,336,,408.0,2.0,2,"['web', 'email', 'mobile', 'social']",10,10.0,discount,0,1
07d1d0df6d1e467ba9e23844145b1477,0b1e1539f2cc45b7b9fa7c272da2e1d7,336,,456.0,5.0,5,"['web', 'email']",20,10.0,discount,0,1
07e29d02d0074da28b430e1dc40cc1fc,ae264e3637204a6fb9bb56bc8210ddfd,504,,642.0,10.0,10,"['email', 'mobile', 'social']",10,7.0,bogo,0,1
07e7d74b98e9496eae8226d4af05f33b,2906b810c7d4411798c6938adc9daaa5,576,,588.0,2.0,2,"['web', 'email', 'mobile']",10,7.0,discount,0,1
07f4ec4a70cd456583e224bb6d2d1787,0b1e1539f2cc45b7b9fa7c272da2e1d7,0,,216.0,5.0,5,"['web', 'email']",20,10.0,discount,0,1
0809ff2ff8fe461ea8996377a7abd46d,0b1e1539f2cc45b7b9fa7c272da2e1d7,0,,78.0,5.0,5,"['web', 'email']",20,10.0,discount,0,1
0809ff2ff8fe461ea8996377a7abd46d,2906b810c7d4411798c6938adc9daaa5,504,,504.0,2.0,2,"['web', 'email', 'mobile']",10,7.0,discount,0,1
082624ed9a14484e914323d0cd586ca8,ae264e3637204a6fb9bb56bc8210ddfd,336,,468.0,10.0,10,"['email', 'mobile', 'social']",10,7.0,bogo,0,1
08331c061bd140c2ae27b8d735763e79,9b98b8c7a33c4b65b9aebfe6a799e6d9,0,,36.0,5.0,5,"['web', 'email', 'mobile']",5,7.0,bogo,0,1
084c6cf4cd3a46a288e55ab2213e644c,0b1e1539f2cc45b7b9fa7c272da2e1d7,168,,264.0,5.0,5,"['web', 'email']",20,10.0,discount,0,1
08579355f46b49efa8412ddacc4ac832,0b1e1539f2cc45b7b9fa7c272da2e1d7,408,,486.0,5.0,5,"['web', 'email']",20,10.0,discount,0,1
0861b9ca31b741bb8b411b18f82d18f6,0b1e1539f2cc45b7b9fa7c272da2e1d7,504,,666.0,5.0,5,"['web', 'email']",20,10.0,discount,0,1
086dc8a56e3d467d81bf7e47efca0404,9b98b8c7a33c4b65b9aebfe6a799e6d9,408,,408.0,5.0,5,"['web', 'email', 'mobile']",5,7.0,bogo,0,1
087d0fcdbf294f7494a96d8d6a56cf41,0b1e1539f2cc45b7b9fa7c272da2e1d7,408,,486.0,5.0,5,"['web', 'email']",20,10.0,discount,0,1
08a5adf50a9b40a9b5bb24019d0a55fc,2906b810c7d4411798c6938adc9daaa5,336,,414.0,2.0,2,"['web', 'email', 'mobile']",10,7.0,discount,0,1
08f478cb589a4dcb882a079b1ccffc20,0b1e1539f2cc45b7b9fa7c272da2e1d7,408,,600.0,5.0,5,"['web', 'email']",20,10.0,discount,0,1
08fd4c97526a46b58919a0d48ec65434,2906b810c7d4411798c6938adc9daaa5,336,,426.0,2.0,2,"['web', 'email', 'mobile']",10,7.0,discount,0,1
090787edb9ca42a7ac812641fe2ab118,9b98b8c7a33c4b65b9aebfe6a799e6d9,336,,456.0,5.0,5,"['web', 'email', 'mobile']",5,7.0,bogo,0,1
09218129551d4929a3beea8d3eafd787,ae264e3637204a6fb9bb56bc8210ddfd,504,,600.0,10.0,10,"['email', 'mobile', 'social']",10,7.0,bogo,0,1
0951cc66d2f841e99cce016730c3f6da,2906b810c7d4411798c6938adc9daaa5,504,,648.0,2.0,2,"['web', 'email', 'mobile']",10,7.0,discount,0,1
095cc9fc7aaa428b99c0ad42b3949fc5,9b98b8c7a33c4b65b9aebfe6a799e6d9,0,,162.0,5.0,5,"['web', 'email', 'mobile']",5,7.0,bogo,0,1
0973a73fb67147e09659b92bc511eb78,2906b810c7d4411798c6938adc9daaa5,576,,708.0,2.0,2,"['web', 'email', 'mobile']",10,7.0,discount,0,1
0976fd3ecfb84e1ca92d90b6adc2001c,0b1e1539f2cc45b7b9fa7c272da2e1d7,336,,492.0,5.0,5,"['web', 'email']",20,10.0,discount,0,1
0978745a7e524deeabd326d6e5a13d0c,9b98b8c7a33c4b65b9aebfe6a799e6d9,504,,522.0,5.0,5,"['web', 'email', 'mobile']",5,7.0,bogo,0,1
09926978a42248f08791fe53fc7ac085,2906b810c7d4411798c6938adc9daaa5,408,,414.0,2.0,2,"['web', 'email', 'mobile']",10,7.0,discount,0,1
09a232cdf36d4d2b9d23a860493ce998,9b98b8c7a33c4b65b9aebfe6a799e6d9,0,,30.0,5.0,5,"['web', 'email', 'mobile']",5,7.0,bogo,0,1
09a5c16b6b9d4aa8a6d1301620c0e900,2906b810c7d4411798c6938adc9daaa5,408,,570.0,2.0,2,"['web', 'email', 'mobile']",10,7.0,discount,0,1
09ccb706f86c4d1ca7a35d054caa9fb5,9b98b8c7a33c4b65b9aebfe6a799e6d9,0,,144.0,5.0,5,"['web', 'email', 'mobile']",5,7.0,bogo,0,1
09ccc48287ba46f59a92d9ed89dec344,0b1e1539f2cc45b7b9fa7c272da2e1d7,336,,402.0,5.0,5,"['web', 'email']",20,10.0,discount,0,1
0a0034a3fe9644d49d77729378751043,9b98b8c7a33c4b65b9aebfe6a799e6d9,168,,258.0,5.0,5,"['web', 'email', 'mobile']",5,7.0,bogo,0,1
0a0730c8bc904102a088b1e2e9b6e7a7,0b1e1539f2cc45b7b9fa7c272da2e1d7,576,,672.0,5.0,5,"['web', 'email']",20,10.0,discount,0,1
0a0bb27cb9904b638d376ad1c6d09e81,ae264e3637204a6fb9bb56bc8210ddfd,336,,432.0,10.0,10,"['email', 'mobile', 'social']",10,7.0,bogo,0,1
0a197ecc873f4c04998372999e80ce79,9b98b8c7a33c4b65b9aebfe6a799e6d9,0,,36.0,5.0,5,"['web', 'email', 'mobile']",5,7.0,bogo,0,1
0a2d08c3970c4d2181711b61f4f9cb31,0b1e1539f2cc45b7b9fa7c272da2e1d7,168,,360.0,5.0,5,"['web', 'email']",20,10.0,discount,0,1
0a43626c07724771836f653098a19ec8,0b1e1539f2cc45b7b9fa7c272da2e1d7,0,,120.0,5.0,5,"['web', 'email']",20,10.0,discount,0,1
0a4a8c491ba646b89638bd32cb9ed0e3,0b1e1539f2cc45b7b9fa7c272da2e1d7,336,,564.0,5.0,5,"['web', 'email']",20,10.0,discount,0,1
0a59aabdf1fc4f999711d65fb84c4f90,2906b810c7d4411798c6938adc9daaa5,336,,534.0,2.0,2,"['web', 'email', 'mobile']",10,7.0,discount,0,1
0a7c7af5e814481b8e4a4a3b6e2f8697,0b1e1539f2cc45b7b9fa7c272da2e1d7,0,,60.0,5.0,5,"['web', 'email']",20,10.0,discount,0,1
0a7c7af5e814481b8e4a4a3b6e2f8697,ae264e3637204a6fb9bb56bc8210ddfd,504,,654.0,10.0,10,"['email', 'mobile', 'social']",10,7.0,bogo,0,1
0a93a485420b4285949568ff618d10df,0b1e1539f2cc45b7b9fa7c272da2e1d7,576,,636.0,5.0,5,"['web', 'email']",20,10.0,discount,0,1
0a947767586e4587b06b8ca3efc3c8e7,4d5c57ea9a6940dd891ad53e9dbe8da0,504,,576.0,10.0,10,"['web', 'email', 'mobile', 'social']",10,5.0,bogo,0,1
0a947767586e4587b06b8ca3efc3c8e7,9b98b8c7a33c4b65b9aebfe6a799e6d9,576,,576.0,5.0,5,"['web', 'email', 'mobile']",5,7.0,bogo,0,1
0ab5c869c82648e88d2780562e7835d8,2906b810c7d4411798c6938adc9daaa5,0,,156.0,2.0,2,"['web', 'email', 'mobile']",10,7.0,discount,0,1
0ab68614da78404e978ce963c230bd45,9b98b8c7a33c4b65b9aebfe6a799e6d9,576,,666.0,5.0,5,"['web', 'email', 'mobile']",5,7.0,bogo,0,1
0abf09a9470a46c392425e988493ecef,2906b810c7d4411798c6938adc9daaa5,336,,420.0,2.0,2,"['web', 'email', 'mobile']",10,7.0,discount,0,1
0ac4cc504d9047d3aac00d5c8417f784,2906b810c7d4411798c6938adc9daaa5,576,,708.0,2.0,2,"['web', 'email', 'mobile']",10,7.0,discount,0,1
0ac5ffb0f1624297a453494b845e1a91,fafdcd668e3743c1bb461111dcafc2a4,504,,654.0,2.0,2,"['web', 'email', 'mobile', 'social']",10,10.0,discount,0,1
0acaa564f18b418ba642e2a4ff3e028d,ae264e3637204a6fb9bb56bc8210ddfd,336,,402.0,10.0,10,"['email', 'mobile', 'social']",10,7.0,bogo,0,1
0ad738158c52421eb5db2d42a1ad166c,2906b810c7d4411798c6938adc9daaa5,0,,42.0,2.0,2,"['web', 'email', 'mobile']",10,7.0,discount,0,1
0ae0111e8e394788879bd78cd520d8a0,2906b810c7d4411798c6938adc9daaa5,0,,12.0,2.0,2,"['web', 'email', 'mobile']",10,7.0,discount,0,1
0ae29213aca44708a61a65ddac56b0d1,ae264e3637204a6fb9bb56bc8210ddfd,408,,438.0,10.0,10,"['email', 'mobile', 'social']",10,7.0,bogo,0,1
0ae565c6ebc5417db7f6d2ee5eaabe72,0b1e1539f2cc45b7b9fa7c272da2e1d7,504,,618.0,5.0,5,"['web', 'email']",20,10.0,discount,0,1
0aea37c300ba4262b523881c7112484d,9b98b8c7a33c4b65b9aebfe6a799e6d9,0,,96.0,5.0,5,"['web', 'email', 'mobile']",5,7.0,bogo,0,1
0b0e7c84cee54feebc11f81bb2aa8fb9,2906b810c7d4411798c6938adc9daaa5,504,,552.0,2.0,2,"['web', 'email', 'mobile']",10,7.0,discount,0,1
0b250fe9fab14dac96ba542a572da081,4d5c57ea9a6940dd891ad53e9dbe8da0,408,,486.0,10.0,10,"['web', 'email', 'mobile', 'social']",10,5.0,bogo,0,1
0b3878783eed4009993f706e51f19d9e,0b1e1539f2cc45b7b9fa7c272da2e1d7,168,,198.0,5.0,5,"['web', 'email']",20,10.0,discount,0,1
0b3878783eed4009993f706e51f19d9e,9b98b8c7a33c4b65b9aebfe6a799e6d9,504,,582.0,5.0,5,"['web', 'email', 'mobile']",5,7.0,bogo,0,1
0b46f27233cf4f56b5ed434eccf401aa,2906b810c7d4411798c6938adc9daaa5,168,,192.0,2.0,2,"['web', 'email', 'mobile']",10,7.0,discount,0,1
0b4c43b9cba1408a91dbf48c44b8026a,9b98b8c7a33c4b65b9aebfe6a799e6d9,576,,630.0,5.0,5,"['web', 'email', 'mobile']",5,7.0,bogo,0,1
0b54aa822f7b44e6b023cea1a0e8d8a0,0b1e1539f2cc45b7b9fa7c272da2e1d7,168,,180.0,5.0,5,"['web', 'email']",20,10.0,discount,0,1
0b54aa822f7b44e6b023cea1a0e8d8a0,2906b810c7d4411798c6938adc9daaa5,576,,636.0,2.0,2,"['web', 'email', 'mobile']",10,7.0,discount,0,1
0b5e0b7de9bb42d9bc4a728be1626509,9b98b8c7a33c4b65b9aebfe6a799e6d9,336,,336.0,5.0,5,"['web', 'email', 'mobile']",5,7.0,bogo,0,1
0b5e0b7de9bb42d9bc4a728be1626509,2906b810c7d4411798c6938adc9daaa5,408,,510.0,2.0,2,"['web', 'email', 'mobile']",10,7.0,discount,0,1
0b63d4cabf5f4c1eab0277c6c1b09362,2906b810c7d4411798c6938adc9daaa5,408,,438.0,2.0,2,"['web', 'email', 'mobile']",10,7.0,discount,0,1
0b6b453772ea4c3a963e92ae2b0817a2,2906b810c7d4411798c6938adc9daaa5,504,,654.0,2.0,2,"['web', 'email', 'mobile']",10,7.0,discount,0,1
0b73997a269247088b2a63355f53ee58,0b1e1539f2cc45b7b9fa7c272da2e1d7,336,,342.0,5.0,5,"['web', 'email']",20,10.0,discount,0,1
0b7b452e6b9042839d3d6d15c057d23e,9b98b8c7a33c4b65b9aebfe6a799e6d9,504,,528.0,5.0,5,"['web', 'email', 'mobile']",5,7.0,bogo,0,1
0b83ad12131140a9bd1b2e5e1ae457e4,2298d6c36e964ae4a3e7e9706d1fb8c2,504,,510.0,3.0,3,"['web', 'email', 'mobile', 'social']",7,7.0,discount,0,1
0b854279718f4295a7a6bae7cd7ee2e3,0b1e1539f2cc45b7b9fa7c272da2e1d7,504,,504.0,5.0,5,"['web', 'email']",20,10.0,discount,0,1
0b9248aa06a24ff991321150b8b56098,2298d6c36e964ae4a3e7e9706d1fb8c2,336,,336.0,3.0,3,"['web', 'email', 'mobile', 'social']",7,7.0,discount,0,1
0b9d749dd7c4461c8b4547eea2ddaa65,2906b810c7d4411798c6938adc9daaa5,0,,606.0,2.0,2,"['web', 'email', 'mobile']",10,7.0,discount,0,1
0ba6584a372247e68f0ddcbf98316a0a,0b1e1539f2cc45b7b9fa7c272da2e1d7,168,,342.0,5.0,5,"['web', 'email']",20,10.0,discount,0,1
0bb2879db8a0458fa7cb17280a54847f,9b98b8c7a33c4b65b9aebfe6a799e6d9,0,,138.0,5.0,5,"['web', 'email', 'mobile']",5,7.0,bogo,0,1
0bb2879db8a0458fa7cb17280a54847f,0b1e1539f2cc45b7b9fa7c272da2e1d7,504,,654.0,5.0,5,"['web', 'email']",20,10.0,discount,0,1
0bb50a84fe1040c69f941f6f34f751b2,2906b810c7d4411798c6938adc9daaa5,504,,522.0,2.0,2,"['web', 'email', 'mobile']",10,7.0,discount,0,1
0bbcf0985bd04fc4bbf77b4500ada512,0b1e1539f2cc45b7b9fa7c272da2e1d7,504,,636.0,5.0,5,"['web', 'email']",20,10.0,discount,0,1
0be4d6e6e5a64e4eaca901db0b124fbe,0b1e1539f2cc45b7b9fa7c272da2e1d7,408,,582.0,5.0,5,"['web', 'email']",20,10.0,discount,0,1
0bfbad000b9844b3bc6753262251ecd2,0b1e1539f2cc45b7b9fa7c272da2e1d7,504,,612.0,5.0,5,"['web', 'email']",20,10.0,discount,0,1
0c0af42e1e804ded94eb5d73dfffbb6f,2906b810c7d4411798c6938adc9daaa5,336,,468.0,2.0,2,"['web', 'email', 'mobile']",10,7.0,discount,0,1
0c0af42e1e804ded94eb5d73dfffbb6f,9b98b8c7a33c4b65b9aebfe6a799e6d9,504,,630.0,5.0,5,"['web', 'email', 'mobile']",5,7.0,bogo,0,1
0c4636aab4284e1484b7f88c6d48ba36,0b1e1539f2cc45b7b9fa7c272da2e1d7,408,,624.0,5.0,5,"['web', 'email']",20,10.0,discount,0,1
0c48cec9c44b4b47923a70dcb0641662,0b1e1539f2cc45b7b9fa7c272da2e1d7,408,,450.0,5.0,5,"['web', 'email']",20,10.0,discount,0,1
0c48cec9c44b4b47923a70dcb0641662,2906b810c7d4411798c6938adc9daaa5,504,,672.0,2.0,2,"['web', 'email', 'mobile']",10,7.0,discount,0,1
0c7ba4aca9f3477ba0d105f3763f5871,0b1e1539f2cc45b7b9fa7c272da2e1d7,168,,354.0,5.0,5,"['web', 'email']",20,10.0,discount,0,1
0c7ba4aca9f3477ba0d105f3763f5871,9b98b8c7a33c4b65b9aebfe6a799e6d9,504,,624.0,5.0,5,"['web', 'email', 'mobile']",5,7.0,bogo,0,1
0cbc5b2f775f4ae69b79196ec2ee061e,0b1e1539f2cc45b7b9fa7c272da2e1d7,0,,18.0,5.0,5,"['web', 'email']",20,10.0,discount,0,1
0cbc5b2f775f4ae69b79196ec2ee061e,2906b810c7d4411798c6938adc9daaa5,168,,270.0,2.0,2,"['web', 'email', 'mobile']",10,7.0,discount,0,1
0cc0066758e647e3adb2e9d06eb7de59,0b1e1539f2cc45b7b9fa7c272da2e1d7,504,,516.0,5.0,5,"['web', 'email']",20,10.0,discount,0,1
0cc00e05b6be41e78d8385f64ccb5e15,9b98b8c7a33c4b65b9aebfe6a799e6d9,168,,216.0,5.0,5,"['web', 'email', 'mobile']",5,7.0,bogo,0,1
0cec20d571574e2d810148b0e26b2047,2906b810c7d4411798c6938adc9daaa5,504,,612.0,2.0,2,"['web', 'email', 'mobile']",10,7.0,discount,0,1
0cfc87a1aec942fd9c6055add7179075,2906b810c7d4411798c6938adc9daaa5,336,,390.0,2.0,2,"['web', 'email', 'mobile']",10,7.0,discount,0,1
0cfc87a1aec942fd9c6055add7179075,2298d6c36e964ae4a3e7e9706d1fb8c2,408,,480.0,3.0,3,"['web', 'email', 'mobile', 'social']",7,7.0,discount,0,1
0d069e0def304114b261daa9695433ba,0b1e1539f2cc45b7b9fa7c272da2e1d7,168,,432.0,5.0,5,"['web', 'email']",20,10.0,discount,0,1
0d069e0def304114b261daa9695433ba,9b98b8c7a33c4b65b9aebfe6a799e6d9,504,,552.0,5.0,5,"['web', 'email', 'mobile']",5,7.0,bogo,0,1
0d0a9ca9281248a8a35806c9ae68f872,2906b810c7d4411798c6938adc9daaa5,504,,528.0,2.0,2,"['web', 'email', 'mobile']",10,7.0,discount,0,1
0d21bafce46a417d9488c090367278e1,2906b810c7d4411798c6938adc9daaa5,0,,156.0,2.0,2,"['web', 'email', 'mobile']",10,7.0,discount,0,1
0d22a83650df410d978e9ae2a3f94152,9b98b8c7a33c4b65b9aebfe6a799e6d9,336,,474.0,5.0,5,"['web', 'email', 'mobile']",5,7.0,bogo,0,1
0d3dc68161a243b3931832164030ff8b,9b98b8c7a33c4b65b9aebfe6a799e6d9,408,,420.0,5.0,5,"['web', 'email', 'mobile']",5,7.0,bogo,0,1
0d430e04265c4049809fe2ce680940ee,9b98b8c7a33c4b65b9aebfe6a799e6d9,408,,492.0,5.0,5,"['web', 'email', 'mobile']",5,7.0,bogo,0,1
0d50a9abf52442e29e484474cc8d0d68,0b1e1539f2cc45b7b9fa7c272da2e1d7,336,,510.0,5.0,5,"['web', 'email']",20,10.0,discount,0,1
0d5c1536f389406fb476f63658c20fda,0b1e1539f2cc45b7b9fa7c272da2e1d7,336,,528.0,5.0,5,"['web', 'email']",20,10.0,discount,0,1
0d71469761604d3688ca099ff09a403f,2906b810c7d4411798c6938adc9daaa5,168,,300.0,2.0,2,"['web', 'email', 'mobile']",10,7.0,discount,0,1
0d78e1683bdb47f2919a8b4a62e6488d,9b98b8c7a33c4b65b9aebfe6a799e6d9,504,,534.0,5.0,5,"['web', 'email', 'mobile']",5,7.0,bogo,0,1
0d8d6d7dbda1470792c74b8fb1f82f36,ae264e3637204a6fb9bb56bc8210ddfd,0,,114.0,10.0,10,"['email', 'mobile', 'social']",10,7.0,bogo,0,1
0d8d6d7dbda1470792c74b8fb1f82f36,9b98b8c7a33c4b65b9aebfe6a799e6d9,336,,444.0,5.0,5,"['web', 'email', 'mobile']",5,7.0,bogo,0,1
0dc85918181e4c3eb0e412d37fa8a552,ae264e3637204a6fb9bb56bc8210ddfd,408,,462.0,10.0,10,"['email', 'mobile', 'social']",10,7.0,bogo,0,1
0dc85918181e4c3eb0e412d37fa8a552,0b1e1539f2cc45b7b9fa7c272da2e1d7,504,,714.0,5.0,5,"['web', 'email']",20,10.0,discount,0,1
0dcdc92ac2c74dacb1e53bb046398cec,0b1e1539f2cc45b7b9fa7c272da2e1d7,168,,270.0,5.0,5,"['web', 'email']",20,10.0,discount,0,1
0dd96a99c8814d0c9ce06a4f1aadbb9c,0b1e1539f2cc45b7b9fa7c272da2e1d7,504,,624.0,5.0,5,"['web', 'email']",20,10.0,discount,0,1
0de7e5bda8e84fcfa7c67bf87170c88e,2906b810c7d4411798c6938adc9daaa5,336,,360.0,2.0,2,"['web', 'email', 'mobile']",10,7.0,discount,0,1
0e03241e165b4686a2e5e546d499e637,0b1e1539f2cc45b7b9fa7c272da2e1d7,0,,198.0,5.0,5,"['web', 'email']",20,10.0,discount,0,1
0e0b661dcd6e456c816747eaf0342057,0b1e1539f2cc45b7b9fa7c272da2e1d7,408,,462.0,5.0,5,"['web', 'email']",20,10.0,discount,0,1
0e3b4b66438c4b52a1b050daa1ae8cc7,0b1e1539f2cc45b7b9fa7c272da2e1d7,408,,522.0,5.0,5,"['web', 'email']",20,10.0,discount,0,1
0e4e14ea66044a9eaee0b5efbff6ca62,0b1e1539f2cc45b7b9fa7c272da2e1d7,336,,432.0,5.0,5,"['web', 'email']",20,10.0,discount,0,1
0e6943735578469cada541e3654a5693,9b98b8c7a33c4b65b9aebfe6a799e6d9,336,,474.0,5.0,5,"['web', 'email', 'mobile']",5,7.0,bogo,0,1
0e6d0e08329c4d0c90987d234f0983d2,0b1e1539f2cc45b7b9fa7c272da2e1d7,336,,408.0,5.0,5,"['web', 'email']",20,10.0,discount,0,1
0e72fad934a74c2c97a98c525d64f738,9b98b8c7a33c4b65b9aebfe6a799e6d9,504,,534.0,5.0,5,"['web', 'email', 'mobile']",5,7.0,bogo,0,1
0e75eea1fe5d40dd822e9f311738400e,0b1e1539f2cc45b7b9fa7c272da2e1d7,576,,618.0,5.0,5,"['web', 'email']",20,10.0,discount,0,1
0e7f9c775784453d8504e4a480d56c8e,ae264e3637204a6fb9bb56bc8210ddfd,408,,534.0,10.0,10,"['email', 'mobile', 'social']",10,7.0,bogo,0,1
0e881591e52e48c6bf80c9e02e6a2aa8,2906b810c7d4411798c6938adc9daaa5,504,,630.0,2.0,2,"['web', 'email', 'mobile']",10,7.0,discount,0,1
0ea0f06e30bf4802afd33b531f871e6e,9b98b8c7a33c4b65b9aebfe6a799e6d9,576,,690.0,5.0,5,"['web', 'email', 'mobile']",5,7.0,bogo,0,1
0ea1f0bb1ba245abbf709b962d326dd7,9b98b8c7a33c4b65b9aebfe6a799e6d9,576,,678.0,5.0,5,"['web', 'email', 'mobile']",5,7.0,bogo,0,1
0eab0b968b7e46898abd1567ad1f7539,0b1e1539f2cc45b7b9fa7c272da2e1d7,504,,636.0,5.0,5,"['web', 'email']",20,10.0,discount,0,1
0ebe2aec9774444a9be339aadbb817b4,9b98b8c7a33c4b65b9aebfe6a799e6d9,0,,156.0,5.0,5,"['web', 'email', 'mobile']",5,7.0,bogo,0,1
0ebe2aec9774444a9be339aadbb817b4,0b1e1539f2cc45b7b9fa7c272da2e1d7,408,,444.0,5.0,5,"['web', 'email']",20,10.0,discount,0,1
0ec49da4a6d54229ad3c450cba7701f4,9b98b8c7a33c4b65b9aebfe6a799e6d9,504,,504.0,5.0,5,"['web', 'email', 'mobile']",5,7.0,bogo,0,1
0ecc8a63f8ce437aaec064b14cd5813f,0b1e1539f2cc45b7b9fa7c272da2e1d7,336,,444.0,5.0,5,"['web', 'email']",20,10.0,discount,0,1
0eda310a2b0c4e808af13f68afc81eea,9b98b8c7a33c4b65b9aebfe6a799e6d9,336,,438.0,5.0,5,"['web', 'email', 'mobile']",5,7.0,bogo,0,1
0eea703cbb0a47eeace88cfcde0ac89a,0b1e1539f2cc45b7b9fa7c272da2e1d7,504,,510.0,5.0,5,"['web', 'email']",20,10.0,discount,0,1
0ef5270c4e634eccbfcf23a172921a8d,2906b810c7d4411798c6938adc9daaa5,408,,510.0,2.0,2,"['web', 'email', 'mobile']",10,7.0,discount,0,1
0efb3efdcd0d4d8296e1c47265b07660,2906b810c7d4411798c6938adc9daaa5,0,,78.0,2.0,2,"['web', 'email', 'mobile']",10,7.0,discount,0,1
0f1423b731ae48a2a82253abfc8d8c54,0b1e1539f2cc45b7b9fa7c272da2e1d7,336,,444.0,5.0,5,"['web', 'email']",20,10.0,discount,0,1
0f1423b731ae48a2a82253abfc8d8c54,2906b810c7d4411798c6938adc9daaa5,504,,630.0,2.0,2,"['web', 'email', 'mobile']",10,7.0,discount,0,1
0f457f3ccf254eb0af0921ddd996b504,9b98b8c7a33c4b65b9aebfe6a799e6d9,408,,426.0,5.0,5,"['web', 'email', 'mobile']",5,7.0,bogo,0,1
0f4a68826e204f45be2a1103dcc5b014,4d5c57ea9a6940dd891ad53e9dbe8da0,336,,408.0,10.0,10,"['web', 'email', 'mobile', 'social']",10,5.0,bogo,0,1
0f6cf9619c4341e89a099e951300a2ea,0b1e1539f2cc45b7b9fa7c272da2e1d7,336,,552.0,5.0,5,"['web', 'email']",20,10.0,discount,0,1
0f6ff347c72c45ecb8a10010061419cb,9b98b8c7a33c4b65b9aebfe6a799e6d9,336,,480.0,5.0,5,"['web', 'email', 'mobile']",5,7.0,bogo,0,1
0fc637442b954432b13c360af61d4256,0b1e1539f2cc45b7b9fa7c272da2e1d7,0,,192.0,5.0,5,"['web', 'email']",20,10.0,discount,0,1
0fc637442b954432b13c360af61d4256,2906b810c7d4411798c6938adc9daaa5,168,,192.0,2.0,2,"['web', 'email', 'mobile']",10,7.0,discount,0,1
0fd94650b0bd46c29140b2742eed0bea,2906b810c7d4411798c6938adc9daaa5,336,,420.0,2.0,2,"['web', 'email', 'mobile']",10,7.0,discount,0,1
0fda2dbf2fc047ffb6910ca2134cbdd3,0b1e1539f2cc45b7b9fa7c272da2e1d7,336,,438.0,5.0,5,"['web', 'email']",20,10.0,discount,0,1
0ff208c9b551457db756758715073af5,9b98b8c7a33c4b65b9aebfe6a799e6d9,336,,438.0,5.0,5,"['web', 'email', 'mobile']",5,7.0,bogo,0,1
100a681a8c534df095ee4aedfe9fdc22,0b1e1539f2cc45b7b9fa7c272da2e1d7,0,,54.0,5.0,5,"['web', 'email']",20,10.0,discount,0,1
101cb7cd41fb4aca81bc57af7c61b9ac,0b1e1539f2cc45b7b9fa7c272da2e1d7,408,,534.0,5.0,5,"['web', 'email']",20,10.0,discount,0,1
10293859aee544a8910d06dc0c62c7e7,0b1e1539f2cc45b7b9fa7c272da2e1d7,0,,174.0,5.0,5,"['web', 'email']",20,10.0,discount,0,1
10293859aee544a8910d06dc0c62c7e7,2906b810c7d4411798c6938adc9daaa5,504,,588.0,2.0,2,"['web', 'email', 'mobile']",10,7.0,discount,0,1
1058819f0dc84deabaa8efb0cba592a8,2906b810c7d4411798c6938adc9daaa5,0,,150.0,2.0,2,"['web', 'email', 'mobile']",10,7.0,discount,0,1
1058819f0dc84deabaa8efb0cba592a8,0b1e1539f2cc45b7b9fa7c272da2e1d7,336,,516.0,5.0,5,"['web', 'email']",20,10.0,discount,0,1
106a0aa3ec754404b210cfce31790970,2906b810c7d4411798c6938adc9daaa5,168,,270.0,2.0,2,"['web', 'email', 'mobile']",10,7.0,discount,0,1
106a0aa3ec754404b210cfce31790970,9b98b8c7a33c4b65b9aebfe6a799e6d9,408,,414.0,5.0,5,"['web', 'email', 'mobile']",5,7.0,bogo,0,1
106b6653b9814b478fccecb0a22546f0,9b98b8c7a33c4b65b9aebfe6a799e6d9,504,,546.0,5.0,5,"['web', 'email', 'mobile']",5,7.0,bogo,0,1
1070b290f0474d14ae9c3ea18900662f,0b1e1539f2cc45b7b9fa7c272da2e1d7,0,,186.0,5.0,5,"['web', 'email']",20,10.0,discount,0,1
10866c6b50f8488c90749df891cc31ef,ae264e3637204a6fb9bb56bc8210ddfd,336,,336.0,10.0,10,"['email', 'mobile', 'social']",10,7.0,bogo,0,1
10959e2d58c44e619045135b32b4f255,9b98b8c7a33c4b65b9aebfe6a799e6d9,576,,600.0,5.0,5,"['web', 'email', 'mobile']",5,7.0,bogo,0,1
10a22481775043e1ba9776077e46c483,2298d6c36e964ae4a3e7e9706d1fb8c2,336,,414.0,3.0,3,"['web', 'email', 'mobile', 'social']",7,7.0,discount,0,1
10a22481775043e1ba9776077e46c483,0b1e1539f2cc45b7b9fa7c272da2e1d7,408,,606.0,5.0,5,"['web', 'email']",20,10.0,discount,0,1
10ba891b9e464523b07bef8eceba125c,0b1e1539f2cc45b7b9fa7c272da2e1d7,576,,576.0,5.0,5,"['web', 'email']",20,10.0,discount,0,1
10c7525110514c32bf1b726e5274defe,2906b810c7d4411798c6938adc9daaa5,336,,456.0,2.0,2,"['web', 'email', 'mobile']",10,7.0,discount,0,1
10d6b9fa4ba04fcf81fae5bbf6ccedcb,9b98b8c7a33c4b65b9aebfe6a799e6d9,408,,534.0,5.0,5,"['web', 'email', 'mobile']",5,7.0,bogo,0,1
10e4aeef401f4b7d8a700e365cca1a4b,0b1e1539f2cc45b7b9fa7c272da2e1d7,336,,456.0,5.0,5,"['web', 'email']",20,10.0,discount,0,1
10f3c43478264fbab57b9e13c701c05b,0b1e1539f2cc45b7b9fa7c272da2e1d7,408,,606.0,5.0,5,"['web', 'email']",20,10.0,discount,0,1
10f3c43478264fbab57b9e13c701c05b,9b98b8c7a33c4b65b9aebfe6a799e6d9,504,,606.0,5.0,5,"['web', 'email', 'mobile']",5,7.0,bogo,0,1
10f7af1a6eb943e58c133d1043866c35,9b98b8c7a33c4b65b9aebfe6a799e6d9,168,,198.0,5.0,5,"['web', 'email', 'mobile']",5,7.0,bogo,0,1
110afab45a7f46d8be78a01b954ad3e7,2906b810c7d4411798c6938adc9daaa5,504,,666.0,2.0,2,"['web', 'email', 'mobile']",10,7.0,discount,0,1
110c4dd23ecd4d5f8fe5d462f4157120,2906b810c7d4411798c6938adc9daaa5,0,,516.0,2.0,2,"['web', 'email', 'mobile']",10,7.0,discount,0,1
110c4dd23ecd4d5f8fe5d462f4157120,0b1e1539f2cc45b7b9fa7c272da2e1d7,504,,600.0,5.0,5,"['web', 'email']",20,10.0,discount,0,1
1113ece8623c4158abba83a8d6ff280d,2906b810c7d4411798c6938adc9daaa5,504,,630.0,2.0,2,"['web', 'email', 'mobile']",10,7.0,discount,0,1
111b775a2e034c70b33a94936c2a0a73,2906b810c7d4411798c6938adc9daaa5,168,,204.0,2.0,2,"['web', 'email', 'mobile']",10,7.0,discount,0,1
111b775a2e034c70b33a94936c2a0a73,0b1e1539f2cc45b7b9fa7c272da2e1d7,408,,600.0,5.0,5,"['web', 'email']",20,10.0,discount,0,1
111c0a4934bb4e2d8fb18ced11c5206e,0b1e1539f2cc45b7b9fa7c272da2e1d7,0,,360.0,5.0,5,"['web', 'email']",20,10.0,discount,0,1
111e7c7f12e44468be1b5cba95e95a23,9b98b8c7a33c4b65b9aebfe6a799e6d9,576,,576.0,5.0,5,"['web', 'email', 'mobile']",5,7.0,bogo,0,1
11397ef4dbd94143819baaae093e621a,2906b810c7d4411798c6938adc9daaa5,336,,456.0,2.0,2,"['web', 'email', 'mobile']",10,7.0,discount,0,1
1148ad32c9a74c2096e4cbbbf8bf681f,9b98b8c7a33c4b65b9aebfe6a799e6d9,168,,180.0,5.0,5,"['web', 'email', 'mobile']",5,7.0,bogo,0,1
115bb87faca04ed7b545f8b8e95b2dd7,2906b810c7d4411798c6938adc9daaa5,576,,642.0,2.0,2,"['web', 'email', 'mobile']",10,7.0,discount,0,1
1166e30906394c4dba2e6dfa7cd7b465,2906b810c7d4411798c6938adc9daaa5,576,,642.0,2.0,2,"['web', 'email', 'mobile']",10,7.0,discount,0,1
116f72494d5e45b794be3caaa31f4675,0b1e1539f2cc45b7b9fa7c272da2e1d7,168,,216.0,5.0,5,"['web', 'email']",20,10.0,discount,0,1
116f72494d5e45b794be3caaa31f4675,2906b810c7d4411798c6938adc9daaa5,336,,408.0,2.0,2,"['web', 'email', 'mobile']",10,7.0,discount,0,1
1171d3d36718435a8a69c8c9e7a04867,ae264e3637204a6fb9bb56bc8210ddfd,336,,600.0,10.0,10,"['email', 'mobile', 'social']",10,7.0,bogo,0,1
1198b4f74e174c48b89a45b877c9d039,0b1e1539f2cc45b7b9fa7c272da2e1d7,0,,18.0,5.0,5,"['web', 'email']",20,10.0,discount,0,1
1198b4f74e174c48b89a45b877c9d039,2906b810c7d4411798c6938adc9daaa5,408,,564.0,2.0,2,"['web', 'email', 'mobile']",10,7.0,discount,0,1
11a827d5954740588312dd6246076f78,9b98b8c7a33c4b65b9aebfe6a799e6d9,504,,504.0,5.0,5,"['web', 'email', 'mobile']",5,7.0,bogo,0,1
11b7e48f97cc4237a996e3ca88bc447d,ae264e3637204a6fb9bb56bc8210ddfd,504,,504.0,10.0,10,"['email', 'mobile', 'social']",10,7.0,bogo,0,1
11b7e48f97cc4237a996e3ca88bc447d,0b1e1539f2cc45b7b9fa7c272da2e1d7,576,,696.0,5.0,5,"['web', 'email']",20,10.0,discount,0,1
11bfc66cfc5b421ab0e1a8cb8ef7fd5c,9b98b8c7a33c4b65b9aebfe6a799e6d9,504,,528.0,5.0,5,"['web', 'email', 'mobile']",5,7.0,bogo,0,1
11fe137500b44584b5216902c274f0cb,9b98b8c7a33c4b65b9aebfe6a799e6d9,504,,558.0,5.0,5,"['web', 'email', 'mobile']",5,7.0,bogo,0,1
121640db35dc4acb805382c52875321d,ae264e3637204a6fb9bb56bc8210ddfd,504,,576.0,10.0,10,"['email', 'mobile', 'social']",10,7.0,bogo,0,1
12279fadfd514607871f8b525780edc4,9b98b8c7a33c4b65b9aebfe6a799e6d9,504,,534.0,5.0,5,"['web', 'email', 'mobile']",5,7.0,bogo,0,1
123b82af56404ec3bece3de96b947fc2,2906b810c7d4411798c6938adc9daaa5,408,,486.0,2.0,2,"['web', 'email', 'mobile']",10,7.0,discount,0,1
12583497d042470499110e831f8f3d0c,0b1e1539f2cc45b7b9fa7c272da2e1d7,336,,510.0,5.0,5,"['web', 'email']",20,10.0,discount,0,1
126c69fbba93498dbb0e353b27121ec9,9b98b8c7a33c4b65b9aebfe6a799e6d9,576,,612.0,5.0,5,"['web', 'email', 'mobile']",5,7.0,bogo,0,1
127cd9d95e6247e5b92bff64d6205a94,9b98b8c7a33c4b65b9aebfe6a799e6d9,408,,408.0,5.0,5,"['web', 'email', 'mobile']",5,7.0,bogo,0,1
1281df3965944f7391bac503fda3eb4a,2906b810c7d4411798c6938adc9daaa5,408,,414.0,2.0,2,"['web', 'email', 'mobile']",10,7.0,discount,0,1
129a51fbc04449c08c5ed69cac7d82a7,0b1e1539f2cc45b7b9fa7c272da2e1d7,336,,402.0,5.0,5,"['web', 'email']",20,10.0,discount,0,1
129a51fbc04449c08c5ed69cac7d82a7,9b98b8c7a33c4b65b9aebfe6a799e6d9,408,,522.0,5.0,5,"['web', 'email', 'mobile']",5,7.0,bogo,0,1
129c8e3d44f34dde917a5715428cbbb8,2906b810c7d4411798c6938adc9daaa5,336,,426.0,2.0,2,"['web', 'email', 'mobile']",10,7.0,discount,0,1
12adf13711144814b9dabf37838edb47,ae264e3637204a6fb9bb56bc8210ddfd,576,,702.0,10.0,10,"['email', 'mobile', 'social']",10,7.0,bogo,0,1
12b2135de4d041a4a1d6a090d8977dc1,2906b810c7d4411798c6938adc9daaa5,336,,360.0,2.0,2,"['web', 'email', 'mobile']",10,7.0,discount,0,1
12c783f75d5847c08e1a0e582a6b735a,2906b810c7d4411798c6938adc9daaa5,408,,534.0,2.0,2,"['web', 'email', 'mobile']",10,7.0,discount,0,1
12f0142f294c4977add82252007556b8,9b98b8c7a33c4b65b9aebfe6a799e6d9,168,,234.0,5.0,5,"['web', 'email', 'mobile']",5,7.0,bogo,0,1
12f0142f294c4977add82252007556b8,ae264e3637204a6fb9bb56bc8210ddfd,504,,528.0,10.0,10,"['email', 'mobile', 'social']",10,7.0,bogo,0,1
12f0142f294c4977add82252007556b8,0b1e1539f2cc45b7b9fa7c272da2e1d7,576,,606.0,5.0,5,"['web', 'email']",20,10.0,discount,0,1
131acac3f21b430bb6c0df9fa77b4b08,0b1e1539f2cc45b7b9fa7c272da2e1d7,0,,48.0,5.0,5,"['web', 'email']",20,10.0,discount,0,1
1320d4d9ff6c47e18ed75785d7569137,fafdcd668e3743c1bb461111dcafc2a4,504,,528.0,2.0,2,"['web', 'email', 'mobile', 'social']",10,10.0,discount,0,1
135ceb57c67d4f768bf20cb33b887e24,2906b810c7d4411798c6938adc9daaa5,0,,102.0,2.0,2,"['web', 'email', 'mobile']",10,7.0,discount,0,1
135ceb57c67d4f768bf20cb33b887e24,0b1e1539f2cc45b7b9fa7c272da2e1d7,504,,672.0,5.0,5,"['web', 'email']",20,10.0,discount,0,1
136baefea7364ff5925cb81dedbd9bf1,0b1e1539f2cc45b7b9fa7c272da2e1d7,504,,648.0,5.0,5,"['web', 'email']",20,10.0,discount,0,1
13712893fcb34bd691d9a1dfd0d155bd,2906b810c7d4411798c6938adc9daaa5,504,,564.0,2.0,2,"['web', 'email', 'mobile']",10,7.0,discount,0,1
13848328f35a4366919ac44f579eadd2,2906b810c7d4411798c6938adc9daaa5,408,,408.0,2.0,2,"['web', 'email', 'mobile']",10,7.0,discount,0,1
13848328f35a4366919ac44f579eadd2,9b98b8c7a33c4b65b9aebfe6a799e6d9,576,,576.0,5.0,5,"['web', 'email', 'mobile']",5,7.0,bogo,0,1
1394e70df1d44d6ab9e7e413f4157dae,0b1e1539f2cc45b7b9fa7c272da2e1d7,504,,552.0,5.0,5,"['web', 'email']",20,10.0,discount,0,1
13b9a30150f94769aa55535001893d4e,2906b810c7d4411798c6938adc9daaa5,168,,246.0,2.0,2,"['web', 'email', 'mobile']",10,7.0,discount,0,1
13b9a30150f94769aa55535001893d4e,0b1e1539f2cc45b7b9fa7c272da2e1d7,408,,456.0,5.0,5,"['web', 'email']",20,10.0,discount,0,1
13bbddb500e54ab392c8da22ae7a41cd,ae264e3637204a6fb9bb56bc8210ddfd,504,,522.0,10.0,10,"['email', 'mobile', 'social']",10,7.0,bogo,0,1
13cdf9272a05460aa0d30a22d6a8b432,2906b810c7d4411798c6938adc9daaa5,504,,534.0,2.0,2,"['web', 'email', 'mobile']",10,7.0,discount,0,1
13df477da33a44899ba8d50e3710d723,2906b810c7d4411798c6938adc9daaa5,168,,336.0,2.0,2,"['web', 'email', 'mobile']",10,7.0,discount,0,1
13f26e369c1240c08200f4f1bcf26456,0b1e1539f2cc45b7b9fa7c272da2e1d7,0,,180.0,5.0,5,"['web', 'email']",20,10.0,discount,0,1
13f26e369c1240c08200f4f1bcf26456,9b98b8c7a33c4b65b9aebfe6a799e6d9,336,,342.0,5.0,5,"['web', 'email', 'mobile']",5,7.0,bogo,0,1
13f95724ed4042aaa8953e8ed5d073c9,0b1e1539f2cc45b7b9fa7c272da2e1d7,336,,360.0,5.0,5,"['web', 'email']",20,10.0,discount,0,1
13f95724ed4042aaa8953e8ed5d073c9,2906b810c7d4411798c6938adc9daaa5,408,,546.0,2.0,2,"['web', 'email', 'mobile']",10,7.0,discount,0,1
1416ccd4f3414854ab10e75e9e2f1fba,0b1e1539f2cc45b7b9fa7c272da2e1d7,336,,480.0,5.0,5,"['web', 'email']",20,10.0,discount,0,1
142a2b3df84841599071107326368f2b,9b98b8c7a33c4b65b9aebfe6a799e6d9,408,,426.0,5.0,5,"['web', 'email', 'mobile']",5,7.0,bogo,0,1
14379f3522ed480098b880f2ed071058,2906b810c7d4411798c6938adc9daaa5,504,,648.0,2.0,2,"['web', 'email', 'mobile']",10,7.0,discount,0,1
143c28deab3f41f1ae3aa9a6670877b0,0b1e1539f2cc45b7b9fa7c272da2e1d7,336,,420.0,5.0,5,"['web', 'email']",20,10.0,discount,0,1
143c28deab3f41f1ae3aa9a6670877b0,ae264e3637204a6fb9bb56bc8210ddfd,408,,420.0,10.0,10,"['email', 'mobile', 'social']",10,7.0,bogo,0,1
143cf71b0ced4ada88c9ff92e7c16758,0b1e1539f2cc45b7b9fa7c272da2e1d7,0,,156.0,5.0,5,"['web', 'email']",20,10.0,discount,0,1
143cf71b0ced4ada88c9ff92e7c16758,2906b810c7d4411798c6938adc9daaa5,336,,462.0,2.0,2,"['web', 'email', 'mobile']",10,7.0,discount,0,1
144c6d2b074d4984965f3361da611b7b,9b98b8c7a33c4b65b9aebfe6a799e6d9,0,,30.0,5.0,5,"['web', 'email', 'mobile']",5,7.0,bogo,0,1
144f2b2e5def415b88d3de6b10461d26,9b98b8c7a33c4b65b9aebfe6a799e6d9,576,,618.0,5.0,5,"['web', 'email', 'mobile']",5,7.0,bogo,0,1
1473097b38ef4af2baa785f83d10b95a,0b1e1539f2cc45b7b9fa7c272da2e1d7,0,,18.0,5.0,5,"['web', 'email']",20,10.0,discount,0,1
1473097b38ef4af2baa785f83d10b95a,9b98b8c7a33c4b65b9aebfe6a799e6d9,336,,348.0,5.0,5,"['web', 'email', 'mobile']",5,7.0,bogo,0,1
1476bfc85b584e30a79790be39f7929f,9b98b8c7a33c4b65b9aebfe6a799e6d9,408,,432.0,5.0,5,"['web', 'email', 'mobile']",5,7.0,bogo,0,1
147be99d763240b4b7cbe0e024693807,9b98b8c7a33c4b65b9aebfe6a799e6d9,168,,294.0,5.0,5,"['web', 'email', 'mobile']",5,7.0,bogo,0,1
147be99d763240b4b7cbe0e024693807,0b1e1539f2cc45b7b9fa7c272da2e1d7,336,,486.0,5.0,5,"['web', 'email']",20,10.0,discount,0,1
149712de2ae24c219b992cb3a5f432bc,0b1e1539f2cc45b7b9fa7c272da2e1d7,408,,510.0,5.0,5,"['web', 'email']",20,10.0,discount,0,1
14c466243c9a453584eb73a1de6236d0,ae264e3637204a6fb9bb56bc8210ddfd,576,,600.0,10.0,10,"['email', 'mobile', 'social']",10,7.0,bogo,0,1
14cbeafc2297453e9bf4924c2eabe35e,0b1e1539f2cc45b7b9fa7c272da2e1d7,408,,528.0,5.0,5,"['web', 'email']",20,10.0,discount,0,1
14cc83b46cfa444daf2782492648db5a,9b98b8c7a33c4b65b9aebfe6a799e6d9,336,,432.0,5.0,5,"['web', 'email', 'mobile']",5,7.0,bogo,0,1
14da6197d53d4ca49f4ce75367bb06cc,2906b810c7d4411798c6938adc9daaa5,504,,510.0,2.0,2,"['web', 'email', 'mobile']",10,7.0,discount,0,1
14f12efd9aa04c009e9bde68d66509e5,0b1e1539f2cc45b7b9fa7c272da2e1d7,336,,510.0,5.0,5,"['web', 'email']",20,10.0,discount,0,1
150164d1030149b58fe5f3278141ad18,2906b810c7d4411798c6938adc9daaa5,0,,96.0,2.0,2,"['web', 'email', 'mobile']",10,7.0,discount,0,1
150164d1030149b58fe5f3278141ad18,9b98b8c7a33c4b65b9aebfe6a799e6d9,576,,612.0,5.0,5,"['web', 'email', 'mobile']",5,7.0,bogo,0,1
1502fe1c8f9c4973bc0631d34f5147bf,0b1e1539f2cc45b7b9fa7c272da2e1d7,504,,510.0,5.0,5,"['web', 'email']",20,10.0,discount,0,1
1512f8872f5443d69b4416bbf672dcb9,f19421c1d4aa40978ebb69ca19b0e20d,336,,378.0,5.0,5,"['web', 'email', 'mobile', 'social']",5,5.0,bogo,0,1
1523002bd35e4ac086900a316e58935e,2906b810c7d4411798c6938adc9daaa5,504,,618.0,2.0,2,"['web', 'email', 'mobile']",10,7.0,discount,0,1
15340eb06d624fa486d5f3853191e9a1,2906b810c7d4411798c6938adc9daaa5,0,,150.0,2.0,2,"['web', 'email', 'mobile']",10,7.0,discount,0,1
15340eb06d624fa486d5f3853191e9a1,9b98b8c7a33c4b65b9aebfe6a799e6d9,408,,540.0,5.0,5,"['web', 'email', 'mobile']",5,7.0,bogo,0,1
1557b5b0908a4ef185af8295f50f16c4,ae264e3637204a6fb9bb56bc8210ddfd,336,,474.0,10.0,10,"['email', 'mobile', 'social']",10,7.0,bogo,0,1
155d4c0d4c744ad6bd663f71dea3d5d4,fafdcd668e3743c1bb461111dcafc2a4,0,,96.0,2.0,2,"['web', 'email', 'mobile', 'social']",10,10.0,discount,0,1
156991c53ab349b199fb03958d4e5c1f,fafdcd668e3743c1bb461111dcafc2a4,336,,378.0,2.0,2,"['web', 'email', 'mobile', 'social']",10,10.0,discount,0,1
157007f029214fc4a3051c5ac5fb92c1,9b98b8c7a33c4b65b9aebfe6a799e6d9,336,,360.0,5.0,5,"['web', 'email', 'mobile']",5,7.0,bogo,0,1
157bb920966e4ec5a9d4bf5b533a47f2,0b1e1539f2cc45b7b9fa7c272da2e1d7,408,,474.0,5.0,5,"['web', 'email']",20,10.0,discount,0,1
1593d617fac246ef8e50dbb0ffd77f5f,0b1e1539f2cc45b7b9fa7c272da2e1d7,168,,168.0,5.0,5,"['web', 'email']",20,10.0,discount,0,1
159ba13189d54daeaa55f4f8399d9779,0b1e1539f2cc45b7b9fa7c272da2e1d7,336,,366.0,5.0,5,"['web', 'email']",20,10.0,discount,0,1
15a6fffc8d7b41c99d26209731abffb7,2906b810c7d4411798c6938adc9daaa5,504,,612.0,2.0,2,"['web', 'email', 'mobile']",10,7.0,discount,0,1
15a95216e2cd4a14b45fc182adb81dc6,2906b810c7d4411798c6938adc9daaa5,168,,300.0,2.0,2,"['web', 'email', 'mobile']",10,7.0,discount,0,1
15a95216e2cd4a14b45fc182adb81dc6,0b1e1539f2cc45b7b9fa7c272da2e1d7,504,,660.0,5.0,5,"['web', 'email']",20,10.0,discount,0,1
15c0c8d1534340888a61a94f4fe05a44,0b1e1539f2cc45b7b9fa7c272da2e1d7,0,,138.0,5.0,5,"['web', 'email']",20,10.0,discount,0,1
15c7845f03444fd19d70057a48f01aed,0b1e1539f2cc45b7b9fa7c272da2e1d7,0,,228.0,5.0,5,"['web', 'email']",20,10.0,discount,0,1
15e8cabbde0f40228658245d340af15d,0b1e1539f2cc45b7b9fa7c272da2e1d7,408,,528.0,5.0,5,"['web', 'email']",20,10.0,discount,0,1
15f68a59b74546f892bd9f277c9a42ae,2906b810c7d4411798c6938adc9daaa5,336,,504.0,2.0,2,"['web', 'email', 'mobile']",10,7.0,discount,0,1
16260251a55e4812b74e48b3b8bd64db,0b1e1539f2cc45b7b9fa7c272da2e1d7,336,,570.0,5.0,5,"['web', 'email']",20,10.0,discount,0,1
16276bb500e04cc7bb2647ad5768255c,0b1e1539f2cc45b7b9fa7c272da2e1d7,0,,180.0,5.0,5,"['web', 'email']",20,10.0,discount,0,1
16276bb500e04cc7bb2647ad5768255c,2906b810c7d4411798c6938adc9daaa5,336,,342.0,2.0,2,"['web', 'email', 'mobile']",10,7.0,discount,0,1
162e7d9c644b438ea4606e337df0d3d1,0b1e1539f2cc45b7b9fa7c272da2e1d7,408,,588.0,5.0,5,"['web', 'email']",20,10.0,discount,0,1
162e7d9c644b438ea4606e337df0d3d1,ae264e3637204a6fb9bb56bc8210ddfd,576,,588.0,10.0,10,"['email', 'mobile', 'social']",10,7.0,bogo,0,1
166c4c4030a4424ab04980efac8328df,9b98b8c7a33c4b65b9aebfe6a799e6d9,336,,594.0,5.0,5,"['web', 'email', 'mobile']",5,7.0,bogo,0,1
167594819bb84f848528d759e6253827,2298d6c36e964ae4a3e7e9706d1fb8c2,504,,510.0,3.0,3,"['web', 'email', 'mobile', 'social']",7,7.0,discount,0,1
169ad543fdaa433a820d84502c32a826,ae264e3637204a6fb9bb56bc8210ddfd,0,,42.0,10.0,10,"['email', 'mobile', 'social']",10,7.0,bogo,0,1
169ad543fdaa433a820d84502c32a826,2298d6c36e964ae4a3e7e9706d1fb8c2,504,,654.0,3.0,3,"['web', 'email', 'mobile', 'social']",7,7.0,discount,0,1
16a48bdaf5834965b67dc0a53cc02721,0b1e1539f2cc45b7b9fa7c272da2e1d7,336,,540.0,5.0,5,"['web', 'email']",20,10.0,discount,0,1
16bb0c6f3b1d456eb1637e0e59b68b99,0b1e1539f2cc45b7b9fa7c272da2e1d7,576,,678.0,5.0,5,"['web', 'email']",20,10.0,discount,0,1
16dc4306258b4fef90ffe99f53ed7952,9b98b8c7a33c4b65b9aebfe6a799e6d9,0,,0.0,5.0,5,"['web', 'email', 'mobile']",5,7.0,bogo,0,1
16fb582d943d42c4a8a9865aaacf51d6,9b98b8c7a33c4b65b9aebfe6a799e6d9,0,,18.0,5.0,5,"['web', 'email', 'mobile']",5,7.0,bogo,0,1
16fb582d943d42c4a8a9865aaacf51d6,ae264e3637204a6fb9bb56bc8210ddfd,504,,630.0,10.0,10,"['email', 'mobile', 'social']",10,7.0,bogo,0,1
1722b68468334f8fa8ab22180b63d577,f19421c1d4aa40978ebb69ca19b0e20d,504,,510.0,5.0,5,"['web', 'email', 'mobile', 'social']",5,5.0,bogo,0,1
1749b32be60343f4bc0b098bbd7eab74,ae264e3637204a6fb9bb56bc8210ddfd,336,,432.0,10.0,10,"['email', 'mobile', 'social']",10,7.0,bogo,0,1
1749b32be60343f4bc0b098bbd7eab74,2906b810c7d4411798c6938adc9daaa5,504,,636.0,2.0,2,"['web', 'email', 'mobile']",10,7.0,discount,0,1
175f0366e6d5451da2eb17a94b7fa314,fafdcd668e3743c1bb461111dcafc2a4,408,,636.0,2.0,2,"['web', 'email', 'mobile', 'social']",10,10.0,discount,0,1
1765353e2e2c492a9224bbfd67f500e8,0b1e1539f2cc45b7b9fa7c272da2e1d7,168,,372.0,5.0,5,"['web', 'email']",20,10.0,discount,0,1
17804e6e49634635b254ed31bee29d3c,0b1e1539f2cc45b7b9fa7c272da2e1d7,408,,492.0,5.0,5,"['web', 'email']",20,10.0,discount,0,1
17863ebbeb9e4fdbbca481612034a767,ae264e3637204a6fb9bb56bc8210ddfd,504,,504.0,10.0,10,"['email', 'mobile', 'social']",10,7.0,bogo,0,1
17886bc7528448fb92f70ff2c5676bac,9b98b8c7a33c4b65b9aebfe6a799e6d9,504,,594.0,5.0,5,"['web', 'email', 'mobile']",5,7.0,bogo,0,1
1792e4aafac94412ae1cd299353c8e15,9b98b8c7a33c4b65b9aebfe6a799e6d9,576,,630.0,5.0,5,"['web', 'email', 'mobile']",5,7.0,bogo,0,1
1793d1eadd7f40998f69eff43c7cd3c3,9b98b8c7a33c4b65b9aebfe6a799e6d9,0,,24.0,5.0,5,"['web', 'email', 'mobile']",5,7.0,bogo,0,1
1808ae5afa61471ca4676755b5eeabf9,ae264e3637204a6fb9bb56bc8210ddfd,408,,570.0,10.0,10,"['email', 'mobile', 'social']",10,7.0,bogo,0,1
18092256c2d048369482b10bc2a5589e,2906b810c7d4411798c6938adc9daaa5,408,,438.0,2.0,2,"['web', 'email', 'mobile']",10,7.0,discount,0,1
181d57f0f1df463aa40e6198307df980,2906b810c7d4411798c6938adc9daaa5,336,,402.0,2.0,2,"['web', 'email', 'mobile']",10,7.0,discount,0,1
184543d59b834277b5e95d1b912ffab7,0b1e1539f2cc45b7b9fa7c272da2e1d7,0,,168.0,5.0,5,"['web', 'email']",20,10.0,discount,0,1
1845602260c648c8a308952233f249a1,2906b810c7d4411798c6938adc9daaa5,576,,582.0,2.0,2,"['web', 'email', 'mobile']",10,7.0,discount,0,1
184c1819ba144e4784667f14f7e7ba08,9b98b8c7a33c4b65b9aebfe6a799e6d9,0,,498.0,5.0,5,"['web', 'email', 'mobile']",5,7.0,bogo,0,1
18502222e97f4a03b15b0e8e0768544d,2906b810c7d4411798c6938adc9daaa5,576,,648.0,2.0,2,"['web', 'email', 'mobile']",10,7.0,discount,0,1
187b3bf0d99f40c585166d98cadc941c,ae264e3637204a6fb9bb56bc8210ddfd,336,,426.0,10.0,10,"['email', 'mobile', 'social']",10,7.0,bogo,0,1
187b3bf0d99f40c585166d98cadc941c,0b1e1539f2cc45b7b9fa7c272da2e1d7,504,,522.0,5.0,5,"['web', 'email']",20,10.0,discount,0,1
187dbd09f0f24bdc8c3089dfeed3f847,0b1e1539f2cc45b7b9fa7c272da2e1d7,504,,690.0,5.0,5,"['web', 'email']",20,10.0,discount,0,1
18808ae8de7e4c1e8754085a5c48013c,0b1e1539f2cc45b7b9fa7c272da2e1d7,0,,42.0,5.0,5,"['web', 'email']",20,10.0,discount,0,1
189e8aa0b33d45e8bd8f8bbb551e4ad2,2906b810c7d4411798c6938adc9daaa5,408,,462.0,2.0,2,"['web', 'email', 'mobile']",10,7.0,discount,0,1
18a8640cb1584c9f8c862cc1004bfe15,ae264e3637204a6fb9bb56bc8210ddfd,336,,366.0,10.0,10,"['email', 'mobile', 'social']",10,7.0,bogo,0,1
18eb8fa6fd8a4416a62569f5e16709e5,ae264e3637204a6fb9bb56bc8210ddfd,576,,708.0,10.0,10,"['email', 'mobile', 'social']",10,7.0,bogo,0,1
18eddb1a60504a63ba4d200fab4cb36b,9b98b8c7a33c4b65b9aebfe6a799e6d9,504,,558.0,5.0,5,"['web', 'email', 'mobile']",5,7.0,bogo,0,1
18f2f42d216c4f499f0e7896945236ca,0b1e1539f2cc45b7b9fa7c272da2e1d7,168,,264.0,5.0,5,"['web', 'email']",20,10.0,discount,0,1
18f9f62683bf41278dca98799df7e581,0b1e1539f2cc45b7b9fa7c272da2e1d7,408,,564.0,5.0,5,"['web', 'email']",20,10.0,discount,0,1
18fa7725c20248e7a2131d197522a0de,9b98b8c7a33c4b65b9aebfe6a799e6d9,408,,408.0,5.0,5,"['web', 'email', 'mobile']",5,7.0,bogo,0,1
18fa7725c20248e7a2131d197522a0de,2906b810c7d4411798c6938adc9daaa5,576,,582.0,2.0,2,"['web', 'email', 'mobile']",10,7.0,discount,0,1
18fc7f5237ff466ebfe2aeb5bfebf1b4,0b1e1539f2cc45b7b9fa7c272da2e1d7,168,,288.0,5.0,5,"['web', 'email']",20,10.0,discount,0,1
18fee09ab17e4b559149279ac12f2491,0b1e1539f2cc45b7b9fa7c272da2e1d7,408,,450.0,5.0,5,"['web', 'email']",20,10.0,discount,0,1
192099bfe35c4712bf91333009d9d108,0b1e1539f2cc45b7b9fa7c272da2e1d7,168,,612.0,5.0,5,"['web', 'email']",20,10.0,discount,0,1
1936f739ed654bc1b45eb2cd795fd82d,2906b810c7d4411798c6938adc9daaa5,408,,480.0,2.0,2,"['web', 'email', 'mobile']",10,7.0,discount,0,1
19446b361caa43de84c2aed517457a47,0b1e1539f2cc45b7b9fa7c272da2e1d7,336,,426.0,5.0,5,"['web', 'email']",20,10.0,discount,0,1
1948b3c194c542d0a2a084a558f31834,9b98b8c7a33c4b65b9aebfe6a799e6d9,168,,216.0,5.0,5,"['web', 'email', 'mobile']",5,7.0,bogo,0,1
19626bf0c0ab416492d1ac3af4d7e06a,0b1e1539f2cc45b7b9fa7c272da2e1d7,168,,288.0,5.0,5,"['web', 'email']",20,10.0,discount,0,1
196651959ba44f8d98d7730dfa820beb,0b1e1539f2cc45b7b9fa7c272da2e1d7,504,,522.0,5.0,5,"['web', 'email']",20,10.0,discount,0,1
1966fa40d2f84620b2b1b9b64f8e0209,2906b810c7d4411798c6938adc9daaa5,168,,216.0,2.0,2,"['web', 'email', 'mobile']",10,7.0,discount,0,1
197a4afbf77245cfa84c0a4659f47c48,9b98b8c7a33c4b65b9aebfe6a799e6d9,408,,414.0,5.0,5,"['web', 'email', 'mobile']",5,7.0,bogo,0,1
197a4afbf77245cfa84c0a4659f47c48,fafdcd668e3743c1bb461111dcafc2a4,504,,516.0,2.0,2,"['web', 'email', 'mobile', 'social']",10,10.0,discount,0,1
19afb26b9a10447a8a2f86fa9f65c75d,ae264e3637204a6fb9bb56bc8210ddfd,336,,372.0,10.0,10,"['email', 'mobile', 'social']",10,7.0,bogo,0,1
19b675ce8cea454d8b849fbff3c0ff75,fafdcd668e3743c1bb461111dcafc2a4,336,,384.0,2.0,2,"['web', 'email', 'mobile', 'social']",10,10.0,discount,0,1
19d4aa13259544d89c5bb381252c2f27,fafdcd668e3743c1bb461111dcafc2a4,336,,492.0,2.0,2,"['web', 'email', 'mobile', 'social']",10,10.0,discount,0,1
1a15ca5f9e854874b2535c287e3ebc13,ae264e3637204a6fb9bb56bc8210ddfd,576,,588.0,10.0,10,"['email', 'mobile', 'social']",10,7.0,bogo,0,1
1a15d81c06e74971aad99a8048b874e7,2906b810c7d4411798c6938adc9daaa5,168,,264.0,2.0,2,"['web', 'email', 'mobile']",10,7.0,discount,0,1
1a297cc7262d42b59fb3e34fe0166702,0b1e1539f2cc45b7b9fa7c272da2e1d7,0,,216.0,5.0,5,"['web', 'email']",20,10.0,discount,0,1
1a297cc7262d42b59fb3e34fe0166702,9b98b8c7a33c4b65b9aebfe6a799e6d9,408,,618.0,5.0,5,"['web', 'email', 'mobile']",5,7.0,bogo,0,1
1a353048b0884fc5a0afa27677ef1e80,9b98b8c7a33c4b65b9aebfe6a799e6d9,336,,468.0,5.0,5,"['web', 'email', 'mobile']",5,7.0,bogo,0,1
1a39a01830e44e4aaa9aa037c23b4bcc,9b98b8c7a33c4b65b9aebfe6a799e6d9,0,,0.0,5.0,5,"['web', 'email', 'mobile']",5,7.0,bogo,0,1
1a48bd756120466b8798e92872118932,2906b810c7d4411798c6938adc9daaa5,168,,222.0,2.0,2,"['web', 'email', 'mobile']",10,7.0,discount,0,1
1a55c37ef53944cda20b4f98f11ef0d8,0b1e1539f2cc45b7b9fa7c272da2e1d7,336,,408.0,5.0,5,"['web', 'email']",20,10.0,discount,0,1
1a79f623402a4e53908e254531e04f26,0b1e1539f2cc45b7b9fa7c272da2e1d7,0,,234.0,5.0,5,"['web', 'email']",20,10.0,discount,0,1
1a7fdc0727d644bfbd8f1283fdd73e64,2906b810c7d4411798c6938adc9daaa5,408,,456.0,2.0,2,"['web', 'email', 'mobile']",10,7.0,discount,0,1
1a8e25a2abe04bc4aa13f91b45c369db,2906b810c7d4411798c6938adc9daaa5,504,,570.0,2.0,2,"['web', 'email', 'mobile']",10,7.0,discount,0,1
1a907d3e0ceb4edaa490f896d14f25d6,0b1e1539f2cc45b7b9fa7c272da2e1d7,408,,612.0,5.0,5,"['web', 'email']",20,10.0,discount,0,1
1a907d3e0ceb4edaa490f896d14f25d6,9b98b8c7a33c4b65b9aebfe6a799e6d9,504,,612.0,5.0,5,"['web', 'email', 'mobile']",5,7.0,bogo,0,1
1aaaa029f2ca474ab241731095baf6fd,2906b810c7d4411798c6938adc9daaa5,408,,510.0,2.0,2,"['web', 'email', 'mobile']",10,7.0,discount,0,1
1aaf0bb7f4f34c828a75c62caf4140ce,0b1e1539f2cc45b7b9fa7c272da2e1d7,336,,534.0,5.0,5,"['web', 'email']",20,10.0,discount,0,1
1ab5e1d8f3fa4588af94253e2a09520f,4d5c57ea9a6940dd891ad53e9dbe8da0,504,,510.0,10.0,10,"['web', 'email', 'mobile', 'social']",10,5.0,bogo,0,1
1ac0142abefa459aa275aeb9410b6109,9b98b8c7a33c4b65b9aebfe6a799e6d9,576,,660.0,5.0,5,"['web', 'email', 'mobile']",5,7.0,bogo,0,1
1ad7cd46c9864ac989f13901b7af0001,9b98b8c7a33c4b65b9aebfe6a799e6d9,408,,486.0,5.0,5,"['web', 'email', 'mobile']",5,7.0,bogo,0,1
1aea6a116ce141f689a3d8651b978ba7,0b1e1539f2cc45b7b9fa7c272da2e1d7,168,,366.0,5.0,5,"['web', 'email']",20,10.0,discount,0,1
1b1ca1a1ece440c7aac02b9f7ccf2f5a,2906b810c7d4411798c6938adc9daaa5,576,,654.0,2.0,2,"['web', 'email', 'mobile']",10,7.0,discount,0,1
1b3ad49a387943bcb2aa9b5d21d24715,0b1e1539f2cc45b7b9fa7c272da2e1d7,336,,408.0,5.0,5,"['web', 'email']",20,10.0,discount,0,1
1b414e7bd29e48e28eeb12d681a0cad4,0b1e1539f2cc45b7b9fa7c272da2e1d7,408,,474.0,5.0,5,"['web', 'email']",20,10.0,discount,0,1
1b536edccc10480a838c5098ce4ca695,2906b810c7d4411798c6938adc9daaa5,336,,420.0,2.0,2,"['web', 'email', 'mobile']",10,7.0,discount,0,1
1b710ab9262c480380b05b9e3578f618,9b98b8c7a33c4b65b9aebfe6a799e6d9,168,,168.0,5.0,5,"['web', 'email', 'mobile']",5,7.0,bogo,0,1
1b7a81560a7c489fb80865bcc4e10ddd,9b98b8c7a33c4b65b9aebfe6a799e6d9,168,,336.0,5.0,5,"['web', 'email', 'mobile']",5,7.0,bogo,0,1
1b8c2bb8e244461c9266ad07fcb78d83,9b98b8c7a33c4b65b9aebfe6a799e6d9,504,,588.0,5.0,5,"['web', 'email', 'mobile']",5,7.0,bogo,0,1
1ba58dab3cae4787ad26d8d77ab7380f,0b1e1539f2cc45b7b9fa7c272da2e1d7,504,,582.0,5.0,5,"['web', 'email']",20,10.0,discount,0,1
1bb6878ed4ed4e5e804829102ad73113,2906b810c7d4411798c6938adc9daaa5,408,,552.0,2.0,2,"['web', 'email', 'mobile']",10,7.0,discount,0,1
1bf7115943f34e228d47a9e5a707cda7,2906b810c7d4411798c6938adc9daaa5,408,,498.0,2.0,2,"['web', 'email', 'mobile']",10,7.0,discount,0,1
1bfcd756898445fbb1cf02cbe082b89e,9b98b8c7a33c4b65b9aebfe6a799e6d9,504,,504.0,5.0,5,"['web', 'email', 'mobile']",5,7.0,bogo,0,1
1c1d9326ccde4c2e9834f8adc187096e,9b98b8c7a33c4b65b9aebfe6a799e6d9,168,,210.0,5.0,5,"['web', 'email', 'mobile']",5,7.0,bogo,0,1
1c1d9326ccde4c2e9834f8adc187096e,2906b810c7d4411798c6938adc9daaa5,336,,366.0,2.0,2,"['web', 'email', 'mobile']",10,7.0,discount,0,1
1c284a07aef445cba96d097daae3ec75,0b1e1539f2cc45b7b9fa7c272da2e1d7,408,,474.0,5.0,5,"['web', 'email']",20,10.0,discount,0,1
1c48906ea3674e5ea5d4392e556c250c,9b98b8c7a33c4b65b9aebfe6a799e6d9,168,,324.0,5.0,5,"['web', 'email', 'mobile']",5,7.0,bogo,0,1
1c518fa4dd634c508d76786db0533600,0b1e1539f2cc45b7b9fa7c272da2e1d7,168,,348.0,5.0,5,"['web', 'email']",20,10.0,discount,0,1
1c780ef3de0d4397ae1d854771813a66,0b1e1539f2cc45b7b9fa7c272da2e1d7,336,,486.0,5.0,5,"['web', 'email']",20,10.0,discount,0,1
1c780ef3de0d4397ae1d854771813a66,9b98b8c7a33c4b65b9aebfe6a799e6d9,576,,702.0,5.0,5,"['web', 'email', 'mobile']",5,7.0,bogo,0,1
1c8cf4af93464dcaa971cfcffc2cc1e5,0b1e1539f2cc45b7b9fa7c272da2e1d7,336,,528.0,5.0,5,"['web', 'email']",20,10.0,discount,0,1
1cb9e98e7a29426eb30becdf850727d0,ae264e3637204a6fb9bb56bc8210ddfd,336,,396.0,10.0,10,"['email', 'mobile', 'social']",10,7.0,bogo,0,1
1cb9e98e7a29426eb30becdf850727d0,0b1e1539f2cc45b7b9fa7c272da2e1d7,408,,522.0,5.0,5,"['web', 'email']",20,10.0,discount,0,1
1cbfd373096845c4bb59819f39546dbb,9b98b8c7a33c4b65b9aebfe6a799e6d9,576,,630.0,5.0,5,"['web', 'email', 'mobile']",5,7.0,bogo,0,1
1ccdd48ea41247248269cb0c5805ca12,0b1e1539f2cc45b7b9fa7c272da2e1d7,576,,648.0,5.0,5,"['web', 'email']",20,10.0,discount,0,1
1cf4f9506adb416c8d5baf81349fe4bc,2906b810c7d4411798c6938adc9daaa5,408,,570.0,2.0,2,"['web', 'email', 'mobile']",10,7.0,discount,0,1
1d1798e8389c4012aaaa7cbebd529bc4,2906b810c7d4411798c6938adc9daaa5,504,,546.0,2.0,2,"['web', 'email', 'mobile']",10,7.0,discount,0,1
1d2018a7775c4c73b084e9c701560092,0b1e1539f2cc45b7b9fa7c272da2e1d7,504,,654.0,5.0,5,"['web', 'email']",20,10.0,discount,0,1
1d25a96a0ba44f4eb28f587adf3ba9dd,2906b810c7d4411798c6938adc9daaa5,408,,576.0,2.0,2,"['web', 'email', 'mobile']",10,7.0,discount,0,1
1d3403d458b14e10a25e189cd21ecfd7,0b1e1539f2cc45b7b9fa7c272da2e1d7,576,,594.0,5.0,5,"['web', 'email']",20,10.0,discount,0,1
1d34870285e9470bac93313e3ae6d381,2906b810c7d4411798c6938adc9daaa5,0,,168.0,2.0,2,"['web', 'email', 'mobile']",10,7.0,discount,0,1
1d36a7ddbd114574a804c5c4eb2ecb4d,ae264e3637204a6fb9bb56bc8210ddfd,408,,426.0,10.0,10,"['email', 'mobile', 'social']",10,7.0,bogo,0,1
1d36a7ddbd114574a804c5c4eb2ecb4d,2906b810c7d4411798c6938adc9daaa5,504,,510.0,2.0,2,"['web', 'email', 'mobile']",10,7.0,discount,0,1
1d3acfc18ee04b70b51e5fa1826c9621,fafdcd668e3743c1bb461111dcafc2a4,336,,372.0,2.0,2,"['web', 'email', 'mobile', 'social']",10,10.0,discount,0,1
1d3acfc18ee04b70b51e5fa1826c9621,9b98b8c7a33c4b65b9aebfe6a799e6d9,504,,552.0,5.0,5,"['web', 'email', 'mobile']",5,7.0,bogo,0,1
1d5ed98fe8004fe685b0d4e8d2626e7c,2298d6c36e964ae4a3e7e9706d1fb8c2,336,,336.0,3.0,3,"['web', 'email', 'mobile', 'social']",7,7.0,discount,0,1
1d5ed98fe8004fe685b0d4e8d2626e7c,2906b810c7d4411798c6938adc9daaa5,504,,534.0,2.0,2,"['web', 'email', 'mobile']",10,7.0,discount,0,1
1d664b08fd784d308ace6b9dd42432b3,9b98b8c7a33c4b65b9aebfe6a799e6d9,408,,528.0,5.0,5,"['web', 'email', 'mobile']",5,7.0,bogo,0,1
1d8065fbc9e848f280796c837ed76f81,9b98b8c7a33c4b65b9aebfe6a799e6d9,504,,630.0,5.0,5,"['web', 'email', 'mobile']",5,7.0,bogo,0,1
1d81586ec7f64ab7b28e4594030f003e,9b98b8c7a33c4b65b9aebfe6a799e6d9,336,,372.0,5.0,5,"['web', 'email', 'mobile']",5,7.0,bogo,0,1
1d84fdd33fb343c7ab78e504a40f0187,9b98b8c7a33c4b65b9aebfe6a799e6d9,336,,552.0,5.0,5,"['web', 'email', 'mobile']",5,7.0,bogo,0,1
1d94e4a29ad845a897b0dd593d86b51c,0b1e1539f2cc45b7b9fa7c272da2e1d7,0,,114.0,5.0,5,"['web', 'email']",20,10.0,discount,0,1
1da6a18e01c643d0bd7fa6cfbc645b41,2906b810c7d4411798c6938adc9daaa5,336,,348.0,2.0,2,"['web', 'email', 'mobile']",10,7.0,discount,0,1
1da6a18e01c643d0bd7fa6cfbc645b41,0b1e1539f2cc45b7b9fa7c272da2e1d7,504,,708.0,5.0,5,"['web', 'email']",20,10.0,discount,0,1
1dda4872e30d4539adee5a507065bf3e,0b1e1539f2cc45b7b9fa7c272da2e1d7,336,,432.0,5.0,5,"['web', 'email']",20,10.0,discount,0,1
1e17186fd10c4f5389721f01cb4e8364,9b98b8c7a33c4b65b9aebfe6a799e6d9,576,,588.0,5.0,5,"['web', 'email', 'mobile']",5,7.0,bogo,0,1
1e1a141536a24fc9a50064d972cbf76e,0b1e1539f2cc45b7b9fa7c272da2e1d7,336,,480.0,5.0,5,"['web', 'email']",20,10.0,discount,0,1
1e1c90f7f2a547f58221627486d01c78,0b1e1539f2cc45b7b9fa7c272da2e1d7,336,,540.0,5.0,5,"['web', 'email']",20,10.0,discount,0,1
1e2ad9f03fad4369a78e871b807885d4,9b98b8c7a33c4b65b9aebfe6a799e6d9,504,,600.0,5.0,5,"['web', 'email', 'mobile']",5,7.0,bogo,0,1
1e31703717f6436d837dafa37fd1a4b9,0b1e1539f2cc45b7b9fa7c272da2e1d7,336,,510.0,5.0,5,"['web', 'email']",20,10.0,discount,0,1
1e412bdce0494e42a0e00ae5002be78d,0b1e1539f2cc45b7b9fa7c272da2e1d7,576,,630.0,5.0,5,"['web', 'email']",20,10.0,discount,0,1
1e43fc8b6d1948798f4a4472765783ab,ae264e3637204a6fb9bb56bc8210ddfd,336,,336.0,10.0,10,"['email', 'mobile', 'social']",10,7.0,bogo,0,1
1e43fc8b6d1948798f4a4472765783ab,0b1e1539f2cc45b7b9fa7c272da2e1d7,504,,582.0,5.0,5,"['web', 'email']",20,10.0,discount,0,1
1e5d6388b5214fefb090a9a2a4d21983,9b98b8c7a33c4b65b9aebfe6a799e6d9,0,,114.0,5.0,5,"['web', 'email', 'mobile']",5,7.0,bogo,0,1
1e5d6388b5214fefb090a9a2a4d21983,2906b810c7d4411798c6938adc9daaa5,168,,282.0,2.0,2,"['web', 'email', 'mobile']",10,7.0,discount,0,1
1e6f629ef9dd4ab685797348487832a8,0b1e1539f2cc45b7b9fa7c272da2e1d7,408,,468.0,5.0,5,"['web', 'email']",20,10.0,discount,0,1
1e6f629ef9dd4ab685797348487832a8,9b98b8c7a33c4b65b9aebfe6a799e6d9,576,,648.0,5.0,5,"['web', 'email', 'mobile']",5,7.0,bogo,0,1
1e8555612cf545938953a8a648705185,2906b810c7d4411798c6938adc9daaa5,576,,702.0,2.0,2,"['web', 'email', 'mobile']",10,7.0,discount,0,1
1e8af5a2bf7f40a0b72ecfd9f7d58edf,9b98b8c7a33c4b65b9aebfe6a799e6d9,168,,192.0,5.0,5,"['web', 'email', 'mobile']",5,7.0,bogo,0,1
1e8afbff73494145a26f9b5475dfc9f6,9b98b8c7a33c4b65b9aebfe6a799e6d9,0,,0.0,5.0,5,"['web', 'email', 'mobile']",5,7.0,bogo,0,1
1e8afbff73494145a26f9b5475dfc9f6,0b1e1539f2cc45b7b9fa7c272da2e1d7,504,,708.0,5.0,5,"['web', 'email']",20,10.0,discount,0,1
1e8fa28875f84db89e0b7a9a7d99f639,2906b810c7d4411798c6938adc9daaa5,336,,642.0,2.0,2,"['web', 'email', 'mobile']",10,7.0,discount,0,1
1ea1a86f17234a249151ea3785925c4c,0b1e1539f2cc45b7b9fa7c272da2e1d7,504,,522.0,5.0,5,"['web', 'email']",20,10.0,discount,0,1
1ea253cf07404bf4a12e604c3c7840c6,9b98b8c7a33c4b65b9aebfe6a799e6d9,408,,444.0,5.0,5,"['web', 'email', 'mobile']",5,7.0,bogo,0,1
1ee329eb41e148db8d9fb4cc3091028f,0b1e1539f2cc45b7b9fa7c272da2e1d7,504,,546.0,5.0,5,"['web', 'email']",20,10.0,discount,0,1
1ee3e36220f5437fb0523779f9318b85,ae264e3637204a6fb9bb56bc8210ddfd,504,,582.0,10.0,10,"['email', 'mobile', 'social']",10,7.0,bogo,0,1
1f01b421fdb14346ba1efa9a8884d3d0,9b98b8c7a33c4b65b9aebfe6a799e6d9,504,,534.0,5.0,5,"['web', 'email', 'mobile']",5,7.0,bogo,0,1
1f03595b20254b86b7d11344ad8493c9,4d5c57ea9a6940dd891ad53e9dbe8da0,504,,522.0,10.0,10,"['web', 'email', 'mobile', 'social']",10,5.0,bogo,0,1
1f40222bfa09464e96ad1a885beddba5,0b1e1539f2cc45b7b9fa7c272da2e1d7,336,,546.0,5.0,5,"['web', 'email']",20,10.0,discount,0,1
1f4d50d43cfe4547b3dd37d318a83b0a,2906b810c7d4411798c6938adc9daaa5,504,,540.0,2.0,2,"['web', 'email', 'mobile']",10,7.0,discount,0,1
1f59796079a04371b380b2fbf2be6f73,2906b810c7d4411798c6938adc9daaa5,168,,330.0,2.0,2,"['web', 'email', 'mobile']",10,7.0,discount,0,1
1f6ad0a8def240b3ad633f83032dedd8,9b98b8c7a33c4b65b9aebfe6a799e6d9,336,,450.0,5.0,5,"['web', 'email', 'mobile']",5,7.0,bogo,0,1
1f7289c15fe14adab43983d43d4a0390,9b98b8c7a33c4b65b9aebfe6a799e6d9,408,,504.0,5.0,5,"['web', 'email', 'mobile']",5,7.0,bogo,0,1
1f99f39237164b17a8b6848f4ce881c3,0b1e1539f2cc45b7b9fa7c272da2e1d7,408,,444.0,5.0,5,"['web', 'email']",20,10.0,discount,0,1
1fa42955dab44401b9f5c9a6c637e82e,0b1e1539f2cc45b7b9fa7c272da2e1d7,408,,510.0,5.0,5,"['web', 'email']",20,10.0,discount,0,1
1fa6bb2a2891447490ee9bf77f7319c0,0b1e1539f2cc45b7b9fa7c272da2e1d7,408,,420.0,5.0,5,"['web', 'email']",20,10.0,discount,0,1
1fa82206929541b6bc0f19f01cd04aa6,0b1e1539f2cc45b7b9fa7c272da2e1d7,336,,546.0,5.0,5,"['web', 'email']",20,10.0,discount,0,1
1fd6b0fdf50841f9b5c18941b6294e5d,0b1e1539f2cc45b7b9fa7c272da2e1d7,336,,432.0,5.0,5,"['web', 'email']",20,10.0,discount,0,1
1ffbfe62d38f4a0ebae49a79b1dd8601,0b1e1539f2cc45b7b9fa7c272da2e1d7,168,,258.0,5.0,5,"['web', 'email']",20,10.0,discount,0,1
200a75cc38b94c5ba7d07c6ab2f39ee5,9b98b8c7a33c4b65b9aebfe6a799e6d9,336,,390.0,5.0,5,"['web', 'email', 'mobile']",5,7.0,bogo,0,1
201969e0f3a7480eba5a291687c45cb9,9b98b8c7a33c4b65b9aebfe6a799e6d9,504,,540.0,5.0,5,"['web', 'email', 'mobile']",5,7.0,bogo,0,1
202089fa67c3493fb14b0d882713b9bd,2906b810c7d4411798c6938adc9daaa5,168,,180.0,2.0,2,"['web', 'email', 'mobile']",10,7.0,discount,0,1
202089fa67c3493fb14b0d882713b9bd,0b1e1539f2cc45b7b9fa7c272da2e1d7,408,,510.0,5.0,5,"['web', 'email']",20,10.0,discount,0,1
20260caf2ea641a882c2127ed2073a4e,0b1e1539f2cc45b7b9fa7c272da2e1d7,336,,528.0,5.0,5,"['web', 'email']",20,10.0,discount,0,1
203831402e2b49a8bf1fa35263f17165,0b1e1539f2cc45b7b9fa7c272da2e1d7,336,,444.0,5.0,5,"['web', 'email']",20,10.0,discount,0,1
203831402e2b49a8bf1fa35263f17165,2906b810c7d4411798c6938adc9daaa5,504,,612.0,2.0,2,"['web', 'email', 'mobile']",10,7.0,discount,0,1
20476d940d3a4ac5ab495104ba9b7dd1,9b98b8c7a33c4b65b9aebfe6a799e6d9,0,,18.0,5.0,5,"['web', 'email', 'mobile']",5,7.0,bogo,0,1
206ce5f33eb14623888263d2b945d089,0b1e1539f2cc45b7b9fa7c272da2e1d7,0,,186.0,5.0,5,"['web', 'email']",20,10.0,discount,0,1
208bf54c363a4542bfe02328b47b9912,2906b810c7d4411798c6938adc9daaa5,408,,540.0,2.0,2,"['web', 'email', 'mobile']",10,7.0,discount,0,1
20a4a0f9ffd04f619283d6e469d9d3ba,9b98b8c7a33c4b65b9aebfe6a799e6d9,576,,636.0,5.0,5,"['web', 'email', 'mobile']",5,7.0,bogo,0,1
20aa810bd0574208bfa7a7f066d0af5e,0b1e1539f2cc45b7b9fa7c272da2e1d7,576,,594.0,5.0,5,"['web', 'email']",20,10.0,discount,0,1
20cd258497c24a47b2345af5811b2af0,ae264e3637204a6fb9bb56bc8210ddfd,0,,90.0,10.0,10,"['email', 'mobile', 'social']",10,7.0,bogo,0,1
20e1db51ebe94cd9a823bfb84cca99da,9b98b8c7a33c4b65b9aebfe6a799e6d9,504,,618.0,5.0,5,"['web', 'email', 'mobile']",5,7.0,bogo,0,1
20f36dd2ffeb423b893bcfa92ce1e30d,9b98b8c7a33c4b65b9aebfe6a799e6d9,168,,180.0,5.0,5,"['web', 'email', 'mobile']",5,7.0,bogo,0,1
20f36dd2ffeb423b893bcfa92ce1e30d,ae264e3637204a6fb9bb56bc8210ddfd,408,,618.0,10.0,10,"['email', 'mobile', 'social']",10,7.0,bogo,0,1
20f7fdd12cc34df7b9ecb67ecd6b05ea,9b98b8c7a33c4b65b9aebfe6a799e6d9,576,,636.0,5.0,5,"['web', 'email', 'mobile']",5,7.0,bogo,0,1
212bda8c6fce4258b64f62bd28006e42,0b1e1539f2cc45b7b9fa7c272da2e1d7,168,,708.0,5.0,5,"['web', 'email']",20,10.0,discount,0,1
217c3e3cb05b41509d1d7d362e01b7e7,9b98b8c7a33c4b65b9aebfe6a799e6d9,336,,444.0,5.0,5,"['web', 'email', 'mobile']",5,7.0,bogo,0,1
21a18c971c42452092d674464e04c43e,2906b810c7d4411798c6938adc9daaa5,504,,594.0,2.0,2,"['web', 'email', 'mobile']",10,7.0,discount,0,1
21a99497925443ebbee1cf7239f7e902,0b1e1539f2cc45b7b9fa7c272da2e1d7,336,,444.0,5.0,5,"['web', 'email']",20,10.0,discount,0,1
21a99497925443ebbee1cf7239f7e902,2298d6c36e964ae4a3e7e9706d1fb8c2,504,,564.0,3.0,3,"['web', 'email', 'mobile', 'social']",7,7.0,discount,0,1
21c73d53e2a74bb1b4dc172bff2b1aad,2906b810c7d4411798c6938adc9daaa5,168,,252.0,2.0,2,"['web', 'email', 'mobile']",10,7.0,discount,0,1
21d6159dc3e749c698da8a6affb68412,9b98b8c7a33c4b65b9aebfe6a799e6d9,336,,504.0,5.0,5,"['web', 'email', 'mobile']",5,7.0,bogo,0,1
21da6ca3b11e4949b917f750cc886c63,2906b810c7d4411798c6938adc9daaa5,504,,654.0,2.0,2,"['web', 'email', 'mobile']",10,7.0,discount,0,1
21ef657d74c5446987e8b18d8166d0ed,9b98b8c7a33c4b65b9aebfe6a799e6d9,0,,6.0,5.0,5,"['web', 'email', 'mobile']",5,7.0,bogo,0,1
2205bf5738d14d27885473b2c50ae110,fafdcd668e3743c1bb461111dcafc2a4,336,,498.0,2.0,2,"['web', 'email', 'mobile', 'social']",10,10.0,discount,0,1
223d9000d7bd4e72af8ac193c1760be1,2906b810c7d4411798c6938adc9daaa5,336,,588.0,2.0,2,"['web', 'email', 'mobile']",10,7.0,discount,0,1
224afdf57c184294952f3ba48bddfd0d,2298d6c36e964ae4a3e7e9706d1fb8c2,336,,354.0,3.0,3,"['web', 'email', 'mobile', 'social']",7,7.0,discount,0,1
227f56602add4665a5c3633f08a08656,2906b810c7d4411798c6938adc9daaa5,408,,444.0,2.0,2,"['web', 'email', 'mobile']",10,7.0,discount,0,1
227f56602add4665a5c3633f08a08656,9b98b8c7a33c4b65b9aebfe6a799e6d9,576,,642.0,5.0,5,"['web', 'email', 'mobile']",5,7.0,bogo,0,1
229191ca2b9d4620bd61677fd7f328c4,9b98b8c7a33c4b65b9aebfe6a799e6d9,504,,534.0,5.0,5,"['web', 'email', 'mobile']",5,7.0,bogo,0,1
229191ca2b9d4620bd61677fd7f328c4,ae264e3637204a6fb9bb56bc8210ddfd,576,,588.0,10.0,10,"['email', 'mobile', 'social']",10,7.0,bogo,0,1
2299335033194047a20685e608f230d8,0b1e1539f2cc45b7b9fa7c272da2e1d7,504,,648.0,5.0,5,"['web', 'email']",20,10.0,discount,0,1
22bf244c38734ce38a6e8d99499bc504,0b1e1539f2cc45b7b9fa7c272da2e1d7,576,,708.0,5.0,5,"['web', 'email']",20,10.0,discount,0,1
22ce932a14c34f2fbd3d36d4f3a598d5,0b1e1539f2cc45b7b9fa7c272da2e1d7,0,,228.0,5.0,5,"['web', 'email']",20,10.0,discount,0,1
22ce932a14c34f2fbd3d36d4f3a598d5,4d5c57ea9a6940dd891ad53e9dbe8da0,336,,354.0,10.0,10,"['web', 'email', 'mobile', 'social']",10,5.0,bogo,0,1
2300b9fba71048488b040245ffa14709,ae264e3637204a6fb9bb56bc8210ddfd,504,,516.0,10.0,10,"['email', 'mobile', 'social']",10,7.0,bogo,0,1
231e1e33467647bbba31f6ba36d88541,0b1e1539f2cc45b7b9fa7c272da2e1d7,0,,708.0,5.0,5,"['web', 'email']",20,10.0,discount,0,1
231f415c3b34446ca71fa8cf0b2b974f,ae264e3637204a6fb9bb56bc8210ddfd,168,,198.0,10.0,10,"['email', 'mobile', 'social']",10,7.0,bogo,0,1
231f415c3b34446ca71fa8cf0b2b974f,9b98b8c7a33c4b65b9aebfe6a799e6d9,504,,588.0,5.0,5,"['web', 'email', 'mobile']",5,7.0,bogo,0,1
23277625ebb9416582f62f328a6a5a8b,2906b810c7d4411798c6938adc9daaa5,504,,600.0,2.0,2,"['web', 'email', 'mobile']",10,7.0,discount,0,1
2329b14ec2ea4f979f82e66b057b16d6,2906b810c7d4411798c6938adc9daaa5,336,,474.0,2.0,2,"['web', 'email', 'mobile']",10,7.0,discount,0,1
2332714b1fb54741b3a7b27f259dc994,9b98b8c7a33c4b65b9aebfe6a799e6d9,408,,474.0,5.0,5,"['web', 'email', 'mobile']",5,7.0,bogo,0,1
2334c3155e884d3c9529ee471f814a49,9b98b8c7a33c4b65b9aebfe6a799e6d9,504,,630.0,5.0,5,"['web', 'email', 'mobile']",5,7.0,bogo,0,1
233c4cb4bd5b48e1bf461e4e7774d5c7,ae264e3637204a6fb9bb56bc8210ddfd,336,,468.0,10.0,10,"['email', 'mobile', 'social']",10,7.0,bogo,0,1
2349cf9c53bb49e09b23e4684cdcd86a,9b98b8c7a33c4b65b9aebfe6a799e6d9,0,,648.0,5.0,5,"['web', 'email', 'mobile']",5,7.0,bogo,0,1
2366b169d6de42f084c7a64c1b938f9d,9b98b8c7a33c4b65b9aebfe6a799e6d9,0,,18.0,5.0,5,"['web', 'email', 'mobile']",5,7.0,bogo,0,1
23675894e69749f0bfaf7c1e26d0cb12,0b1e1539f2cc45b7b9fa7c272da2e1d7,168,,168.0,5.0,5,"['web', 'email']",20,10.0,discount,0,1
2372a5dd677842478b5318e4ea525969,9b98b8c7a33c4b65b9aebfe6a799e6d9,504,,588.0,5.0,5,"['web', 'email', 'mobile']",5,7.0,bogo,0,1
23734b1dfcb94f9a8295153317a77c8c,0b1e1539f2cc45b7b9fa7c272da2e1d7,408,,636.0,5.0,5,"['web', 'email']",20,10.0,discount,0,1
239f99fbeec1414482a02223af0e9702,ae264e3637204a6fb9bb56bc8210ddfd,336,,444.0,10.0,10,"['email', 'mobile', 'social']",10,7.0,bogo,0,1
239f99fbeec1414482a02223af0e9702,2906b810c7d4411798c6938adc9daaa5,408,,444.0,2.0,2,"['web', 'email', 'mobile']",10,7.0,discount,0,1
23b724c1f63849088971c3f94cc839af,2906b810c7d4411798c6938adc9daaa5,576,,648.0,2.0,2,"['web', 'email', 'mobile']",10,7.0,discount,0,1
23bc15e276d247669fd7d1c08a8fb678,2298d6c36e964ae4a3e7e9706d1fb8c2,504,,504.0,3.0,3,"['web', 'email', 'mobile', 'social']",7,7.0,discount,0,1
23bc15e276d247669fd7d1c08a8fb678,9b98b8c7a33c4b65b9aebfe6a799e6d9,576,,678.0,5.0,5,"['web', 'email', 'mobile']",5,7.0,bogo,0,1
23be2bae33d54da884c7ff0230fc241f,0b1e1539f2cc45b7b9fa7c272da2e1d7,576,,600.0,5.0,5,"['web', 'email']",20,10.0,discount,0,1
23fe1476e9154136b5b55eed413743a6,9b98b8c7a33c4b65b9aebfe6a799e6d9,336,,462.0,5.0,5,"['web', 'email', 'mobile']",5,7.0,bogo,0,1
240b9202dcfc477cab8dfde33f0df699,2906b810c7d4411798c6938adc9daaa5,336,,384.0,2.0,2,"['web', 'email', 'mobile']",10,7.0,discount,0,1
24115a61df25473e84a8a03f3c98de1a,2906b810c7d4411798c6938adc9daaa5,0,,0.0,2.0,2,"['web', 'email', 'mobile']",10,7.0,discount,0,1
2427b30ffe91466dbb0189aa74c64253,2906b810c7d4411798c6938adc9daaa5,336,,414.0,2.0,2,"['web', 'email', 'mobile']",10,7.0,discount,0,1
2427b30ffe91466dbb0189aa74c64253,f19421c1d4aa40978ebb69ca19b0e20d,504,,516.0,5.0,5,"['web', 'email', 'mobile', 'social']",5,5.0,bogo,0,1
24306c53db4a41aca1c2e10cc4f935da,0b1e1539f2cc45b7b9fa7c272da2e1d7,336,,456.0,5.0,5,"['web', 'email']",20,10.0,discount,0,1
2436d6f5405d4684adbe768aa7d12001,0b1e1539f2cc45b7b9fa7c272da2e1d7,504,,594.0,5.0,5,"['web', 'email']",20,10.0,discount,0,1
245f68e8b7734ccb9e43e43063cf2c7c,0b1e1539f2cc45b7b9fa7c272da2e1d7,336,,474.0,5.0,5,"['web', 'email']",20,10.0,discount,0,1
246094ce7b5f4bfab1e3e91a9127ec3b,9b98b8c7a33c4b65b9aebfe6a799e6d9,576,,618.0,5.0,5,"['web', 'email', 'mobile']",5,7.0,bogo,0,1
2472b0a245024b37bc45e6b902a4a801,0b1e1539f2cc45b7b9fa7c272da2e1d7,408,,522.0,5.0,5,"['web', 'email']",20,10.0,discount,0,1
2472b0a245024b37bc45e6b902a4a801,2298d6c36e964ae4a3e7e9706d1fb8c2,504,,522.0,3.0,3,"['web', 'email', 'mobile', 'social']",7,7.0,discount,0,1
2481f1fcfbcb4b288e5a03af02d95373,2906b810c7d4411798c6938adc9daaa5,0,,0.0,2.0,2,"['web', 'email', 'mobile']",10,7.0,discount,0,1
248299cb7b7c4aa184e23eb2d5969b6d,2906b810c7d4411798c6938adc9daaa5,336,,414.0,2.0,2,"['web', 'email', 'mobile']",10,7.0,discount,0,1
24b7186006df42968b948016dda0030a,0b1e1539f2cc45b7b9fa7c272da2e1d7,408,,576.0,5.0,5,"['web', 'email']",20,10.0,discount,0,1
24ca64fbcf5e433fba3554d60b0d0433,ae264e3637204a6fb9bb56bc8210ddfd,408,,540.0,10.0,10,"['email', 'mobile', 'social']",10,7.0,bogo,0,1
24d7eab2cde84fc5a770373b672ef8fa,0b1e1539f2cc45b7b9fa7c272da2e1d7,168,,348.0,5.0,5,"['web', 'email']",20,10.0,discount,0,1
24e97f8491804e43ac0865ae93b54ca9,9b98b8c7a33c4b65b9aebfe6a799e6d9,504,,594.0,5.0,5,"['web', 'email', 'mobile']",5,7.0,bogo,0,1
24eb364cc1914ee386aa13bd836a2ee2,ae264e3637204a6fb9bb56bc8210ddfd,168,,180.0,10.0,10,"['email', 'mobile', 'social']",10,7.0,bogo,0,1
2500fe5284fe48bda992027d36355059,2906b810c7d4411798c6938adc9daaa5,408,,450.0,2.0,2,"['web', 'email', 'mobile']",10,7.0,discount,0,1
251d8e61db61415fbb3eee0b89ef40e1,9b98b8c7a33c4b65b9aebfe6a799e6d9,504,,552.0,5.0,5,"['web', 'email', 'mobile']",5,7.0,bogo,0,1
251fa816e9b84da585d07025ee0388ce,2906b810c7d4411798c6938adc9daaa5,168,,270.0,2.0,2,"['web', 'email', 'mobile']",10,7.0,discount,0,1
2531d3b6001a4d48bff0a91ceceb97a0,0b1e1539f2cc45b7b9fa7c272da2e1d7,0,,204.0,5.0,5,"['web', 'email']",20,10.0,discount,0,1
2531d3b6001a4d48bff0a91ceceb97a0,2906b810c7d4411798c6938adc9daaa5,336,,444.0,2.0,2,"['web', 'email', 'mobile']",10,7.0,discount,0,1
253928e13e194249af6f2ff4003498cb,9b98b8c7a33c4b65b9aebfe6a799e6d9,168,,234.0,5.0,5,"['web', 'email', 'mobile']",5,7.0,bogo,0,1
254d56f6bfe74a61b256b17fbfd15fca,fafdcd668e3743c1bb461111dcafc2a4,336,,462.0,2.0,2,"['web', 'email', 'mobile', 'social']",10,10.0,discount,0,1
2556c2b37ede4b10ab71be2fe6a32d7f,0b1e1539f2cc45b7b9fa7c272da2e1d7,408,,492.0,5.0,5,"['web', 'email']",20,10.0,discount,0,1
2572edba34644161b70d0d0f0a4f08f8,0b1e1539f2cc45b7b9fa7c272da2e1d7,168,,186.0,5.0,5,"['web', 'email']",20,10.0,discount,0,1
2572edba34644161b70d0d0f0a4f08f8,2906b810c7d4411798c6938adc9daaa5,504,,504.0,2.0,2,"['web', 'email', 'mobile']",10,7.0,discount,0,1
257cdf8cf4ff419ba42b2baa13f5da17,ae264e3637204a6fb9bb56bc8210ddfd,576,,702.0,10.0,10,"['email', 'mobile', 'social']",10,7.0,bogo,0,1
257ea016615b44b9ba7caca046d0261a,2906b810c7d4411798c6938adc9daaa5,168,,186.0,2.0,2,"['web', 'email', 'mobile']",10,7.0,discount,0,1
257ea016615b44b9ba7caca046d0261a,0b1e1539f2cc45b7b9fa7c272da2e1d7,336,,480.0,5.0,5,"['web', 'email']",20,10.0,discount,0,1
25a132b5f6604288a53d48a5f2792735,0b1e1539f2cc45b7b9fa7c272da2e1d7,576,,606.0,5.0,5,"['web', 'email']",20,10.0,discount,0,1
25a6c63aec2747b39c62a7a0565ed7b0,9b98b8c7a33c4b65b9aebfe6a799e6d9,0,,30.0,5.0,5,"['web', 'email', 'mobile']",5,7.0,bogo,0,1
25a6c63aec2747b39c62a7a0565ed7b0,0b1e1539f2cc45b7b9fa7c272da2e1d7,576,,612.0,5.0,5,"['web', 'email']",20,10.0,discount,0,1
25aa446cf4ff48b18c9de45c182840d4,fafdcd668e3743c1bb461111dcafc2a4,0,,48.0,2.0,2,"['web', 'email', 'mobile', 'social']",10,10.0,discount,0,1
25adc7b5ab704fcc9f8777ed914234ff,0b1e1539f2cc45b7b9fa7c272da2e1d7,168,,318.0,5.0,5,"['web', 'email']",20,10.0,discount,0,1
25b16f192a9c418cbc29c814abd62062,2906b810c7d4411798c6938adc9daaa5,504,,534.0,2.0,2,"['web', 'email', 'mobile']",10,7.0,discount,0,1
25b6b459f09a4f93841faabcb78a24e5,fafdcd668e3743c1bb461111dcafc2a4,168,,222.0,2.0,2,"['web', 'email', 'mobile', 'social']",10,10.0,discount,0,1
25b6b459f09a4f93841faabcb78a24e5,2906b810c7d4411798c6938adc9daaa5,408,,552.0,2.0,2,"['web', 'email', 'mobile']",10,7.0,discount,0,1
25c258df0487470c8d1cfed9feca14cd,ae264e3637204a6fb9bb56bc8210ddfd,336,,420.0,10.0,10,"['email', 'mobile', 'social']",10,7.0,bogo,0,1
25c258df0487470c8d1cfed9feca14cd,0b1e1539f2cc45b7b9fa7c272da2e1d7,408,,420.0,5.0,5,"['web', 'email']",20,10.0,discount,0,1
25c89cd833a04d51b76510b1ae335476,2906b810c7d4411798c6938adc9daaa5,408,,528.0,2.0,2,"['web', 'email', 'mobile']",10,7.0,discount,0,1
25cbf4fb784e463a99bf0c24588c0aba,9b98b8c7a33c4b65b9aebfe6a799e6d9,336,,342.0,5.0,5,"['web', 'email', 'mobile']",5,7.0,bogo,0,1
25d1e76f7c0b43579b0e5a07cc827bf5,2906b810c7d4411798c6938adc9daaa5,336,,366.0,2.0,2,"['web', 'email', 'mobile']",10,7.0,discount,0,1
25ff4f5d2d354e599980dc5fd3f50021,0b1e1539f2cc45b7b9fa7c272da2e1d7,336,,510.0,5.0,5,"['web', 'email']",20,10.0,discount,0,1
2617bb645c38463ab5b0353e8e83ce3e,9b98b8c7a33c4b65b9aebfe6a799e6d9,336,,342.0,5.0,5,"['web', 'email', 'mobile']",5,7.0,bogo,0,1
261a27512c6b4c8aaa8cfc6fa465f463,ae264e3637204a6fb9bb56bc8210ddfd,0,,48.0,10.0,10,"['email', 'mobile', 'social']",10,7.0,bogo,0,1
26275bfb01394582b7b5e49f9d0b7d27,0b1e1539f2cc45b7b9fa7c272da2e1d7,408,,624.0,5.0,5,"['web', 'email']",20,10.0,discount,0,1
2633bf11fcfa48ae8a94398d5239e88d,9b98b8c7a33c4b65b9aebfe6a799e6d9,576,,594.0,5.0,5,"['web', 'email', 'mobile']",5,7.0,bogo,0,1
26597fda4cf64c70961450d5a5f515a3,2906b810c7d4411798c6938adc9daaa5,168,,288.0,2.0,2,"['web', 'email', 'mobile']",10,7.0,discount,0,1
26597fda4cf64c70961450d5a5f515a3,0b1e1539f2cc45b7b9fa7c272da2e1d7,504,,564.0,5.0,5,"['web', 'email']",20,10.0,discount,0,1
2663c7215b864922b7c1675cb9c626f3,9b98b8c7a33c4b65b9aebfe6a799e6d9,0,,450.0,5.0,5,"['web', 'email', 'mobile']",5,7.0,bogo,0,1
2663c7215b864922b7c1675cb9c626f3,0b1e1539f2cc45b7b9fa7c272da2e1d7,336,,576.0,5.0,5,"['web', 'email']",20,10.0,discount,0,1
267b167e0b714ae3b4c4216fe0deb31f,0b1e1539f2cc45b7b9fa7c272da2e1d7,336,,564.0,5.0,5,"['web', 'email']",20,10.0,discount,0,1
26829118683847c8ae5374b27a1e774d,2906b810c7d4411798c6938adc9daaa5,504,,600.0,2.0,2,"['web', 'email', 'mobile']",10,7.0,discount,0,1
268462c0904d48b0b2db3c3d27ea8dd3,0b1e1539f2cc45b7b9fa7c272da2e1d7,408,,522.0,5.0,5,"['web', 'email']",20,10.0,discount,0,1
26c3b335700e432d9e2c7d3b4808c197,0b1e1539f2cc45b7b9fa7c272da2e1d7,336,,480.0,5.0,5,"['web', 'email']",20,10.0,discount,0,1
26d5c5a4bd894eddbcac85fa88c7e0d8,9b98b8c7a33c4b65b9aebfe6a799e6d9,576,,606.0,5.0,5,"['web', 'email', 'mobile']",5,7.0,bogo,0,1
26d9fdcb7d1b4b2eb60c7a65f5ba5266,0b1e1539f2cc45b7b9fa7c272da2e1d7,504,,528.0,5.0,5,"['web', 'email']",20,10.0,discount,0,1
26dc576d0d0746ddb3c3fd18dce6c904,ae264e3637204a6fb9bb56bc8210ddfd,336,,492.0,10.0,10,"['email', 'mobile', 'social']",10,7.0,bogo,0,1
26de843918834f53b73844559b4b90f2,2906b810c7d4411798c6938adc9daaa5,504,,630.0,2.0,2,"['web', 'email', 'mobile']",10,7.0,discount,0,1
26e2866577a944acbf38038321a3dec4,0b1e1539f2cc45b7b9fa7c272da2e1d7,336,,534.0,5.0,5,"['web', 'email']",20,10.0,discount,0,1
26e3b1d4b03740bfadb3a245c852548f,0b1e1539f2cc45b7b9fa7c272da2e1d7,504,,696.0,5.0,5,"['web', 'email']",20,10.0,discount,0,1
26e8ef90d9d64c919ebbe964781c122f,0b1e1539f2cc45b7b9fa7c272da2e1d7,168,,306.0,5.0,5,"['web', 'email']",20,10.0,discount,0,1
26ffde4f42334fe7b162f2186070fe53,2906b810c7d4411798c6938adc9daaa5,504,,504.0,2.0,2,"['web', 'email', 'mobile']",10,7.0,discount,0,1
2702f042f8f7405893d0c562e9813342,0b1e1539f2cc45b7b9fa7c272da2e1d7,576,,576.0,5.0,5,"['web', 'email']",20,10.0,discount,0,1
270c6126f02b4419a443f7b0e0c4d276,9b98b8c7a33c4b65b9aebfe6a799e6d9,408,,420.0,5.0,5,"['web', 'email', 'mobile']",5,7.0,bogo,0,1
270e7fd65f7e45c58b79d0d8ad2c72ab,9b98b8c7a33c4b65b9aebfe6a799e6d9,408,,444.0,5.0,5,"['web', 'email', 'mobile']",5,7.0,bogo,0,1
2728be6b92094e9caa4a5c1dae801de6,0b1e1539f2cc45b7b9fa7c272da2e1d7,0,,168.0,5.0,5,"['web', 'email']",20,10.0,discount,0,1
272dc7a93ed646f1ac585836e869ed02,ae264e3637204a6fb9bb56bc8210ddfd,168,,312.0,10.0,10,"['email', 'mobile', 'social']",10,7.0,bogo,0,1
2740d12ff4d046c0a45a27652d85963d,0b1e1539f2cc45b7b9fa7c272da2e1d7,408,,468.0,5.0,5,"['web', 'email']",20,10.0,discount,0,1
27573d3ebc154a48a9cd245ae16b71a2,9b98b8c7a33c4b65b9aebfe6a799e6d9,168,,330.0,5.0,5,"['web', 'email', 'mobile']",5,7.0,bogo,0,1
277bbd0786eb43818805598ba5640253,9b98b8c7a33c4b65b9aebfe6a799e6d9,408,,420.0,5.0,5,"['web', 'email', 'mobile']",5,7.0,bogo,0,1
27846a455b1b43a9a4f01b70b37dd781,0b1e1539f2cc45b7b9fa7c272da2e1d7,0,,198.0,5.0,5,"['web', 'email']",20,10.0,discount,0,1
2791079b898e42e8aa9af29483eb1d35,2906b810c7d4411798c6938adc9daaa5,408,,474.0,2.0,2,"['web', 'email', 'mobile']",10,7.0,discount,0,1
27a46d6249d1469686d1a3ef57486d06,2906b810c7d4411798c6938adc9daaa5,168,,288.0,2.0,2,"['web', 'email', 'mobile']",10,7.0,discount,0,1
27aa749a6f5f448e91327028a2ac7fb5,9b98b8c7a33c4b65b9aebfe6a799e6d9,504,,522.0,5.0,5,"['web', 'email', 'mobile']",5,7.0,bogo,0,1
27b2dc1b194f4451b0966de7a29c55a9,2906b810c7d4411798c6938adc9daaa5,0,,126.0,2.0,2,"['web', 'email', 'mobile']",10,7.0,discount,0,1
27bfffa9acd44dcb8fb69066190fb935,0b1e1539f2cc45b7b9fa7c272da2e1d7,408,,510.0,5.0,5,"['web', 'email']",20,10.0,discount,0,1
27dcaf139e2f42cc8325f09ea090cdf9,0b1e1539f2cc45b7b9fa7c272da2e1d7,408,,570.0,5.0,5,"['web', 'email']",20,10.0,discount,0,1
27e7bc8c5bae4b8b908de6de1fb818f5,ae264e3637204a6fb9bb56bc8210ddfd,336,,348.0,10.0,10,"['email', 'mobile', 'social']",10,7.0,bogo,0,1
27e9b15f6003425495278e6aa2ea2366,0b1e1539f2cc45b7b9fa7c272da2e1d7,408,,480.0,5.0,5,"['web', 'email']",20,10.0,discount,0,1
280288f242a04a76a154edc65c315d82,2298d6c36e964ae4a3e7e9706d1fb8c2,408,,420.0,3.0,3,"['web', 'email', 'mobile', 'social']",7,7.0,discount,0,1
280288f242a04a76a154edc65c315d82,2906b810c7d4411798c6938adc9daaa5,504,,630.0,2.0,2,"['web', 'email', 'mobile']",10,7.0,discount,0,1
2826b466083844f89c89e2a9214d8e2a,2906b810c7d4411798c6938adc9daaa5,168,,216.0,2.0,2,"['web', 'email', 'mobile']",10,7.0,discount,0,1
28416e7d96d746fb9c1fb8223d9e4914,0b1e1539f2cc45b7b9fa7c272da2e1d7,336,,534.0,5.0,5,"['web', 'email']",20,10.0,discount,0,1
28572e7d6527436db8221edf46c01888,9b98b8c7a33c4b65b9aebfe6a799e6d9,336,,360.0,5.0,5,"['web', 'email', 'mobile']",5,7.0,bogo,0,1
28765f822e7f477b90a226ee29bcc473,0b1e1539f2cc45b7b9fa7c272da2e1d7,336,,486.0,5.0,5,"['web', 'email']",20,10.0,discount,0,1
2878b20520494107befe181e682a906f,0b1e1539f2cc45b7b9fa7c272da2e1d7,576,,624.0,5.0,5,"['web', 'email']",20,10.0,discount,0,1
2889214639664320b1c74db66c47d3fd,2298d6c36e964ae4a3e7e9706d1fb8c2,336,,390.0,3.0,3,"['web', 'email', 'mobile', 'social']",7,7.0,discount,0,1
288bd96665ae45c287dec85634f318dd,0b1e1539f2cc45b7b9fa7c272da2e1d7,0,,120.0,5.0,5,"['web', 'email']",20,10.0,discount,0,1
288bd96665ae45c287dec85634f318dd,9b98b8c7a33c4b65b9aebfe6a799e6d9,168,,330.0,5.0,5,"['web', 'email', 'mobile']",5,7.0,bogo,0,1
28ae5599449d43288b3e0983080ad04c,fafdcd668e3743c1bb461111dcafc2a4,336,,426.0,2.0,2,"['web', 'email', 'mobile', 'social']",10,10.0,discount,0,1
28b4168756ee40559f8d8a98762f28ab,0b1e1539f2cc45b7b9fa7c272da2e1d7,504,,618.0,5.0,5,"['web', 'email']",20,10.0,discount,0,1
28e0ef07b9ac4d4cb26c9182979c1069,9b98b8c7a33c4b65b9aebfe6a799e6d9,336,,348.0,5.0,5,"['web', 'email', 'mobile']",5,7.0,bogo,0,1
29033cded35c48d99cf6ef99f91fad66,2906b810c7d4411798c6938adc9daaa5,168,,270.0,2.0,2,"['web', 'email', 'mobile']",10,7.0,discount,0,1
291689651ce14d62a5efe33e5706ce12,2906b810c7d4411798c6938adc9daaa5,408,,420.0,2.0,2,"['web', 'email', 'mobile']",10,7.0,discount,0,1
29655cba61a04d079efde18203b4f232,0b1e1539f2cc45b7b9fa7c272da2e1d7,0,,234.0,5.0,5,"['web', 'email']",20,10.0,discount,0,1
29659fd0eabe4103a54d273118f1aa35,0b1e1539f2cc45b7b9fa7c272da2e1d7,408,,600.0,5.0,5,"['web', 'email']",20,10.0,discount,0,1
296ac05d3dcc40e9a00398fe6cb29efb,0b1e1539f2cc45b7b9fa7c272da2e1d7,336,,426.0,5.0,5,"['web', 'email']",20,10.0,discount,0,1
2989c58e050a4d06998e2b587f66473b,9b98b8c7a33c4b65b9aebfe6a799e6d9,576,,582.0,5.0,5,"['web', 'email', 'mobile']",5,7.0,bogo,0,1
2989ffb9c4d0431b8c7f21368b21f804,2906b810c7d4411798c6938adc9daaa5,336,,360.0,2.0,2,"['web', 'email', 'mobile']",10,7.0,discount,0,1
29af019fe4d542f4a2ca2e1f98e54eff,9b98b8c7a33c4b65b9aebfe6a799e6d9,168,,240.0,5.0,5,"['web', 'email', 'mobile']",5,7.0,bogo,0,1
29c0a91cdcd441288a95dfd1b743c0fc,2906b810c7d4411798c6938adc9daaa5,408,,408.0,2.0,2,"['web', 'email', 'mobile']",10,7.0,discount,0,1
29f206c56f414159bf31ab8feac7bc66,ae264e3637204a6fb9bb56bc8210ddfd,408,,510.0,10.0,10,"['email', 'mobile', 'social']",10,7.0,bogo,0,1
29fdfc06b7ea4373907b1f26389a675a,0b1e1539f2cc45b7b9fa7c272da2e1d7,336,,426.0,5.0,5,"['web', 'email']",20,10.0,discount,0,1
29fdfc06b7ea4373907b1f26389a675a,9b98b8c7a33c4b65b9aebfe6a799e6d9,408,,426.0,5.0,5,"['web', 'email', 'mobile']",5,7.0,bogo,0,1
2a01c11fdcc441bcbdc842c35adccb2f,0b1e1539f2cc45b7b9fa7c272da2e1d7,0,,102.0,5.0,5,"['web', 'email']",20,10.0,discount,0,1
2a01fc19e5c942efa247588405f43b7a,9b98b8c7a33c4b65b9aebfe6a799e6d9,408,,540.0,5.0,5,"['web', 'email', 'mobile']",5,7.0,bogo,0,1
2a0f0b1bd6804dc8b6201760657ce20f,0b1e1539f2cc45b7b9fa7c272da2e1d7,504,,654.0,5.0,5,"['web', 'email']",20,10.0,discount,0,1
2a13705c79fd44bc91207deb5374b7ad,2906b810c7d4411798c6938adc9daaa5,408,,408.0,2.0,2,"['web', 'email', 'mobile']",10,7.0,discount,0,1
2a2c5ee51e784e0bb4a956a4d36ae159,9b98b8c7a33c4b65b9aebfe6a799e6d9,504,,528.0,5.0,5,"['web', 'email', 'mobile']",5,7.0,bogo,0,1
2a2d1dea7f614c1f8c307d11218fa2c2,0b1e1539f2cc45b7b9fa7c272da2e1d7,336,,558.0,5.0,5,"['web', 'email']",20,10.0,discount,0,1
2a38139dd22a4239b09faac733155063,0b1e1539f2cc45b7b9fa7c272da2e1d7,0,,132.0,5.0,5,"['web', 'email']",20,10.0,discount,0,1
2a58f4504c2b49649502109d11143144,0b1e1539f2cc45b7b9fa7c272da2e1d7,0,,204.0,5.0,5,"['web', 'email']",20,10.0,discount,0,1
2a5f89c79a104198b302c1cb2fd406d9,9b98b8c7a33c4b65b9aebfe6a799e6d9,504,,522.0,5.0,5,"['web', 'email', 'mobile']",5,7.0,bogo,0,1
2a7830d1ce83474487c2c8f8d7355f4b,4d5c57ea9a6940dd891ad53e9dbe8da0,408,,462.0,10.0,10,"['web', 'email', 'mobile', 'social']",10,5.0,bogo,0,1
2a7830d1ce83474487c2c8f8d7355f4b,ae264e3637204a6fb9bb56bc8210ddfd,576,,630.0,10.0,10,"['email', 'mobile', 'social']",10,7.0,bogo,0,1
2a793c13ad9d43eb95da32e8b7a5a079,0b1e1539f2cc45b7b9fa7c272da2e1d7,408,,624.0,5.0,5,"['web', 'email']",20,10.0,discount,0,1
2a978956672a456480361cd568298185,fafdcd668e3743c1bb461111dcafc2a4,408,,504.0,2.0,2,"['web', 'email', 'mobile', 'social']",10,10.0,discount,0,1
2aac0e21d07947ab9acdf09382590e4d,2906b810c7d4411798c6938adc9daaa5,576,,606.0,2.0,2,"['web', 'email', 'mobile']",10,7.0,discount,0,1
2ab61c2469b74c17b79992f4aaeee110,fafdcd668e3743c1bb461111dcafc2a4,336,,510.0,2.0,2,"['web', 'email', 'mobile', 'social']",10,10.0,discount,0,1
2ab61c2469b74c17b79992f4aaeee110,0b1e1539f2cc45b7b9fa7c272da2e1d7,408,,564.0,5.0,5,"['web', 'email']",20,10.0,discount,0,1
2ac49dfdf85e40e38185b5e62744bd86,0b1e1539f2cc45b7b9fa7c272da2e1d7,504,,708.0,5.0,5,"['web', 'email']",20,10.0,discount,0,1
2afd6f11beba4470bdb8cc4cca19cec2,9b98b8c7a33c4b65b9aebfe6a799e6d9,0,,156.0,5.0,5,"['web', 'email', 'mobile']",5,7.0,bogo,0,1
2b0e698462194cd787308c7e2a7a8bfd,0b1e1539f2cc45b7b9fa7c272da2e1d7,504,,690.0,5.0,5,"['web', 'email']",20,10.0,discount,0,1
2b1fc2e40c0a4f8ba4a03357319879c1,ae264e3637204a6fb9bb56bc8210ddfd,576,,582.0,10.0,10,"['email', 'mobile', 'social']",10,7.0,bogo,0,1
2b305dbf84dd441ab8ea26242bcced60,0b1e1539f2cc45b7b9fa7c272da2e1d7,0,,552.0,5.0,5,"['web', 'email']",20,10.0,discount,0,1
2b35195501e44aefa41907f385aff3b6,ae264e3637204a6fb9bb56bc8210ddfd,576,,606.0,10.0,10,"['email', 'mobile', 'social']",10,7.0,bogo,0,1
2b44d5abc6db471abdf04615463f1ba1,9b98b8c7a33c4b65b9aebfe6a799e6d9,504,,618.0,5.0,5,"['web', 'email', 'mobile']",5,7.0,bogo,0,1
2b50d8e66de14044ad46ca57417faadf,9b98b8c7a33c4b65b9aebfe6a799e6d9,168,,222.0,5.0,5,"['web', 'email', 'mobile']",5,7.0,bogo,0,1
2b5f2abb89e44c208bb88e64cce13f43,2298d6c36e964ae4a3e7e9706d1fb8c2,336,,354.0,3.0,3,"['web', 'email', 'mobile', 'social']",7,7.0,discount,0,1
2b783424dd2e471a95c062b826c0c473,0b1e1539f2cc45b7b9fa7c272da2e1d7,576,,612.0,5.0,5,"['web', 'email']",20,10.0,discount,0,1
2b9476ff747d4974af5679ac8485e5f2,0b1e1539f2cc45b7b9fa7c272da2e1d7,0,,60.0,5.0,5,"['web', 'email']",20,10.0,discount,0,1
2b9476ff747d4974af5679ac8485e5f2,ae264e3637204a6fb9bb56bc8210ddfd,504,,558.0,10.0,10,"['email', 'mobile', 'social']",10,7.0,bogo,0,1
2ba1d65405594702af723081531011ef,0b1e1539f2cc45b7b9fa7c272da2e1d7,0,,204.0,5.0,5,"['web', 'email']",20,10.0,discount,0,1
2ba2a88be5b349769ce3d3d411064075,2906b810c7d4411798c6938adc9daaa5,168,,240.0,2.0,2,"['web', 'email', 'mobile']",10,7.0,discount,0,1
2bb22e7931aa49ebabff26b9cbc6260a,0b1e1539f2cc45b7b9fa7c272da2e1d7,336,,516.0,5.0,5,"['web', 'email']",20,10.0,discount,0,1
2bb9ae13afd749f6bcfd45b95430b02a,9b98b8c7a33c4b65b9aebfe6a799e6d9,504,,612.0,5.0,5,"['web', 'email', 'mobile']",5,7.0,bogo,0,1
2bbae8d1517449c8bbc87077c05e5170,0b1e1539f2cc45b7b9fa7c272da2e1d7,408,,648.0,5.0,5,"['web', 'email']",20,10.0,discount,0,1
2bbe19e5b04c487a859834b30845f4c8,2906b810c7d4411798c6938adc9daaa5,336,,348.0,2.0,2,"['web', 'email', 'mobile']",10,7.0,discount,0,1
2bbe19e5b04c487a859834b30845f4c8,0b1e1539f2cc45b7b9fa7c272da2e1d7,408,,582.0,5.0,5,"['web', 'email']",20,10.0,discount,0,1
2be23fa758d245089009b7b0b726a4eb,9b98b8c7a33c4b65b9aebfe6a799e6d9,408,,480.0,5.0,5,"['web', 'email', 'mobile']",5,7.0,bogo,0,1
2be2489db35e4ac7873e295cc2f4914b,9b98b8c7a33c4b65b9aebfe6a799e6d9,0,,90.0,5.0,5,"['web', 'email', 'mobile']",5,7.0,bogo,0,1
2bf411e1c0af461b919ef8f703551ee3,2906b810c7d4411798c6938adc9daaa5,336,,492.0,2.0,2,"['web', 'email', 'mobile']",10,7.0,discount,0,1
2bf411e1c0af461b919ef8f703551ee3,9b98b8c7a33c4b65b9aebfe6a799e6d9,576,,702.0,5.0,5,"['web', 'email', 'mobile']",5,7.0,bogo,0,1
2c1c0c45d25d43099388a97204878874,9b98b8c7a33c4b65b9aebfe6a799e6d9,0,,48.0,5.0,5,"['web', 'email', 'mobile']",5,7.0,bogo,0,1
2c1c0c45d25d43099388a97204878874,0b1e1539f2cc45b7b9fa7c272da2e1d7,336,,402.0,5.0,5,"['web', 'email']",20,10.0,discount,0,1
2c1c0c45d25d43099388a97204878874,2906b810c7d4411798c6938adc9daaa5,408,,444.0,2.0,2,"['web', 'email', 'mobile']",10,7.0,discount,0,1
2c2d6fcf6ba84ae78cd3b145107a486f,0b1e1539f2cc45b7b9fa7c272da2e1d7,576,,708.0,5.0,5,"['web', 'email']",20,10.0,discount,0,1
2c356d1a3dab479aac70311dc9c01c42,0b1e1539f2cc45b7b9fa7c272da2e1d7,336,,474.0,5.0,5,"['web', 'email']",20,10.0,discount,0,1
2c49fcc99b194fbd98c68f159a01da87,0b1e1539f2cc45b7b9fa7c272da2e1d7,336,,420.0,5.0,5,"['web', 'email']",20,10.0,discount,0,1
2c4cee9819af47e78a2a9fc5030921a8,ae264e3637204a6fb9bb56bc8210ddfd,168,,288.0,10.0,10,"['email', 'mobile', 'social']",10,7.0,bogo,0,1
2c4cee9819af47e78a2a9fc5030921a8,0b1e1539f2cc45b7b9fa7c272da2e1d7,408,,588.0,5.0,5,"['web', 'email']",20,10.0,discount,0,1
2c4fb0413a3f414bbaf0c6738b99a4de,9b98b8c7a33c4b65b9aebfe6a799e6d9,408,,564.0,5.0,5,"['web', 'email', 'mobile']",5,7.0,bogo,0,1
2c65d9b169b5466ab3c3bba3f4dbd169,0b1e1539f2cc45b7b9fa7c272da2e1d7,336,,576.0,5.0,5,"['web', 'email']",20,10.0,discount,0,1
2c676585ebb244a08805a15db998c37d,2906b810c7d4411798c6938adc9daaa5,504,,522.0,2.0,2,"['web', 'email', 'mobile']",10,7.0,discount,0,1
2c71bfd6c1f54aea912d02e44c3f7617,9b98b8c7a33c4b65b9aebfe6a799e6d9,336,,342.0,5.0,5,"['web', 'email', 'mobile']",5,7.0,bogo,0,1
2c849dc4ca6d4d4f8510804723fc5dac,0b1e1539f2cc45b7b9fa7c272da2e1d7,336,,396.0,5.0,5,"['web', 'email']",20,10.0,discount,0,1
2c92470dae4648e6aa187fc5bf7668e8,9b98b8c7a33c4b65b9aebfe6a799e6d9,576,,606.0,5.0,5,"['web', 'email', 'mobile']",5,7.0,bogo,0,1
2c94cfa1e2544b5aa43ba37306d5c79f,2906b810c7d4411798c6938adc9daaa5,0,,120.0,2.0,2,"['web', 'email', 'mobile']",10,7.0,discount,0,1
2c9a9137efff4820a47d56dbf0fa555f,f19421c1d4aa40978ebb69ca19b0e20d,0,,0.0,5.0,5,"['web', 'email', 'mobile', 'social']",5,5.0,bogo,0,1
2c9ec1cdc2ba4b58b227882cc59246b1,0b1e1539f2cc45b7b9fa7c272da2e1d7,336,,432.0,5.0,5,"['web', 'email']",20,10.0,discount,0,1
2c9ec1cdc2ba4b58b227882cc59246b1,2906b810c7d4411798c6938adc9daaa5,408,,432.0,2.0,2,"['web', 'email', 'mobile']",10,7.0,discount,0,1
2c9ec1cdc2ba4b58b227882cc59246b1,ae264e3637204a6fb9bb56bc8210ddfd,576,,612.0,10.0,10,"['email', 'mobile', 'social']",10,7.0,bogo,0,1
2ca7c5c20ba34cedb79bffa170360813,0b1e1539f2cc45b7b9fa7c272da2e1d7,408,,570.0,5.0,5,"['web', 'email']",20,10.0,discount,0,1
2cb270bb65c04a3c8af51fcdb47f3388,9b98b8c7a33c4b65b9aebfe6a799e6d9,168,,258.0,5.0,5,"['web', 'email', 'mobile']",5,7.0,bogo,0,1
2cb4d7a40765483cb808ce28107a3775,0b1e1539f2cc45b7b9fa7c272da2e1d7,168,,228.0,5.0,5,"['web', 'email']",20,10.0,discount,0,1
2cb4d7a40765483cb808ce28107a3775,2298d6c36e964ae4a3e7e9706d1fb8c2,504,,666.0,3.0,3,"['web', 'email', 'mobile', 'social']",7,7.0,discount,0,1
2cb4f97358b841b9a9773a7aa05a9d77,9b98b8c7a33c4b65b9aebfe6a799e6d9,408,,420.0,5.0,5,"['web', 'email', 'mobile']",5,7.0,bogo,0,1
2ce95d396fb54df2819e1966195652a2,0b1e1539f2cc45b7b9fa7c272da2e1d7,168,,390.0,5.0,5,"['web', 'email']",20,10.0,discount,0,1
2cec68f40dd4472aaebddeb1308e8a61,f19421c1d4aa40978ebb69ca19b0e20d,336,,336.0,5.0,5,"['web', 'email', 'mobile', 'social']",5,5.0,bogo,0,1
2cec68f40dd4472aaebddeb1308e8a61,0b1e1539f2cc45b7b9fa7c272da2e1d7,504,,504.0,5.0,5,"['web', 'email']",20,10.0,discount,0,1
2cef524a7be341e0b51ff1a3b1228a78,0b1e1539f2cc45b7b9fa7c272da2e1d7,408,,480.0,5.0,5,"['web', 'email']",20,10.0,discount,0,1
2cef524a7be341e0b51ff1a3b1228a78,2906b810c7d4411798c6938adc9daaa5,576,,684.0,2.0,2,"['web', 'email', 'mobile']",10,7.0,discount,0,1
2d0074b84a99445dab755f246f533f59,9b98b8c7a33c4b65b9aebfe6a799e6d9,504,,636.0,5.0,5,"['web', 'email', 'mobile']",5,7.0,bogo,0,1
2d1456de0cca44e99e5cb4cad0c1bc02,0b1e1539f2cc45b7b9fa7c272da2e1d7,576,,630.0,5.0,5,"['web', 'email']",20,10.0,discount,0,1
2d1f6cb7b6c345d0b238197d1c003fba,0b1e1539f2cc45b7b9fa7c272da2e1d7,168,,348.0,5.0,5,"['web', 'email']",20,10.0,discount,0,1
2d2682d1b32942229b9d7a6be3274db6,9b98b8c7a33c4b65b9aebfe6a799e6d9,336,,366.0,5.0,5,"['web', 'email', 'mobile']",5,7.0,bogo,0,1
2d2908d5f81b4a0690002877cb35fd43,0b1e1539f2cc45b7b9fa7c272da2e1d7,336,,378.0,5.0,5,"['web', 'email']",20,10.0,discount,0,1
2d2908d5f81b4a0690002877cb35fd43,ae264e3637204a6fb9bb56bc8210ddfd,576,,576.0,10.0,10,"['email', 'mobile', 'social']",10,7.0,bogo,0,1
2d2a9b0c54b04b2bb545a0158de57896,9b98b8c7a33c4b65b9aebfe6a799e6d9,504,,534.0,5.0,5,"['web', 'email', 'mobile']",5,7.0,bogo,0,1
2d3788d960ad4fa6977a4cdbef566199,0b1e1539f2cc45b7b9fa7c272da2e1d7,408,,450.0,5.0,5,"['web', 'email']",20,10.0,discount,0,1
2d3788d960ad4fa6977a4cdbef566199,2298d6c36e964ae4a3e7e9706d1fb8c2,576,,630.0,3.0,3,"['web', 'email', 'mobile', 'social']",7,7.0,discount,0,1
2d5b8dfaa968465b89949bc63fd0cf6b,9b98b8c7a33c4b65b9aebfe6a799e6d9,168,,228.0,5.0,5,"['web', 'email', 'mobile']",5,7.0,bogo,0,1
2d8696d3ff4047c68cc5b1dc694b9b71,0b1e1539f2cc45b7b9fa7c272da2e1d7,0,,216.0,5.0,5,"['web', 'email']",20,10.0,discount,0,1
2d8bf69e95804ebbb1be4f87d7ed387a,9b98b8c7a33c4b65b9aebfe6a799e6d9,408,,432.0,5.0,5,"['web', 'email', 'mobile']",5,7.0,bogo,0,1
2da420b2fc494ad8b15dd1252b4731be,9b98b8c7a33c4b65b9aebfe6a799e6d9,336,,486.0,5.0,5,"['web', 'email', 'mobile']",5,7.0,bogo,0,1
2db15c88abc743109a09cd8c066eb5da,2906b810c7d4411798c6938adc9daaa5,168,,222.0,2.0,2,"['web', 'email', 'mobile']",10,7.0,discount,0,1
2db368b372e4405aaed6b6904a9e2ec0,2906b810c7d4411798c6938adc9daaa5,576,,624.0,2.0,2,"['web', 'email', 'mobile']",10,7.0,discount,0,1
2db5a3aee6e1416dbc9c90cc41e30342,9b98b8c7a33c4b65b9aebfe6a799e6d9,408,,408.0,5.0,5,"['web', 'email', 'mobile']",5,7.0,bogo,0,1
2db807a13372444b9eb716d66479433b,0b1e1539f2cc45b7b9fa7c272da2e1d7,504,,528.0,5.0,5,"['web', 'email']",20,10.0,discount,0,1
2dc4ef0c0d1047ed81645078844b2e06,0b1e1539f2cc45b7b9fa7c272da2e1d7,408,,516.0,5.0,5,"['web', 'email']",20,10.0,discount,0,1
2dd1b6e599de471689ee7b9778814298,0b1e1539f2cc45b7b9fa7c272da2e1d7,408,,564.0,5.0,5,"['web', 'email']",20,10.0,discount,0,1
2dd53b01b13044e59a9a44577a86ded9,2906b810c7d4411798c6938adc9daaa5,504,,564.0,2.0,2,"['web', 'email', 'mobile']",10,7.0,discount,0,1
2de68905470540e6a991f0763654d3c4,0b1e1539f2cc45b7b9fa7c272da2e1d7,336,,450.0,5.0,5,"['web', 'email']",20,10.0,discount,0,1
2e0a05df6cda443285f34b30650351fe,9b98b8c7a33c4b65b9aebfe6a799e6d9,336,,348.0,5.0,5,"['web', 'email', 'mobile']",5,7.0,bogo,0,1
2e0a05df6cda443285f34b30650351fe,0b1e1539f2cc45b7b9fa7c272da2e1d7,576,,582.0,5.0,5,"['web', 'email']",20,10.0,discount,0,1
2e15fd08e3864682a76c7e81e12e7c3a,0b1e1539f2cc45b7b9fa7c272da2e1d7,408,,450.0,5.0,5,"['web', 'email']",20,10.0,discount,0,1
2e3cd445c56249779436d732f8b04e12,2906b810c7d4411798c6938adc9daaa5,0,,150.0,2.0,2,"['web', 'email', 'mobile']",10,7.0,discount,0,1
2e513a8850e148aa8399e57baa12e2e0,2298d6c36e964ae4a3e7e9706d1fb8c2,336,,402.0,3.0,3,"['web', 'email', 'mobile', 'social']",7,7.0,discount,0,1
2e513a8850e148aa8399e57baa12e2e0,0b1e1539f2cc45b7b9fa7c272da2e1d7,408,,636.0,5.0,5,"['web', 'email']",20,10.0,discount,0,1
2e631fd482d247039518d74c7baebe47,2906b810c7d4411798c6938adc9daaa5,336,,456.0,2.0,2,"['web', 'email', 'mobile']",10,7.0,discount,0,1
2e6f1b4a2bea4207bcfbcee2b6efcdbc,0b1e1539f2cc45b7b9fa7c272da2e1d7,168,,252.0,5.0,5,"['web', 'email']",20,10.0,discount,0,1
2e6f1b4a2bea4207bcfbcee2b6efcdbc,9b98b8c7a33c4b65b9aebfe6a799e6d9,408,,408.0,5.0,5,"['web', 'email', 'mobile']",5,7.0,bogo,0,1
2e792741fcd548889f45c3399a1d6f69,9b98b8c7a33c4b65b9aebfe6a799e6d9,168,,306.0,5.0,5,"['web', 'email', 'mobile']",5,7.0,bogo,0,1
2e836907db404018824dcff77519a867,0b1e1539f2cc45b7b9fa7c272da2e1d7,504,,558.0,5.0,5,"['web', 'email']",20,10.0,discount,0,1
2e971027f5ae47f0bc67248629c19afd,9b98b8c7a33c4b65b9aebfe6a799e6d9,168,,354.0,5.0,5,"['web', 'email', 'mobile']",5,7.0,bogo,0,1
2eab0e7827794dba9634144fb7722379,ae264e3637204a6fb9bb56bc8210ddfd,504,,504.0,10.0,10,"['email', 'mobile', 'social']",10,7.0,bogo,0,1
2eb115563ebe4784986c3af78a41ea79,9b98b8c7a33c4b65b9aebfe6a799e6d9,168,,660.0,5.0,5,"['web', 'email', 'mobile']",5,7.0,bogo,0,1
2ecc1d321e4241f38124bc703dcdf63e,2298d6c36e964ae4a3e7e9706d1fb8c2,408,,456.0,3.0,3,"['web', 'email', 'mobile', 'social']",7,7.0,discount,0,1
2eebc59bf4a64f83974dfe044be368a2,9b98b8c7a33c4b65b9aebfe6a799e6d9,168,,228.0,5.0,5,"['web', 'email', 'mobile']",5,7.0,bogo,0,1
2f10c8022a9342ce8303cca33023c303,0b1e1539f2cc45b7b9fa7c272da2e1d7,168,,186.0,5.0,5,"['web', 'email']",20,10.0,discount,0,1
2f19dfa70eef432380ec50165be2f884,0b1e1539f2cc45b7b9fa7c272da2e1d7,336,,444.0,5.0,5,"['web', 'email']",20,10.0,discount,0,1
2f21c13819b044c99351a70a0eeccb2d,0b1e1539f2cc45b7b9fa7c272da2e1d7,336,,384.0,5.0,5,"['web', 'email']",20,10.0,discount,0,1
2f31ca6bc8f741f2b1a809a38971d6bb,9b98b8c7a33c4b65b9aebfe6a799e6d9,576,,630.0,5.0,5,"['web', 'email', 'mobile']",5,7.0,bogo,0,1
2f34a9bfb1c343adb97d9176ac5ebb1e,2906b810c7d4411798c6938adc9daaa5,168,,222.0,2.0,2,"['web', 'email', 'mobile']",10,7.0,discount,0,1
2f34a9bfb1c343adb97d9176ac5ebb1e,ae264e3637204a6fb9bb56bc8210ddfd,408,,546.0,10.0,10,"['email', 'mobile', 'social']",10,7.0,bogo,0,1
2f34a9bfb1c343adb97d9176ac5ebb1e,9b98b8c7a33c4b65b9aebfe6a799e6d9,576,,618.0,5.0,5,"['web', 'email', 'mobile']",5,7.0,bogo,0,1
2f3d4b6c868e4f3cad94f81fe2da536f,0b1e1539f2cc45b7b9fa7c272da2e1d7,0,,144.0,5.0,5,"['web', 'email']",20,10.0,discount,0,1
2f4bde67035f445d9c805e09bef359fe,9b98b8c7a33c4b65b9aebfe6a799e6d9,0,,150.0,5.0,5,"['web', 'email', 'mobile']",5,7.0,bogo,0,1
2f5d16f82c0d4ff397f19610e1dbc40c,2906b810c7d4411798c6938adc9daaa5,336,,408.0,2.0,2,"['web', 'email', 'mobile']",10,7.0,discount,0,1
2f657abf30dd4b039f3c492dc61b19af,2906b810c7d4411798c6938adc9daaa5,0,,48.0,2.0,2,"['web', 'email', 'mobile']",10,7.0,discount,0,1
2f6623e657b24825a063f8e0ec8e368a,2906b810c7d4411798c6938adc9daaa5,168,,186.0,2.0,2,"['web', 'email', 'mobile']",10,7.0,discount,0,1
2f6dabc41d1549419cc3b25ea794b878,0b1e1539f2cc45b7b9fa7c272da2e1d7,336,,348.0,5.0,5,"['web', 'email']",20,10.0,discount,0,1
2f7a17a522474ba7ab3acf8c0bad2c62,0b1e1539f2cc45b7b9fa7c272da2e1d7,504,,624.0,5.0,5,"['web', 'email']",20,10.0,discount,0,1
2f9beaaecbd641ff9da53e045b591d33,ae264e3637204a6fb9bb56bc8210ddfd,168,,270.0,10.0,10,"['email', 'mobile', 'social']",10,7.0,bogo,0,1
2fef3d75176e4b42b57a201a46950aba,ae264e3637204a6fb9bb56bc8210ddfd,504,,528.0,10.0,10,"['email', 'mobile', 'social']",10,7.0,bogo,0,1
2ff1c4d5acd94d7ab037c7b35f2374e6,2906b810c7d4411798c6938adc9daaa5,168,,186.0,2.0,2,"['web', 'email', 'mobile']",10,7.0,discount,0,1
2ff1c4d5acd94d7ab037c7b35f2374e6,f19421c1d4aa40978ebb69ca19b0e20d,336,,450.0,5.0,5,"['web', 'email', 'mobile', 'social']",5,5.0,bogo,0,1
2ff1c4d5acd94d7ab037c7b35f2374e6,ae264e3637204a6fb9bb56bc8210ddfd,408,,450.0,10.0,10,"['email', 'mobile', 'social']",10,7.0,bogo,0,1
2ff3c54224a249e38457548ee4ddb01f,0b1e1539f2cc45b7b9fa7c272da2e1d7,504,,654.0,5.0,5,"['web', 'email']",20,10.0,discount,0,1
30002046af73413ea8e4f61e8c79793f,ae264e3637204a6fb9bb56bc8210ddfd,336,,366.0,10.0,10,"['email', 'mobile', 'social']",10,7.0,bogo,0,1
30230e56beb04882aacc6b233a84698a,fafdcd668e3743c1bb461111dcafc2a4,408,,408.0,2.0,2,"['web', 'email', 'mobile', 'social']",10,10.0,discount,0,1
30230e56beb04882aacc6b233a84698a,0b1e1539f2cc45b7b9fa7c272da2e1d7,576,,684.0,5.0,5,"['web', 'email']",20,10.0,discount,0,1
303b2c1b751640c78419cd8288944419,2906b810c7d4411798c6938adc9daaa5,504,,636.0,2.0,2,"['web', 'email', 'mobile']",10,7.0,discount,0,1
304183fd053441f0a13bc4d648b7cff1,9b98b8c7a33c4b65b9aebfe6a799e6d9,408,,414.0,5.0,5,"['web', 'email', 'mobile']",5,7.0,bogo,0,1
3044e3dd3805485e9d39bcda615c6be5,2906b810c7d4411798c6938adc9daaa5,408,,504.0,2.0,2,"['web', 'email', 'mobile']",10,7.0,discount,0,1
30466298a6d64c24ac6d5a54185013b7,2906b810c7d4411798c6938adc9daaa5,504,,612.0,2.0,2,"['web', 'email', 'mobile']",10,7.0,discount,0,1
3063a61dfbd6445182690171c722fb16,0b1e1539f2cc45b7b9fa7c272da2e1d7,408,,528.0,5.0,5,"['web', 'email']",20,10.0,discount,0,1
3069fa61e49643aa8554d080dcdddf41,ae264e3637204a6fb9bb56bc8210ddfd,0,,90.0,10.0,10,"['email', 'mobile', 'social']",10,7.0,bogo,0,1
3091fdb6abd64e72b9622c14950937b7,9b98b8c7a33c4b65b9aebfe6a799e6d9,168,,180.0,5.0,5,"['web', 'email', 'mobile']",5,7.0,bogo,0,1
3095383d82d44cd1bbbdc09170c5b8ac,9b98b8c7a33c4b65b9aebfe6a799e6d9,336,,408.0,5.0,5,"['web', 'email', 'mobile']",5,7.0,bogo,0,1
30a7268e872746cc8d26a28faa8cec16,ae264e3637204a6fb9bb56bc8210ddfd,504,,540.0,10.0,10,"['email', 'mobile', 'social']",10,7.0,bogo,0,1
30aad290db6a4c198edf5fd4c00c3553,9b98b8c7a33c4b65b9aebfe6a799e6d9,336,,486.0,5.0,5,"['web', 'email', 'mobile']",5,7.0,bogo,0,1
30ab390d4075402483ff3162de6dd84a,9b98b8c7a33c4b65b9aebfe6a799e6d9,504,,612.0,5.0,5,"['web', 'email', 'mobile']",5,7.0,bogo,0,1
30b6bdaf06b84019b0ef65c69fa5b478,9b98b8c7a33c4b65b9aebfe6a799e6d9,0,,84.0,5.0,5,"['web', 'email', 'mobile']",5,7.0,bogo,0,1
30b98e23337b4e98815b8a0e2472a9ff,0b1e1539f2cc45b7b9fa7c272da2e1d7,504,,642.0,5.0,5,"['web', 'email']",20,10.0,discount,0,1
30cc0cf8376e4f6aa773188e17265f01,2906b810c7d4411798c6938adc9daaa5,408,,486.0,2.0,2,"['web', 'email', 'mobile']",10,7.0,discount,0,1
30d1da64d80a40d5ab3fc81611f367f7,f19421c1d4aa40978ebb69ca19b0e20d,504,,510.0,5.0,5,"['web', 'email', 'mobile', 'social']",5,5.0,bogo,0,1
30e6fc01376140c6b08cb328f049a42d,9b98b8c7a33c4b65b9aebfe6a799e6d9,408,,408.0,5.0,5,"['web', 'email', 'mobile']",5,7.0,bogo,0,1
30f564f21a894030bed7a6e6f1b143e6,9b98b8c7a33c4b65b9aebfe6a799e6d9,504,,660.0,5.0,5,"['web', 'email', 'mobile']",5,7.0,bogo,0,1
30fae86966114f6e83c3043b22b6b7c4,2906b810c7d4411798c6938adc9daaa5,336,,426.0,2.0,2,"['web', 'email', 'mobile']",10,7.0,discount,0,1
3115295d227b45ba918d691687350672,9b98b8c7a33c4b65b9aebfe6a799e6d9,408,,414.0,5.0,5,"['web', 'email', 'mobile']",5,7.0,bogo,0,1
3124144d8d414799aa9a384fb62be3f3,2906b810c7d4411798c6938adc9daaa5,168,,198.0,2.0,2,"['web', 'email', 'mobile']",10,7.0,discount,0,1
31310171303d44bda447029144b42614,9b98b8c7a33c4b65b9aebfe6a799e6d9,408,,426.0,5.0,5,"['web', 'email', 'mobile']",5,7.0,bogo,0,1
31354ecceecf4db08643385734a2b4aa,9b98b8c7a33c4b65b9aebfe6a799e6d9,576,,600.0,5.0,5,"['web', 'email', 'mobile']",5,7.0,bogo,0,1
3137f87f060e4600a77e54bc745f2569,0b1e1539f2cc45b7b9fa7c272da2e1d7,0,,228.0,5.0,5,"['web', 'email']",20,10.0,discount,0,1
3137f87f060e4600a77e54bc745f2569,2906b810c7d4411798c6938adc9daaa5,408,,492.0,2.0,2,"['web', 'email', 'mobile']",10,7.0,discount,0,1
3149365bc86c4f71ad6c665df05e6f6f,0b1e1539f2cc45b7b9fa7c272da2e1d7,168,,222.0,5.0,5,"['web', 'email']",20,10.0,discount,0,1
314d862acaa645b7ac4ab4cb9c966854,0b1e1539f2cc45b7b9fa7c272da2e1d7,504,,576.0,5.0,5,"['web', 'email']",20,10.0,discount,0,1
315a53ae710942a89c5351d1c05dce8b,fafdcd668e3743c1bb461111dcafc2a4,504,,642.0,2.0,2,"['web', 'email', 'mobile', 'social']",10,10.0,discount,0,1
3161e6fb534d4148b746a9f3cd0ab5c7,9b98b8c7a33c4b65b9aebfe6a799e6d9,336,,444.0,5.0,5,"['web', 'email', 'mobile']",5,7.0,bogo,0,1
316f9251e7564cc095ba1654556b9315,2906b810c7d4411798c6938adc9daaa5,504,,636.0,2.0,2,"['web', 'email', 'mobile']",10,7.0,discount,0,1
317c811d010e4103b96458f2104282a5,0b1e1539f2cc45b7b9fa7c272da2e1d7,504,,564.0,5.0,5,"['web', 'email']",20,10.0,discount,0,1
31846e4bf3d5452697931379dfa28cfa,0b1e1539f2cc45b7b9fa7c272da2e1d7,0,,648.0,5.0,5,"['web', 'email']",20,10.0,discount,0,1
318e17ecccad4be291978efac19618bb,9b98b8c7a33c4b65b9aebfe6a799e6d9,336,,360.0,5.0,5,"['web', 'email', 'mobile']",5,7.0,bogo,0,1
319abe74a62949209cb8a5531f89b3fd,2906b810c7d4411798c6938adc9daaa5,168,,534.0,2.0,2,"['web', 'email', 'mobile']",10,7.0,discount,0,1
31a2d76eb6594488967214b82e762223,ae264e3637204a6fb9bb56bc8210ddfd,336,,354.0,10.0,10,"['email', 'mobile', 'social']",10,7.0,bogo,0,1
31b08456da224513ac85c76d39df3dc5,9b98b8c7a33c4b65b9aebfe6a799e6d9,168,,234.0,5.0,5,"['web', 'email', 'mobile']",5,7.0,bogo,0,1
31c17c442b3c4cf8ae311ecac03b6dde,0b1e1539f2cc45b7b9fa7c272da2e1d7,168,,288.0,5.0,5,"['web', 'email']",20,10.0,discount,0,1
31c17c442b3c4cf8ae311ecac03b6dde,9b98b8c7a33c4b65b9aebfe6a799e6d9,504,,516.0,5.0,5,"['web', 'email', 'mobile']",5,7.0,bogo,0,1
31d1e732e37a4cd78cb405f8cb85a314,9b98b8c7a33c4b65b9aebfe6a799e6d9,168,,252.0,5.0,5,"['web', 'email', 'mobile']",5,7.0,bogo,0,1
31db9ac5fd334f65bd0598d85b7e9d4a,2906b810c7d4411798c6938adc9daaa5,576,,642.0,2.0,2,"['web', 'email', 'mobile']",10,7.0,discount,0,1
32042db985ad426a8e3c792b1585291a,0b1e1539f2cc45b7b9fa7c272da2e1d7,336,,468.0,5.0,5,"['web', 'email']",20,10.0,discount,0,1
320d4c1b14e44406ad03ed720991c2d7,0b1e1539f2cc45b7b9fa7c272da2e1d7,336,,552.0,5.0,5,"['web', 'email']",20,10.0,discount,0,1
32100e4e903741d49b4372c5ec7d8ca9,ae264e3637204a6fb9bb56bc8210ddfd,168,,312.0,10.0,10,"['email', 'mobile', 'social']",10,7.0,bogo,0,1
325da16cf16c4d72972f28281f752201,2906b810c7d4411798c6938adc9daaa5,0,,144.0,2.0,2,"['web', 'email', 'mobile']",10,7.0,discount,0,1
325da16cf16c4d72972f28281f752201,9b98b8c7a33c4b65b9aebfe6a799e6d9,504,,528.0,5.0,5,"['web', 'email', 'mobile']",5,7.0,bogo,0,1
325da16cf16c4d72972f28281f752201,0b1e1539f2cc45b7b9fa7c272da2e1d7,576,,612.0,5.0,5,"['web', 'email']",20,10.0,discount,0,1
3269f677f2964ad482de5f00d866293a,0b1e1539f2cc45b7b9fa7c272da2e1d7,408,,564.0,5.0,5,"['web', 'email']",20,10.0,discount,0,1
327cf20d527444aa9a7547f4aec21bb2,0b1e1539f2cc45b7b9fa7c272da2e1d7,0,,186.0,5.0,5,"['web', 'email']",20,10.0,discount,0,1
327cf20d527444aa9a7547f4aec21bb2,2906b810c7d4411798c6938adc9daaa5,408,,504.0,2.0,2,"['web', 'email', 'mobile']",10,7.0,discount,0,1
327d08559d564f13b6aaf681700c2e6e,0b1e1539f2cc45b7b9fa7c272da2e1d7,0,,210.0,5.0,5,"['web', 'email']",20,10.0,discount,0,1
329b390a8e19481ab081d99e4e813835,0b1e1539f2cc45b7b9fa7c272da2e1d7,336,,444.0,5.0,5,"['web', 'email']",20,10.0,discount,0,1
329baea6cdfe4b42ac0479f38a0e50ad,0b1e1539f2cc45b7b9fa7c272da2e1d7,408,,534.0,5.0,5,"['web', 'email']",20,10.0,discount,0,1
331bb33911fb4351a37f10624a9f8c47,ae264e3637204a6fb9bb56bc8210ddfd,336,,402.0,10.0,10,"['email', 'mobile', 'social']",10,7.0,bogo,0,1
331bb33911fb4351a37f10624a9f8c47,9b98b8c7a33c4b65b9aebfe6a799e6d9,408,,558.0,5.0,5,"['web', 'email', 'mobile']",5,7.0,bogo,0,1
331c92564c2d4a2f8ca31bbc61305153,9b98b8c7a33c4b65b9aebfe6a799e6d9,0,,24.0,5.0,5,"['web', 'email', 'mobile']",5,7.0,bogo,0,1
33207f5c13f34087b2e5c9b1cdc83ee6,2906b810c7d4411798c6938adc9daaa5,0,,438.0,2.0,2,"['web', 'email', 'mobile']",10,7.0,discount,0,1
332451cecb364d3b90c53a5e683c6234,0b1e1539f2cc45b7b9fa7c272da2e1d7,504,,630.0,5.0,5,"['web', 'email']",20,10.0,discount,0,1
3347e6cc276f45d6b7a3b18e955f7bb9,0b1e1539f2cc45b7b9fa7c272da2e1d7,0,,138.0,5.0,5,"['web', 'email']",20,10.0,discount,0,1
33927699ba914e78a5dbd4ac3965fc01,0b1e1539f2cc45b7b9fa7c272da2e1d7,504,,648.0,5.0,5,"['web', 'email']",20,10.0,discount,0,1
33a250936721451c90b4280f3bcf7cd4,0b1e1539f2cc45b7b9fa7c272da2e1d7,336,,576.0,5.0,5,"['web', 'email']",20,10.0,discount,0,1
33a640f69ca54196b956726fb42c7477,2906b810c7d4411798c6938adc9daaa5,0,,36.0,2.0,2,"['web', 'email', 'mobile']",10,7.0,discount,0,1
33b8b0d84d9f4717bdc26785c7779552,2906b810c7d4411798c6938adc9daaa5,0,,42.0,2.0,2,"['web', 'email', 'mobile']",10,7.0,discount,0,1
33b8b0d84d9f4717bdc26785c7779552,ae264e3637204a6fb9bb56bc8210ddfd,408,,420.0,10.0,10,"['email', 'mobile', 'social']",10,7.0,bogo,0,1
33e0c7e2ff0743d99192c9b2fce01f6b,0b1e1539f2cc45b7b9fa7c272da2e1d7,336,,420.0,5.0,5,"['web', 'email']",20,10.0,discount,0,1
33f120eee1ab4a989cb5ad82c0f428a8,0b1e1539f2cc45b7b9fa7c272da2e1d7,504,,618.0,5.0,5,"['web', 'email']",20,10.0,discount,0,1
34033b32f2124d099cf8e1bd8cfe28d1,9b98b8c7a33c4b65b9aebfe6a799e6d9,504,,582.0,5.0,5,"['web', 'email', 'mobile']",5,7.0,bogo,0,1
34033bd14aa2441f944909a4906c23c5,0b1e1539f2cc45b7b9fa7c272da2e1d7,168,,294.0,5.0,5,"['web', 'email']",20,10.0,discount,0,1
34033bd14aa2441f944909a4906c23c5,9b98b8c7a33c4b65b9aebfe6a799e6d9,336,,468.0,5.0,5,"['web', 'email', 'mobile']",5,7.0,bogo,0,1
34064317a1c84e2f8872964d1d5a2a59,0b1e1539f2cc45b7b9fa7c272da2e1d7,336,,516.0,5.0,5,"['web', 'email']",20,10.0,discount,0,1
3408fd05c781401f8442fb6dbaaea9c7,2906b810c7d4411798c6938adc9daaa5,168,,294.0,2.0,2,"['web', 'email', 'mobile']",10,7.0,discount,0,1
3408fd05c781401f8442fb6dbaaea9c7,0b1e1539f2cc45b7b9fa7c272da2e1d7,576,,606.0,5.0,5,"['web', 'email']",20,10.0,discount,0,1
34133498709c4f2b95af0cc334171602,0b1e1539f2cc45b7b9fa7c272da2e1d7,408,,576.0,5.0,5,"['web', 'email']",20,10.0,discount,0,1
343a60997ee54bd58cc3601ddcb053ea,0b1e1539f2cc45b7b9fa7c272da2e1d7,168,,462.0,5.0,5,"['web', 'email']",20,10.0,discount,0,1
346ca0b690b44443a4fc2bd747964066,9b98b8c7a33c4b65b9aebfe6a799e6d9,336,,372.0,5.0,5,"['web', 'email', 'mobile']",5,7.0,bogo,0,1
348ebeefcf1d407fa9c00ff05255963b,0b1e1539f2cc45b7b9fa7c272da2e1d7,0,,204.0,5.0,5,"['web', 'email']",20,10.0,discount,0,1
34a1ee1454ef46d0b02567e8bb5f65a7,2298d6c36e964ae4a3e7e9706d1fb8c2,408,,432.0,3.0,3,"['web', 'email', 'mobile', 'social']",7,7.0,discount,0,1
34a1ee1454ef46d0b02567e8bb5f65a7,9b98b8c7a33c4b65b9aebfe6a799e6d9,576,,678.0,5.0,5,"['web', 'email', 'mobile']",5,7.0,bogo,0,1
34ac11b8099c4b248979bae48616b3c2,9b98b8c7a33c4b65b9aebfe6a799e6d9,336,,432.0,5.0,5,"['web', 'email', 'mobile']",5,7.0,bogo,0,1
34b216d046e74a53adf47e99b819c882,0b1e1539f2cc45b7b9fa7c272da2e1d7,0,,66.0,5.0,5,"['web', 'email']",20,10.0,discount,0,1
34b216d046e74a53adf47e99b819c882,9b98b8c7a33c4b65b9aebfe6a799e6d9,336,,384.0,5.0,5,"['web', 'email', 'mobile']",5,7.0,bogo,0,1
34f4506ab17044b19e562b8d3381e19b,0b1e1539f2cc45b7b9fa7c272da2e1d7,408,,516.0,5.0,5,"['web', 'email']",20,10.0,discount,0,1
34fd8ac2a1414a1eace74ed3245517fe,2298d6c36e964ae4a3e7e9706d1fb8c2,336,,456.0,3.0,3,"['web', 'email', 'mobile', 'social']",7,7.0,discount,0,1
351cc28e444941879e3bd3bc041beaa2,fafdcd668e3743c1bb461111dcafc2a4,408,,510.0,2.0,2,"['web', 'email', 'mobile', 'social']",10,10.0,discount,0,1
3526938fb466470190a504a751ec07b0,0b1e1539f2cc45b7b9fa7c272da2e1d7,0,,510.0,5.0,5,"['web', 'email']",20,10.0,discount,0,1
35430f8b711c4813a7ede5552b41a802,2906b810c7d4411798c6938adc9daaa5,408,,444.0,2.0,2,"['web', 'email', 'mobile']",10,7.0,discount,0,1
35430f8b711c4813a7ede5552b41a802,9b98b8c7a33c4b65b9aebfe6a799e6d9,504,,510.0,5.0,5,"['web', 'email', 'mobile']",5,7.0,bogo,0,1
354463459f134bd3874bd62d9b1f3625,0b1e1539f2cc45b7b9fa7c272da2e1d7,504,,534.0,5.0,5,"['web', 'email']",20,10.0,discount,0,1
356436b5eac54cfe8541a9e5fedf4d21,2906b810c7d4411798c6938adc9daaa5,0,,120.0,2.0,2,"['web', 'email', 'mobile']",10,7.0,discount,0,1
3573e62539284ca6b4a68ba723613523,0b1e1539f2cc45b7b9fa7c272da2e1d7,168,,258.0,5.0,5,"['web', 'email']",20,10.0,discount,0,1
3579056d94644a9481e05012b48fe252,2906b810c7d4411798c6938adc9daaa5,504,,504.0,2.0,2,"['web', 'email', 'mobile']",10,7.0,discount,0,1
3587049edaf84b8f963ecdbb65beb24e,0b1e1539f2cc45b7b9fa7c272da2e1d7,504,,624.0,5.0,5,"['web', 'email']",20,10.0,discount,0,1
35ad794c4a8b44418ee9376529b7052f,2906b810c7d4411798c6938adc9daaa5,0,,336.0,2.0,2,"['web', 'email', 'mobile']",10,7.0,discount,0,1
35b3a8920b38468e89f73cb2a034c24a,9b98b8c7a33c4b65b9aebfe6a799e6d9,504,,552.0,5.0,5,"['web', 'email', 'mobile']",5,7.0,bogo,0,1
35faf6c136ac4eff95cb298191d4dcbe,2906b810c7d4411798c6938adc9daaa5,576,,714.0,2.0,2,"['web', 'email', 'mobile']",10,7.0,discount,0,1
3604067a5af745549b026cc2f4434567,0b1e1539f2cc45b7b9fa7c272da2e1d7,504,,654.0,5.0,5,"['web', 'email']",20,10.0,discount,0,1
361aa97b97f147fdaef592a61081b3fa,9b98b8c7a33c4b65b9aebfe6a799e6d9,504,,528.0,5.0,5,"['web', 'email', 'mobile']",5,7.0,bogo,0,1
361da3e85e3f447cb8239a4ca6852f6e,0b1e1539f2cc45b7b9fa7c272da2e1d7,576,,660.0,5.0,5,"['web', 'email']",20,10.0,discount,0,1
3622ada8c6394b32a8d7ba31c737e926,9b98b8c7a33c4b65b9aebfe6a799e6d9,336,,378.0,5.0,5,"['web', 'email', 'mobile']",5,7.0,bogo,0,1
3622ea602ea242a68bf3bf73df66bbb9,9b98b8c7a33c4b65b9aebfe6a799e6d9,504,,618.0,5.0,5,"['web', 'email', 'mobile']",5,7.0,bogo,0,1
362858ec6f754ad39c3dfd0923a677f2,0b1e1539f2cc45b7b9fa7c272da2e1d7,168,,300.0,5.0,5,"['web', 'email']",20,10.0,discount,0,1
36329ff7770243fbbec5a8f2c3600494,0b1e1539f2cc45b7b9fa7c272da2e1d7,0,,60.0,5.0,5,"['web', 'email']",20,10.0,discount,0,1
36329ff7770243fbbec5a8f2c3600494,9b98b8c7a33c4b65b9aebfe6a799e6d9,504,,540.0,5.0,5,"['web', 'email', 'mobile']",5,7.0,bogo,0,1
36329ff7770243fbbec5a8f2c3600494,2906b810c7d4411798c6938adc9daaa5,576,,612.0,2.0,2,"['web', 'email', 'mobile']",10,7.0,discount,0,1
363c28b57ad34b468e3a687fd904b6c1,2906b810c7d4411798c6938adc9daaa5,408,,516.0,2.0,2,"['web', 'email', 'mobile']",10,7.0,discount,0,1
365078962f7c45e0ad5423c31deab4fd,2906b810c7d4411798c6938adc9daaa5,0,,168.0,2.0,2,"['web', 'email', 'mobile']",10,7.0,discount,0,1
365078962f7c45e0ad5423c31deab4fd,9b98b8c7a33c4b65b9aebfe6a799e6d9,408,,534.0,5.0,5,"['web', 'email', 'mobile']",5,7.0,bogo,0,1
365078962f7c45e0ad5423c31deab4fd,2298d6c36e964ae4a3e7e9706d1fb8c2,504,,636.0,3.0,3,"['web', 'email', 'mobile', 'social']",7,7.0,discount,0,1
36747348fbca4cdfb6532cbbb4179154,fafdcd668e3743c1bb461111dcafc2a4,504,,516.0,2.0,2,"['web', 'email', 'mobile', 'social']",10,10.0,discount,0,1
36747348fbca4cdfb6532cbbb4179154,ae264e3637204a6fb9bb56bc8210ddfd,576,,642.0,10.0,10,"['email', 'mobile', 'social']",10,7.0,bogo,0,1
369802800cf0416faada0b21b50da22d,9b98b8c7a33c4b65b9aebfe6a799e6d9,168,,312.0,5.0,5,"['web', 'email', 'mobile']",5,7.0,bogo,0,1
369820dc6a5f42c5b82e95d95b58ec9f,9b98b8c7a33c4b65b9aebfe6a799e6d9,408,,570.0,5.0,5,"['web', 'email', 'mobile']",5,7.0,bogo,0,1
369f3b700935491eae8d3c41a3c47f97,9b98b8c7a33c4b65b9aebfe6a799e6d9,504,,600.0,5.0,5,"['web', 'email', 'mobile']",5,7.0,bogo,0,1
36bec22ad9ac4632b79ad50bf8e42f1d,2906b810c7d4411798c6938adc9daaa5,576,,594.0,2.0,2,"['web', 'email', 'mobile']",10,7.0,discount,0,1
36cc0745b3924bcab5a16ee7d27bdade,9b98b8c7a33c4b65b9aebfe6a799e6d9,408,,546.0,5.0,5,"['web', 'email', 'mobile']",5,7.0,bogo,0,1
36db5f33ad944cb095d20ecbdede53f9,0b1e1539f2cc45b7b9fa7c272da2e1d7,168,,366.0,5.0,5,"['web', 'email']",20,10.0,discount,0,1
36e18fa7d9f64956bc84770a085243e3,ae264e3637204a6fb9bb56bc8210ddfd,408,,414.0,10.0,10,"['email', 'mobile', 'social']",10,7.0,bogo,0,1
36e719e6fc9f4d01a2d96f27f7ae0b8a,2906b810c7d4411798c6938adc9daaa5,408,,528.0,2.0,2,"['web', 'email', 'mobile']",10,7.0,discount,0,1
36ef980d4deb42ee9f3bf88fcf137c01,2906b810c7d4411798c6938adc9daaa5,504,,594.0,2.0,2,"['web', 'email', 'mobile']",10,7.0,discount,0,1
36f83395146641bd9ce63441a2629f2c,2906b810c7d4411798c6938adc9daaa5,336,,486.0,2.0,2,"['web', 'email', 'mobile']",10,7.0,discount,0,1
36f8574d192946a1a68dd0c666fce6e4,0b1e1539f2cc45b7b9fa7c272da2e1d7,168,,402.0,5.0,5,"['web', 'email']",20,10.0,discount,0,1
370233c3d82c45aea4cbf8fe0ccb922e,2906b810c7d4411798c6938adc9daaa5,336,,408.0,2.0,2,"['web', 'email', 'mobile']",10,7.0,discount,0,1
3706f0e6065f445d8cf6ee400e5ecfb8,ae264e3637204a6fb9bb56bc8210ddfd,504,,516.0,10.0,10,"['email', 'mobile', 'social']",10,7.0,bogo,0,1
37155a5f4ff248529399c95472186879,0b1e1539f2cc45b7b9fa7c272da2e1d7,408,,450.0,5.0,5,"['web', 'email']",20,10.0,discount,0,1
371942bd84494c0380b8ce6afc99031e,0b1e1539f2cc45b7b9fa7c272da2e1d7,0,,204.0,5.0,5,"['web', 'email']",20,10.0,discount,0,1
371942bd84494c0380b8ce6afc99031e,2906b810c7d4411798c6938adc9daaa5,576,,642.0,2.0,2,"['web', 'email', 'mobile']",10,7.0,discount,0,1
371c782cc0b64bc5a7e473715bac0253,2906b810c7d4411798c6938adc9daaa5,168,,198.0,2.0,2,"['web', 'email', 'mobile']",10,7.0,discount,0,1
371c782cc0b64bc5a7e473715bac0253,9b98b8c7a33c4b65b9aebfe6a799e6d9,336,,354.0,5.0,5,"['web', 'email', 'mobile']",5,7.0,bogo,0,1
371d6b3a983547709252bbbcbedda147,0b1e1539f2cc45b7b9fa7c272da2e1d7,408,,450.0,5.0,5,"['web', 'email']",20,10.0,discount,0,1
3734be2a864546b8acd7b44dd626759b,2298d6c36e964ae4a3e7e9706d1fb8c2,504,,576.0,3.0,3,"['web', 'email', 'mobile', 'social']",7,7.0,discount,0,1
376ca2bef2a64d12af12d1ce52423eed,9b98b8c7a33c4b65b9aebfe6a799e6d9,504,,588.0,5.0,5,"['web', 'email', 'mobile']",5,7.0,bogo,0,1
377b9773bf3945589b144f0feabeccbb,0b1e1539f2cc45b7b9fa7c272da2e1d7,168,,390.0,5.0,5,"['web', 'email']",20,10.0,discount,0,1
37818e0cd6f445d09cb815cd50bc1b65,0b1e1539f2cc45b7b9fa7c272da2e1d7,504,,606.0,5.0,5,"['web', 'email']",20,10.0,discount,0,1
3782219ab99b42ffb9dad962b6cd02b8,2906b810c7d4411798c6938adc9daaa5,576,,606.0,2.0,2,"['web', 'email', 'mobile']",10,7.0,discount,0,1
379c3d188896452bb3ce05c91801e191,ae264e3637204a6fb9bb56bc8210ddfd,0,,132.0,10.0,10,"['email', 'mobile', 'social']",10,7.0,bogo,0,1
37c6c9268f3b4b6ab340266bb0177d9e,2906b810c7d4411798c6938adc9daaa5,168,,258.0,2.0,2,"['web', 'email', 'mobile']",10,7.0,discount,0,1
37c79e54b8184b8e973696453772ffd4,2906b810c7d4411798c6938adc9daaa5,576,,684.0,2.0,2,"['web', 'email', 'mobile']",10,7.0,discount,0,1
37ce604e20bc4bcdb601605c736ae38a,2906b810c7d4411798c6938adc9daaa5,576,,696.0,2.0,2,"['web', 'email', 'mobile']",10,7.0,discount,0,1
37dfdf86ca2044d4a4e0a2eb2904c12c,0b1e1539f2cc45b7b9fa7c272da2e1d7,408,,630.0,5.0,5,"['web', 'email']",20,10.0,discount,0,1
37f8e630c86646ee9e6de41857a70be3,2298d6c36e964ae4a3e7e9706d1fb8c2,336,,396.0,3.0,3,"['web', 'email', 'mobile', 'social']",7,7.0,discount,0,1
3801445b29d242819b5ad3215975f038,2906b810c7d4411798c6938adc9daaa5,576,,606.0,2.0,2,"['web', 'email', 'mobile']",10,7.0,discount,0,1
38197aa576534853acc113f11fb86b62,9b98b8c7a33c4b65b9aebfe6a799e6d9,168,,192.0,5.0,5,"['web', 'email', 'mobile']",5,7.0,bogo,0,1
3835f3a19c534c359faaf72b0861c32a,2906b810c7d4411798c6938adc9daaa5,168,,258.0,2.0,2,"['web', 'email', 'mobile']",10,7.0,discount,0,1
38862b09048e4b1289d233f2b42dcfac,2906b810c7d4411798c6938adc9daaa5,336,,360.0,2.0,2,"['web', 'email', 'mobile']",10,7.0,discount,0,1
388bda1fea454949abd8d927b04cbd6b,0b1e1539f2cc45b7b9fa7c272da2e1d7,336,,504.0,5.0,5,"['web', 'email']",20,10.0,discount,0,1
38999f1dd0d44dc2b2f8278d2409681a,2906b810c7d4411798c6938adc9daaa5,336,,474.0,2.0,2,"['web', 'email', 'mobile']",10,7.0,discount,0,1
38e17daa16b5474bb8d5de4b69e207b3,9b98b8c7a33c4b65b9aebfe6a799e6d9,408,,408.0,5.0,5,"['web', 'email', 'mobile']",5,7.0,bogo,0,1
38e48296b33941d29f28ece6a2868fa9,ae264e3637204a6fb9bb56bc8210ddfd,504,,534.0,10.0,10,"['email', 'mobile', 'social']",10,7.0,bogo,0,1
3915674b75774fd8a5dccf50bc871d60,0b1e1539f2cc45b7b9fa7c272da2e1d7,504,,678.0,5.0,5,"['web', 'email']",20,10.0,discount,0,1
3920a1ca88314ed499376cd42514e6ab,2906b810c7d4411798c6938adc9daaa5,168,,258.0,2.0,2,"['web', 'email', 'mobile']",10,7.0,discount,0,1
3920a1ca88314ed499376cd42514e6ab,0b1e1539f2cc45b7b9fa7c272da2e1d7,504,,546.0,5.0,5,"['web', 'email']",20,10.0,discount,0,1
39287b12a7834648ba2193874e34eb67,0b1e1539f2cc45b7b9fa7c272da2e1d7,408,,474.0,5.0,5,"['web', 'email']",20,10.0,discount,0,1
392d23b2c958493197f647bedfe4f418,2906b810c7d4411798c6938adc9daaa5,0,,114.0,2.0,2,"['web', 'email', 'mobile']",10,7.0,discount,0,1
3938125799fc4ebca4d77ca64701926e,2906b810c7d4411798c6938adc9daaa5,408,,474.0,2.0,2,"['web', 'email', 'mobile']",10,7.0,discount,0,1
3938125799fc4ebca4d77ca64701926e,0b1e1539f2cc45b7b9fa7c272da2e1d7,576,,672.0,5.0,5,"['web', 'email']",20,10.0,discount,0,1
39437fa966ad4de0bc8afe8906778822,0b1e1539f2cc45b7b9fa7c272da2e1d7,0,,216.0,5.0,5,"['web', 'email']",20,10.0,discount,0,1
3945da252ea34e7f964537e00c053b2e,0b1e1539f2cc45b7b9fa7c272da2e1d7,408,,444.0,5.0,5,"['web', 'email']",20,10.0,discount,0,1
394775ef5c614facb20af9e4fc9a9f23,9b98b8c7a33c4b65b9aebfe6a799e6d9,336,,420.0,5.0,5,"['web', 'email', 'mobile']",5,7.0,bogo,0,1
394775ef5c614facb20af9e4fc9a9f23,2906b810c7d4411798c6938adc9daaa5,504,,636.0,2.0,2,"['web', 'email', 'mobile']",10,7.0,discount,0,1
395c07808e974aa7b2b5c2e80c944a7b,9b98b8c7a33c4b65b9aebfe6a799e6d9,336,,408.0,5.0,5,"['web', 'email', 'mobile']",5,7.0,bogo,0,1
395c07808e974aa7b2b5c2e80c944a7b,2298d6c36e964ae4a3e7e9706d1fb8c2,408,,408.0,3.0,3,"['web', 'email', 'mobile', 'social']",7,7.0,discount,0,1
395d93dc9b9d4cb7bce9901fa07f27ec,0b1e1539f2cc45b7b9fa7c272da2e1d7,168,,390.0,5.0,5,"['web', 'email']",20,10.0,discount,0,1
3966806a938b466bba287ee9fbcf1a37,0b1e1539f2cc45b7b9fa7c272da2e1d7,168,,354.0,5.0,5,"['web', 'email']",20,10.0,discount,0,1
399136d18bb5403aa52729510325412f,0b1e1539f2cc45b7b9fa7c272da2e1d7,504,,516.0,5.0,5,"['web', 'email']",20,10.0,discount,0,1
39b5141021e94f5ab6ac11139e61b582,9b98b8c7a33c4b65b9aebfe6a799e6d9,504,,516.0,5.0,5,"['web', 'email', 'mobile']",5,7.0,bogo,0,1
39b819c47d2e4b11b42140eb962b03b5,ae264e3637204a6fb9bb56bc8210ddfd,576,,600.0,10.0,10,"['email', 'mobile', 'social']",10,7.0,bogo,0,1
39d1604b571b46a0ab365531ff42f799,9b98b8c7a33c4b65b9aebfe6a799e6d9,504,,564.0,5.0,5,"['web', 'email', 'mobile']",5,7.0,bogo,0,1
3a1242dda16248728e350c4bdeb21972,fafdcd668e3743c1bb461111dcafc2a4,504,,510.0,2.0,2,"['web', 'email', 'mobile', 'social']",10,10.0,discount,0,1
3a17105cc12e4fc9aabc7c324835ba9c,9b98b8c7a33c4b65b9aebfe6a799e6d9,576,,714.0,5.0,5,"['web', 'email', 'mobile']",5,7.0,bogo,0,1
3a1cca6c614e4541b8b7478afbb72ac9,9b98b8c7a33c4b65b9aebfe6a799e6d9,336,,354.0,5.0,5,"['web', 'email', 'mobile']",5,7.0,bogo,0,1
3a44faa8642a47f2bec31cf91371b13a,2906b810c7d4411798c6938adc9daaa5,408,,486.0,2.0,2,"['web', 'email', 'mobile']",10,7.0,discount,0,1
3a4d1e41dbc143119460fd35f25cec31,9b98b8c7a33c4b65b9aebfe6a799e6d9,408,,522.0,5.0,5,"['web', 'email', 'mobile']",5,7.0,bogo,0,1
3a506f9fe2c04048829ef0fc3fa49cc8,fafdcd668e3743c1bb461111dcafc2a4,576,,576.0,2.0,2,"['web', 'email', 'mobile', 'social']",10,10.0,discount,0,1
3a81d2ae9b694b308874cff5e4505290,2906b810c7d4411798c6938adc9daaa5,0,,84.0,2.0,2,"['web', 'email', 'mobile']",10,7.0,discount,0,1
3a87d23281d14467af49851aae1c538a,ae264e3637204a6fb9bb56bc8210ddfd,168,,228.0,10.0,10,"['email', 'mobile', 'social']",10,7.0,bogo,0,1
3a87d23281d14467af49851aae1c538a,9b98b8c7a33c4b65b9aebfe6a799e6d9,504,,540.0,5.0,5,"['web', 'email', 'mobile']",5,7.0,bogo,0,1
3a94b435ee0647ceb716a182fdf82c7b,9b98b8c7a33c4b65b9aebfe6a799e6d9,336,,468.0,5.0,5,"['web', 'email', 'mobile']",5,7.0,bogo,0,1
3a9a78a58d3548798dc4b1b518ea64cf,9b98b8c7a33c4b65b9aebfe6a799e6d9,168,,216.0,5.0,5,"['web', 'email', 'mobile']",5,7.0,bogo,0,1
3aa6ad0fcd274a6db2c8a64ca54d9a58,2906b810c7d4411798c6938adc9daaa5,0,,6.0,2.0,2,"['web', 'email', 'mobile']",10,7.0,discount,0,1
3ab73b41e2ac4e67bb20be75543c1d78,0b1e1539f2cc45b7b9fa7c272da2e1d7,168,,360.0,5.0,5,"['web', 'email']",20,10.0,discount,0,1
3aceb78293b742efbcf93b03af4c83fc,2906b810c7d4411798c6938adc9daaa5,504,,576.0,2.0,2,"['web', 'email', 'mobile']",10,7.0,discount,0,1
3ad56441bfc14636832f038a2d52419e,fafdcd668e3743c1bb461111dcafc2a4,408,,570.0,2.0,2,"['web', 'email', 'mobile', 'social']",10,10.0,discount,0,1
3add99f440924505bead6fcc818445ba,9b98b8c7a33c4b65b9aebfe6a799e6d9,168,,276.0,5.0,5,"['web', 'email', 'mobile']",5,7.0,bogo,0,1
3ae3b5f2473b40cc807427b31cc8ad4b,0b1e1539f2cc45b7b9fa7c272da2e1d7,336,,534.0,5.0,5,"['web', 'email']",20,10.0,discount,0,1
3ae3b5f2473b40cc807427b31cc8ad4b,9b98b8c7a33c4b65b9aebfe6a799e6d9,408,,516.0,5.0,5,"['web', 'email', 'mobile']",5,7.0,bogo,0,1
3af42d89de7447a4a49de71b9247b8d3,2906b810c7d4411798c6938adc9daaa5,408,,438.0,2.0,2,"['web', 'email', 'mobile']",10,7.0,discount,0,1
3af42d89de7447a4a49de71b9247b8d3,0b1e1539f2cc45b7b9fa7c272da2e1d7,504,,690.0,5.0,5,"['web', 'email']",20,10.0,discount,0,1
3afe03f081f54aa5a0f3f526b76a1628,ae264e3637204a6fb9bb56bc8210ddfd,336,,408.0,10.0,10,"['email', 'mobile', 'social']",10,7.0,bogo,0,1
3b064d30a3ac42fc98f90021af70557e,9b98b8c7a33c4b65b9aebfe6a799e6d9,504,,618.0,5.0,5,"['web', 'email', 'mobile']",5,7.0,bogo,0,1
3b10bda2377043e282d01eff7e989424,9b98b8c7a33c4b65b9aebfe6a799e6d9,168,,186.0,5.0,5,"['web', 'email', 'mobile']",5,7.0,bogo,0,1
3b13ea0c378c485ba7ab038ee08bed44,9b98b8c7a33c4b65b9aebfe6a799e6d9,504,,516.0,5.0,5,"['web', 'email', 'mobile']",5,7.0,bogo,0,1
3b21d61216c04080aa01aa46c2c076ac,ae264e3637204a6fb9bb56bc8210ddfd,336,,492.0,10.0,10,"['email', 'mobile', 'social']",10,7.0,bogo,0,1
3b23884e551e45ffbd81a7370170180a,0b1e1539f2cc45b7b9fa7c272da2e1d7,576,,696.0,5.0,5,"['web', 'email']",20,10.0,discount,0,1
3b28568258854d9a98781aa1486c414c,9b98b8c7a33c4b65b9aebfe6a799e6d9,336,,360.0,5.0,5,"['web', 'email', 'mobile']",5,7.0,bogo,0,1
3b28568258854d9a98781aa1486c414c,2906b810c7d4411798c6938adc9daaa5,504,,588.0,2.0,2,"['web', 'email', 'mobile']",10,7.0,discount,0,1
3b34370727654cfca5322bca2aba9ffd,0b1e1539f2cc45b7b9fa7c272da2e1d7,0,,78.0,5.0,5,"['web', 'email']",20,10.0,discount,0,1
3b34800e101b4f6d90ec2b2f8f969013,9b98b8c7a33c4b65b9aebfe6a799e6d9,576,,654.0,5.0,5,"['web', 'email', 'mobile']",5,7.0,bogo,0,1
3b3f484e876f475eae9d6879cf4c15f1,0b1e1539f2cc45b7b9fa7c272da2e1d7,336,,456.0,5.0,5,"['web', 'email']",20,10.0,discount,0,1
3b6a6519f1454fb88f32e3693c420739,9b98b8c7a33c4b65b9aebfe6a799e6d9,336,,420.0,5.0,5,"['web', 'email', 'mobile']",5,7.0,bogo,0,1
3b6bc47c90a142189229cb903d3d9131,9b98b8c7a33c4b65b9aebfe6a799e6d9,504,,540.0,5.0,5,"['web', 'email', 'mobile']",5,7.0,bogo,0,1
3b84fac9ca1148bb96b133ced98f565a,9b98b8c7a33c4b65b9aebfe6a799e6d9,168,,288.0,5.0,5,"['web', 'email', 'mobile']",5,7.0,bogo,0,1
3b84fac9ca1148bb96b133ced98f565a,0b1e1539f2cc45b7b9fa7c272da2e1d7,336,,384.0,5.0,5,"['web', 'email']",20,10.0,discount,0,1
3b84fac9ca1148bb96b133ced98f565a,ae264e3637204a6fb9bb56bc8210ddfd,504,,516.0,10.0,10,"['email', 'mobile', 'social']",10,7.0,bogo,0,1
3b9e53675c964a78a3f49e0870f671ac,0b1e1539f2cc45b7b9fa7c272da2e1d7,336,,438.0,5.0,5,"['web', 'email']",20,10.0,discount,0,1
3b9ec536e4224688950913b9cf53362c,ae264e3637204a6fb9bb56bc8210ddfd,336,,366.0,10.0,10,"['email', 'mobile', 'social']",10,7.0,bogo,0,1
3b9ec536e4224688950913b9cf53362c,0b1e1539f2cc45b7b9fa7c272da2e1d7,504,,708.0,5.0,5,"['web', 'email']",20,10.0,discount,0,1
3bc7544c64164046a017fa6c20d65a6c,2906b810c7d4411798c6938adc9daaa5,336,,444.0,2.0,2,"['web', 'email', 'mobile']",10,7.0,discount,0,1
3bd3b7ffb14d49f5bc6dac95ede945aa,9b98b8c7a33c4b65b9aebfe6a799e6d9,408,,414.0,5.0,5,"['web', 'email', 'mobile']",5,7.0,bogo,0,1
3c1725273b204c25ae79f896588fda39,ae264e3637204a6fb9bb56bc8210ddfd,408,,408.0,10.0,10,"['email', 'mobile', 'social']",10,7.0,bogo,0,1
3c18c8aca33849569b36c6636a44834c,2906b810c7d4411798c6938adc9daaa5,168,,198.0,2.0,2,"['web', 'email', 'mobile']",10,7.0,discount,0,1
3c18c8aca33849569b36c6636a44834c,9b98b8c7a33c4b65b9aebfe6a799e6d9,336,,360.0,5.0,5,"['web', 'email', 'mobile']",5,7.0,bogo,0,1
3c200e7c8ef34733aa5dd1ab6d308cc3,9b98b8c7a33c4b65b9aebfe6a799e6d9,408,,540.0,5.0,5,"['web', 'email', 'mobile']",5,7.0,bogo,0,1
3c65635c6c984c3280fcfc39382452dd,0b1e1539f2cc45b7b9fa7c272da2e1d7,0,,582.0,5.0,5,"['web', 'email']",20,10.0,discount,0,1
3c65635c6c984c3280fcfc39382452dd,2906b810c7d4411798c6938adc9daaa5,408,,498.0,2.0,2,"['web', 'email', 'mobile']",10,7.0,discount,0,1
3c7108e2cf594134ac0bb027e040afb5,ae264e3637204a6fb9bb56bc8210ddfd,504,,516.0,10.0,10,"['email', 'mobile', 'social']",10,7.0,bogo,0,1
3c8359ab6ad5409c99e72a9bff9684f5,9b98b8c7a33c4b65b9aebfe6a799e6d9,168,,288.0,5.0,5,"['web', 'email', 'mobile']",5,7.0,bogo,0,1
3c88696ac23741cb8a709d656fe5ccdf,2906b810c7d4411798c6938adc9daaa5,336,,378.0,2.0,2,"['web', 'email', 'mobile']",10,7.0,discount,0,1
3c88696ac23741cb8a709d656fe5ccdf,ae264e3637204a6fb9bb56bc8210ddfd,408,,480.0,10.0,10,"['email', 'mobile', 'social']",10,7.0,bogo,0,1
3c8b13e129d44befaf5ca29994a484c5,9b98b8c7a33c4b65b9aebfe6a799e6d9,408,,438.0,5.0,5,"['web', 'email', 'mobile']",5,7.0,bogo,0,1
3c92e46731364dd1b4d07ed2f9393364,0b1e1539f2cc45b7b9fa7c272da2e1d7,168,,216.0,5.0,5,"['web', 'email']",20,10.0,discount,0,1
3c9568abe3584e80940440d2c51402b3,ae264e3637204a6fb9bb56bc8210ddfd,336,,372.0,10.0,10,"['email', 'mobile', 'social']",10,7.0,bogo,0,1
3ca20862e3af4c93a769d3876ff8b48c,9b98b8c7a33c4b65b9aebfe6a799e6d9,408,,528.0,5.0,5,"['web', 'email', 'mobile']",5,7.0,bogo,0,1
3cac8e47e1664b48af241c168346a404,9b98b8c7a33c4b65b9aebfe6a799e6d9,168,,228.0,5.0,5,"['web', 'email', 'mobile']",5,7.0,bogo,0,1
3cac8e47e1664b48af241c168346a404,0b1e1539f2cc45b7b9fa7c272da2e1d7,408,,426.0,5.0,5,"['web', 'email']",20,10.0,discount,0,1
3cb2907fc9d54e61a9cf6fa050237690,2298d6c36e964ae4a3e7e9706d1fb8c2,504,,576.0,3.0,3,"['web', 'email', 'mobile', 'social']",7,7.0,discount,0,1
3cc622f76e464bc1809a71e871579d6c,2906b810c7d4411798c6938adc9daaa5,576,,630.0,2.0,2,"['web', 'email', 'mobile']",10,7.0,discount,0,1
3ccea2fc4ef74d01842d3edc32d99b4d,2906b810c7d4411798c6938adc9daaa5,0,,24.0,2.0,2,"['web', 'email', 'mobile']",10,7.0,discount,0,1
3ccea2fc4ef74d01842d3edc32d99b4d,ae264e3637204a6fb9bb56bc8210ddfd,504,,510.0,10.0,10,"['email', 'mobile', 'social']",10,7.0,bogo,0,1
3ce891b51f7e40f180ca685abc28e4ce,0b1e1539f2cc45b7b9fa7c272da2e1d7,504,,702.0,5.0,5,"['web', 'email']",20,10.0,discount,0,1
3d121dd5684f4898855405839f9c1a45,0b1e1539f2cc45b7b9fa7c272da2e1d7,504,,696.0,5.0,5,"['web', 'email']",20,10.0,discount,0,1
3d28370352d642c7a3223284c83d9bdc,9b98b8c7a33c4b65b9aebfe6a799e6d9,168,,330.0,5.0,5,"['web', 'email', 'mobile']",5,7.0,bogo,0,1
3d28370352d642c7a3223284c83d9bdc,ae264e3637204a6fb9bb56bc8210ddfd,408,,642.0,10.0,10,"['email', 'mobile', 'social']",10,7.0,bogo,0,1
3d30c8c79e85402bab39c0c5adfa2b08,0b1e1539f2cc45b7b9fa7c272da2e1d7,336,,378.0,5.0,5,"['web', 'email']",20,10.0,discount,0,1
3d3bad0437e3459d873772f8023653ac,9b98b8c7a33c4b65b9aebfe6a799e6d9,336,,378.0,5.0,5,"['web', 'email', 'mobile']",5,7.0,bogo,0,1
3d4191b097e74f099a9be33af7d67d6d,2906b810c7d4411798c6938adc9daaa5,336,,360.0,2.0,2,"['web', 'email', 'mobile']",10,7.0,discount,0,1
3d43c355a4bb4d5e8d86a80a87408925,0b1e1539f2cc45b7b9fa7c272da2e1d7,408,,420.0,5.0,5,"['web', 'email']",20,10.0,discount,0,1
3d4ceca8f12848a28c346e9067470b05,2906b810c7d4411798c6938adc9daaa5,408,,426.0,2.0,2,"['web', 'email', 'mobile']",10,7.0,discount,0,1
3d6838fcab094b999a032af69d635f89,2906b810c7d4411798c6938adc9daaa5,408,,420.0,2.0,2,"['web', 'email', 'mobile']",10,7.0,discount,0,1
3d6ae9ec18294a539edf597fb57afc26,0b1e1539f2cc45b7b9fa7c272da2e1d7,336,,438.0,5.0,5,"['web', 'email']",20,10.0,discount,0,1
3d6b84ec992941ef9ed4d684cb160edd,9b98b8c7a33c4b65b9aebfe6a799e6d9,168,,450.0,5.0,5,"['web', 'email', 'mobile']",5,7.0,bogo,0,1
3dace629913c4771809eea9c48bdc1ec,9b98b8c7a33c4b65b9aebfe6a799e6d9,336,,408.0,5.0,5,"['web', 'email', 'mobile']",5,7.0,bogo,0,1
3db51a2e2530430aae0f8a7b2157fdf6,9b98b8c7a33c4b65b9aebfe6a799e6d9,504,,660.0,5.0,5,"['web', 'email', 'mobile']",5,7.0,bogo,0,1
3db61fc5bd9c415bac6d1a9859707445,9b98b8c7a33c4b65b9aebfe6a799e6d9,0,,78.0,5.0,5,"['web', 'email', 'mobile']",5,7.0,bogo,0,1
3db61fc5bd9c415bac6d1a9859707445,2906b810c7d4411798c6938adc9daaa5,168,,222.0,2.0,2,"['web', 'email', 'mobile']",10,7.0,discount,0,1
3dc5ea64f9d845e99ddb552ae153b9f3,0b1e1539f2cc45b7b9fa7c272da2e1d7,168,,312.0,5.0,5,"['web', 'email']",20,10.0,discount,0,1
3dc88f458e6449d2a42f78561991ccc7,ae264e3637204a6fb9bb56bc8210ddfd,336,,450.0,10.0,10,"['email', 'mobile', 'social']",10,7.0,bogo,0,1
3dc88f458e6449d2a42f78561991ccc7,0b1e1539f2cc45b7b9fa7c272da2e1d7,408,,450.0,5.0,5,"['web', 'email']",20,10.0,discount,0,1
3dc88f458e6449d2a42f78561991ccc7,2906b810c7d4411798c6938adc9daaa5,504,,594.0,2.0,2,"['web', 'email', 'mobile']",10,7.0,discount,0,1
3dde94fa581145cb9f206624f1a94d5a,2906b810c7d4411798c6938adc9daaa5,0,,168.0,2.0,2,"['web', 'email', 'mobile']",10,7.0,discount,0,1
3de34e36962a47f988fa0136f8ae22a9,2906b810c7d4411798c6938adc9daaa5,504,,510.0,2.0,2,"['web', 'email', 'mobile']",10,7.0,discount,0,1
3de3dd15821b4d0bac9ab28deb6b3eb5,0b1e1539f2cc45b7b9fa7c272da2e1d7,0,,102.0,5.0,5,"['web', 'email']",20,10.0,discount,0,1
3de3dd15821b4d0bac9ab28deb6b3eb5,9b98b8c7a33c4b65b9aebfe6a799e6d9,336,,372.0,5.0,5,"['web', 'email', 'mobile']",5,7.0,bogo,0,1
3de934a628584d3aad45781044acf062,2906b810c7d4411798c6938adc9daaa5,504,,594.0,2.0,2,"['web', 'email', 'mobile']",10,7.0,discount,0,1
3dfb840baf28434d8865be3c2f96c3f6,9b98b8c7a33c4b65b9aebfe6a799e6d9,0,,72.0,5.0,5,"['web', 'email', 'mobile']",5,7.0,bogo,0,1
3e031fe2de2a43ccabdc881ac5d619a8,ae264e3637204a6fb9bb56bc8210ddfd,576,,600.0,10.0,10,"['email', 'mobile', 'social']",10,7.0,bogo,0,1
3e0f399609df4ee0ab837b6c17891126,9b98b8c7a33c4b65b9aebfe6a799e6d9,336,,384.0,5.0,5,"['web', 'email', 'mobile']",5,7.0,bogo,0,1
3e58e7fc4eb14005ae29e766f859f038,2906b810c7d4411798c6938adc9daaa5,336,,438.0,2.0,2,"['web', 'email', 'mobile']",10,7.0,discount,0,1
3e621194f72e40d7a0b695ee9b7c38b7,ae264e3637204a6fb9bb56bc8210ddfd,504,,516.0,10.0,10,"['email', 'mobile', 'social']",10,7.0,bogo,0,1
3e9e889fc54c412fb7d032421f4890c7,2906b810c7d4411798c6938adc9daaa5,168,,186.0,2.0,2,"['web', 'email', 'mobile']",10,7.0,discount,0,1
3ead7d94371041fcab4db5fb57ced95c,2906b810c7d4411798c6938adc9daaa5,168,,168.0,2.0,2,"['web', 'email', 'mobile']",10,7.0,discount,0,1
3eaf1550d25f450e93faeb5a4ab744c1,2906b810c7d4411798c6938adc9daaa5,408,,420.0,2.0,2,"['web', 'email', 'mobile']",10,7.0,discount,0,1
3ec4bc73b77a46db89e5b738c8fd668c,2298d6c36e964ae4a3e7e9706d1fb8c2,0,,12.0,3.0,3,"['web', 'email', 'mobile', 'social']",7,7.0,discount,0,1
3ecb372184104ff7bad0f0f60cb56e29,9b98b8c7a33c4b65b9aebfe6a799e6d9,168,,258.0,5.0,5,"['web', 'email', 'mobile']",5,7.0,bogo,0,1
3ecb372184104ff7bad0f0f60cb56e29,0b1e1539f2cc45b7b9fa7c272da2e1d7,408,,618.0,5.0,5,"['web', 'email']",20,10.0,discount,0,1
3edd406b1d9c42fcb78cd5e38906d2eb,0b1e1539f2cc45b7b9fa7c272da2e1d7,408,,606.0,5.0,5,"['web', 'email']",20,10.0,discount,0,1
3edd406b1d9c42fcb78cd5e38906d2eb,f19421c1d4aa40978ebb69ca19b0e20d,504,,606.0,5.0,5,"['web', 'email', 'mobile', 'social']",5,5.0,bogo,0,1
3f0364013f1d4a45af81f5926222fd50,9b98b8c7a33c4b65b9aebfe6a799e6d9,168,,204.0,5.0,5,"['web', 'email', 'mobile']",5,7.0,bogo,0,1
3f2535f288c0412b9f62ab9703d4b66a,0b1e1539f2cc45b7b9fa7c272da2e1d7,168,,252.0,5.0,5,"['web', 'email']",20,10.0,discount,0,1
3f279ee9fd0d4195b0b9574ce0ae6923,0b1e1539f2cc45b7b9fa7c272da2e1d7,336,,360.0,5.0,5,"['web', 'email']",20,10.0,discount,0,1
3f36f34387ec4050bd1b0b2a5180f234,9b98b8c7a33c4b65b9aebfe6a799e6d9,504,,660.0,5.0,5,"['web', 'email', 'mobile']",5,7.0,bogo,0,1
3f3a1d522acf412c90704e3cf464f96b,0b1e1539f2cc45b7b9fa7c272da2e1d7,504,,594.0,5.0,5,"['web', 'email']",20,10.0,discount,0,1
3f42ec0d1791410b86ced8f3700a1f25,0b1e1539f2cc45b7b9fa7c272da2e1d7,408,,612.0,5.0,5,"['web', 'email']",20,10.0,discount,0,1
3f42ec0d1791410b86ced8f3700a1f25,9b98b8c7a33c4b65b9aebfe6a799e6d9,504,,522.0,5.0,5,"['web', 'email', 'mobile']",5,7.0,bogo,0,1
3f4aabdf7c1f430a94982ba13b1c5db3,0b1e1539f2cc45b7b9fa7c272da2e1d7,0,,486.0,5.0,5,"['web', 'email']",20,10.0,discount,0,1
3f4e408b0b2d4ea89dd16d7437d867c1,2906b810c7d4411798c6938adc9daaa5,504,,576.0,2.0,2,"['web', 'email', 'mobile']",10,7.0,discount,0,1
3f820d0634534281bc4b26dfc721806b,ae264e3637204a6fb9bb56bc8210ddfd,336,,444.0,10.0,10,"['email', 'mobile', 'social']",10,7.0,bogo,0,1
3f89b8f80ebc4f94b7074f28071aa8d4,9b98b8c7a33c4b65b9aebfe6a799e6d9,168,,252.0,5.0,5,"['web', 'email', 'mobile']",5,7.0,bogo,0,1
3f89b8f80ebc4f94b7074f28071aa8d4,2906b810c7d4411798c6938adc9daaa5,504,,624.0,2.0,2,"['web', 'email', 'mobile']",10,7.0,discount,0,1
3f9029ee39a1483c9b33d6675f3aa43d,0b1e1539f2cc45b7b9fa7c272da2e1d7,0,,672.0,5.0,5,"['web', 'email']",20,10.0,discount,0,1
3f9029ee39a1483c9b33d6675f3aa43d,4d5c57ea9a6940dd891ad53e9dbe8da0,504,,510.0,10.0,10,"['web', 'email', 'mobile', 'social']",10,5.0,bogo,0,1
3f9da79caafe40478a8a661e53b7299b,ae264e3637204a6fb9bb56bc8210ddfd,504,,672.0,10.0,10,"['email', 'mobile', 'social']",10,7.0,bogo,0,1
3f9ea03fd3194ef288a1afb4affb926d,0b1e1539f2cc45b7b9fa7c272da2e1d7,168,,366.0,5.0,5,"['web', 'email']",20,10.0,discount,0,1
3fa48336a6cb4c80a081423d20598e3d,0b1e1539f2cc45b7b9fa7c272da2e1d7,168,,192.0,5.0,5,"['web', 'email']",20,10.0,discount,0,1
3fce031043224fd49c51a75022d7ace2,0b1e1539f2cc45b7b9fa7c272da2e1d7,336,,528.0,5.0,5,"['web', 'email']",20,10.0,discount,0,1
3fd0feaf8a5344d1a17be1707205814b,9b98b8c7a33c4b65b9aebfe6a799e6d9,336,,462.0,5.0,5,"['web', 'email', 'mobile']",5,7.0,bogo,0,1
3fd3adbc4ff84f48b23f0d49b333a2e1,2906b810c7d4411798c6938adc9daaa5,336,,348.0,2.0,2,"['web', 'email', 'mobile']",10,7.0,discount,0,1
3fe73b31a03a42f69522e65364e1b83d,9b98b8c7a33c4b65b9aebfe6a799e6d9,408,,426.0,5.0,5,"['web', 'email', 'mobile']",5,7.0,bogo,0,1
3ff318b1f700424897bb15fd18c8ebff,9b98b8c7a33c4b65b9aebfe6a799e6d9,336,,396.0,5.0,5,"['web', 'email', 'mobile']",5,7.0,bogo,0,1
3ff3ba62ae5b46e3b81d6c505bbae67c,ae264e3637204a6fb9bb56bc8210ddfd,336,,504.0,10.0,10,"['email', 'mobile', 'social']",10,7.0,bogo,0,1
3ff81199253748819121dcd14361b248,2906b810c7d4411798c6938adc9daaa5,0,,60.0,2.0,2,"['web', 'email', 'mobile']",10,7.0,discount,0,1
3fff50f2183a4f04b7a174c0c31ec78c,0b1e1539f2cc45b7b9fa7c272da2e1d7,0,,126.0,5.0,5,"['web', 'email']",20,10.0,discount,0,1
3fff50f2183a4f04b7a174c0c31ec78c,2906b810c7d4411798c6938adc9daaa5,408,,444.0,2.0,2,"['web', 'email', 'mobile']",10,7.0,discount,0,1
40145bb3b5fa40308142041742753599,9b98b8c7a33c4b65b9aebfe6a799e6d9,168,,228.0,5.0,5,"['web', 'email', 'mobile']",5,7.0,bogo,0,1
401b7219cb274c57ae4d07232f029e0f,ae264e3637204a6fb9bb56bc8210ddfd,504,,606.0,10.0,10,"['email', 'mobile', 'social']",10,7.0,bogo,0,1
402d0d57aacc4533ab4384581d0fae61,0b1e1539f2cc45b7b9fa7c272da2e1d7,408,,474.0,5.0,5,"['web', 'email']",20,10.0,discount,0,1
4032939f81d0437db6b79b1eadbdb8c4,4d5c57ea9a6940dd891ad53e9dbe8da0,336,,438.0,10.0,10,"['web', 'email', 'mobile', 'social']",10,5.0,bogo,0,1
403aa8e5b89e4f48a38b055e6237aee8,0b1e1539f2cc45b7b9fa7c272da2e1d7,336,,546.0,5.0,5,"['web', 'email']",20,10.0,discount,0,1
403aa8e5b89e4f48a38b055e6237aee8,2906b810c7d4411798c6938adc9daaa5,408,,486.0,2.0,2,"['web', 'email', 'mobile']",10,7.0,discount,0,1
404bff404fbc4024bfd1da1134594b3f,2906b810c7d4411798c6938adc9daaa5,504,,504.0,2.0,2,"['web', 'email', 'mobile']",10,7.0,discount,0,1
406e02eb805440949a9c37122c75d2f8,9b98b8c7a33c4b65b9aebfe6a799e6d9,408,,468.0,5.0,5,"['web', 'email', 'mobile']",5,7.0,bogo,0,1
4071653f161042b2bf21a1c18c093a33,f19421c1d4aa40978ebb69ca19b0e20d,504,,552.0,5.0,5,"['web', 'email', 'mobile', 'social']",5,5.0,bogo,0,1
408c1015bbf04d6b975f374c00f69dcd,0b1e1539f2cc45b7b9fa7c272da2e1d7,408,,468.0,5.0,5,"['web', 'email']",20,10.0,discount,0,1
408d9cb496c148a199e4df7cd31452ce,2906b810c7d4411798c6938adc9daaa5,576,,618.0,2.0,2,"['web', 'email', 'mobile']",10,7.0,discount,0,1
409c069b95af4a6f91c708eaa7e90714,0b1e1539f2cc45b7b9fa7c272da2e1d7,0,,78.0,5.0,5,"['web', 'email']",20,10.0,discount,0,1
40a3787d59a64cc9bddfff505cbcc554,9b98b8c7a33c4b65b9aebfe6a799e6d9,408,,414.0,5.0,5,"['web', 'email', 'mobile']",5,7.0,bogo,0,1
40bbc83401e74e71ace9e09af32c516e,0b1e1539f2cc45b7b9fa7c272da2e1d7,168,,408.0,5.0,5,"['web', 'email']",20,10.0,discount,0,1
40bc3cf593394618b90f6d79e198867a,9b98b8c7a33c4b65b9aebfe6a799e6d9,408,,546.0,5.0,5,"['web', 'email', 'mobile']",5,7.0,bogo,0,1
40c068d24b4c48e995bbbc6351429157,2906b810c7d4411798c6938adc9daaa5,0,,456.0,2.0,2,"['web', 'email', 'mobile']",10,7.0,discount,0,1
40c7f044b1cb4eda9de3789b08025b7e,0b1e1539f2cc45b7b9fa7c272da2e1d7,0,,180.0,5.0,5,"['web', 'email']",20,10.0,discount,0,1
40c7f044b1cb4eda9de3789b08025b7e,f19421c1d4aa40978ebb69ca19b0e20d,504,,618.0,5.0,5,"['web', 'email', 'mobile', 'social']",5,5.0,bogo,0,1
40ca4949bc5d4567b2521ce9a1ddd6e8,0b1e1539f2cc45b7b9fa7c272da2e1d7,168,,378.0,5.0,5,"['web', 'email']",20,10.0,discount,0,1
411df4b79900411c959c0cb5fa1a7564,0b1e1539f2cc45b7b9fa7c272da2e1d7,0,,102.0,5.0,5,"['web', 'email']",20,10.0,discount,0,1
411fed1076014817b31b204ab3b32d93,9b98b8c7a33c4b65b9aebfe6a799e6d9,168,,336.0,5.0,5,"['web', 'email', 'mobile']",5,7.0,bogo,0,1
411fed1076014817b31b204ab3b32d93,0b1e1539f2cc45b7b9fa7c272da2e1d7,336,,414.0,5.0,5,"['web', 'email']",20,10.0,discount,0,1
415414bb037949cdad37ac07d89f3deb,2906b810c7d4411798c6938adc9daaa5,168,,216.0,2.0,2,"['web', 'email', 'mobile']",10,7.0,discount,0,1
415414bb037949cdad37ac07d89f3deb,0b1e1539f2cc45b7b9fa7c272da2e1d7,504,,612.0,5.0,5,"['web', 'email']",20,10.0,discount,0,1
4169cc2f33c24b429bef7b33124b0d16,0b1e1539f2cc45b7b9fa7c272da2e1d7,0,,132.0,5.0,5,"['web', 'email']",20,10.0,discount,0,1
417528c290084ab0aaf37a3f8b164212,9b98b8c7a33c4b65b9aebfe6a799e6d9,336,,372.0,5.0,5,"['web', 'email', 'mobile']",5,7.0,bogo,0,1
41759218f61546e49f0c02e98f24028e,2906b810c7d4411798c6938adc9daaa5,336,,360.0,2.0,2,"['web', 'email', 'mobile']",10,7.0,discount,0,1
4180446d6f81480cbc467b969b9559bc,0b1e1539f2cc45b7b9fa7c272da2e1d7,408,,510.0,5.0,5,"['web', 'email']",20,10.0,discount,0,1
41b41a91a8c54404950837d458c3a41a,2298d6c36e964ae4a3e7e9706d1fb8c2,408,,552.0,3.0,3,"['web', 'email', 'mobile', 'social']",7,7.0,discount,0,1
41b596c1f10d48f293227c259f141d42,2906b810c7d4411798c6938adc9daaa5,576,,600.0,2.0,2,"['web', 'email', 'mobile']",10,7.0,discount,0,1
41ec861919494c089c4ff9ddad44bc4d,ae264e3637204a6fb9bb56bc8210ddfd,408,,492.0,10.0,10,"['email', 'mobile', 'social']",10,7.0,bogo,0,1
41ed54800a2042988866ecd7d971e2e5,9b98b8c7a33c4b65b9aebfe6a799e6d9,504,,558.0,5.0,5,"['web', 'email', 'mobile']",5,7.0,bogo,0,1
41f80ce7d1034e3d8ca1d2768f7b3e09,9b98b8c7a33c4b65b9aebfe6a799e6d9,0,,36.0,5.0,5,"['web', 'email', 'mobile']",5,7.0,bogo,0,1
4208fdb8007e44f989539c206e9c277c,9b98b8c7a33c4b65b9aebfe6a799e6d9,408,,444.0,5.0,5,"['web', 'email', 'mobile']",5,7.0,bogo,0,1
42096ce6b92542d2a8f8250f260f8a08,9b98b8c7a33c4b65b9aebfe6a799e6d9,504,,576.0,5.0,5,"['web', 'email', 'mobile']",5,7.0,bogo,0,1
422466659dc94890a4e044633de07d39,0b1e1539f2cc45b7b9fa7c272da2e1d7,408,,486.0,5.0,5,"['web', 'email']",20,10.0,discount,0,1
422631a65e9242009e76974de2e350d3,9b98b8c7a33c4b65b9aebfe6a799e6d9,408,,528.0,5.0,5,"['web', 'email', 'mobile']",5,7.0,bogo,0,1
422b5109db734d52825cc7e02ba5ab7c,0b1e1539f2cc45b7b9fa7c272da2e1d7,408,,612.0,5.0,5,"['web', 'email']",20,10.0,discount,0,1
422b5109db734d52825cc7e02ba5ab7c,2906b810c7d4411798c6938adc9daaa5,504,,612.0,2.0,2,"['web', 'email', 'mobile']",10,7.0,discount,0,1
424fa072fc4347a38a85285591e5821a,0b1e1539f2cc45b7b9fa7c272da2e1d7,504,,606.0,5.0,5,"['web', 'email']",20,10.0,discount,0,1
425baccbe9154f13844934c24b68b38e,0b1e1539f2cc45b7b9fa7c272da2e1d7,336,,480.0,5.0,5,"['web', 'email']",20,10.0,discount,0,1
4264b1d027cc493281bba4f44bfedaca,0b1e1539f2cc45b7b9fa7c272da2e1d7,504,,504.0,5.0,5,"['web', 'email']",20,10.0,discount,0,1
427b6f492f62468cb53ad6c040002b88,0b1e1539f2cc45b7b9fa7c272da2e1d7,168,,300.0,5.0,5,"['web', 'email']",20,10.0,discount,0,1
427b6f492f62468cb53ad6c040002b88,9b98b8c7a33c4b65b9aebfe6a799e6d9,408,,450.0,5.0,5,"['web', 'email', 'mobile']",5,7.0,bogo,0,1
428a7a141ea14071828d4011ea6c1091,9b98b8c7a33c4b65b9aebfe6a799e6d9,504,,516.0,5.0,5,"['web', 'email', 'mobile']",5,7.0,bogo,0,1
42b08cfe20c54e15ab6815c4a1d9d2cf,0b1e1539f2cc45b7b9fa7c272da2e1d7,0,,96.0,5.0,5,"['web', 'email']",20,10.0,discount,0,1
42b57a678bda41d88dd6adfa2e5f8d5d,0b1e1539f2cc45b7b9fa7c272da2e1d7,504,,546.0,5.0,5,"['web', 'email']",20,10.0,discount,0,1
42c58541871e4062bfc7c30f7fa266d5,0b1e1539f2cc45b7b9fa7c272da2e1d7,336,,450.0,5.0,5,"['web', 'email']",20,10.0,discount,0,1
42d9221a82654037aedacd9ea24dd709,2906b810c7d4411798c6938adc9daaa5,504,,708.0,2.0,2,"['web', 'email', 'mobile']",10,7.0,discount,0,1
42e17b916ce44fbb9ffcf4793f654a75,0b1e1539f2cc45b7b9fa7c272da2e1d7,408,,522.0,5.0,5,"['web', 'email']",20,10.0,discount,0,1
42e511d82add46d4b0038ab71015f1b5,2906b810c7d4411798c6938adc9daaa5,168,,228.0,2.0,2,"['web', 'email', 'mobile']",10,7.0,discount,0,1
42e511d82add46d4b0038ab71015f1b5,9b98b8c7a33c4b65b9aebfe6a799e6d9,504,,576.0,5.0,5,"['web', 'email', 'mobile']",5,7.0,bogo,0,1
42ee9df85c43446b99f37a7ee3296c5f,2906b810c7d4411798c6938adc9daaa5,576,,708.0,2.0,2,"['web', 'email', 'mobile']",10,7.0,discount,0,1
42f8d287efa7489c9c13f94b2cec5fc5,2906b810c7d4411798c6938adc9daaa5,168,,228.0,2.0,2,"['web', 'email', 'mobile']",10,7.0,discount,0,1
43005ea0767043898ec9ae15e0a64e33,0b1e1539f2cc45b7b9fa7c272da2e1d7,408,,426.0,5.0,5,"['web', 'email']",20,10.0,discount,0,1
4306f7eff9f14072833008e7b63ac535,9b98b8c7a33c4b65b9aebfe6a799e6d9,168,,300.0,5.0,5,"['web', 'email', 'mobile']",5,7.0,bogo,0,1
430f2cedb60c4585bda4c36106db73d5,0b1e1539f2cc45b7b9fa7c272da2e1d7,408,,492.0,5.0,5,"['web', 'email']",20,10.0,discount,0,1
431a9ec074b44e80886ba3dfed6dfe2f,9b98b8c7a33c4b65b9aebfe6a799e6d9,336,,426.0,5.0,5,"['web', 'email', 'mobile']",5,7.0,bogo,0,1
431a9ec074b44e80886ba3dfed6dfe2f,0b1e1539f2cc45b7b9fa7c272da2e1d7,408,,426.0,5.0,5,"['web', 'email']",20,10.0,discount,0,1
431a9ec074b44e80886ba3dfed6dfe2f,2906b810c7d4411798c6938adc9daaa5,504,,594.0,2.0,2,"['web', 'email', 'mobile']",10,7.0,discount,0,1
43417e1318e84492888dc8a6aa6cc48d,9b98b8c7a33c4b65b9aebfe6a799e6d9,336,,402.0,5.0,5,"['web', 'email', 'mobile']",5,7.0,bogo,0,1
4357cb4e15f04f988045c5a7e37c5775,ae264e3637204a6fb9bb56bc8210ddfd,168,,258.0,10.0,10,"['email', 'mobile', 'social']",10,7.0,bogo,0,1
4357cb4e15f04f988045c5a7e37c5775,2298d6c36e964ae4a3e7e9706d1fb8c2,408,,414.0,3.0,3,"['web', 'email', 'mobile', 'social']",7,7.0,discount,0,1
4359a6d4c78c40cebeab11bbf77d992e,9b98b8c7a33c4b65b9aebfe6a799e6d9,336,,468.0,5.0,5,"['web', 'email', 'mobile']",5,7.0,bogo,0,1
436605b486e34d1bba60174774eac593,4d5c57ea9a6940dd891ad53e9dbe8da0,408,,438.0,10.0,10,"['web', 'email', 'mobile', 'social']",10,5.0,bogo,0,1
436e0674e0094943aef62cfcfdb9d3c3,2906b810c7d4411798c6938adc9daaa5,408,,474.0,2.0,2,"['web', 'email', 'mobile']",10,7.0,discount,0,1
4386efbbacd145eaa621a5f008ffd0c3,9b98b8c7a33c4b65b9aebfe6a799e6d9,168,,222.0,5.0,5,"['web', 'email', 'mobile']",5,7.0,bogo,0,1
43a78c110de64f5c98d01f13d02332df,9b98b8c7a33c4b65b9aebfe6a799e6d9,336,,384.0,5.0,5,"['web', 'email', 'mobile']",5,7.0,bogo,0,1
43ab1831aeb0431f98efd3578f14bf67,9b98b8c7a33c4b65b9aebfe6a799e6d9,408,,558.0,5.0,5,"['web', 'email', 'mobile']",5,7.0,bogo,0,1
43ab1831aeb0431f98efd3578f14bf67,0b1e1539f2cc45b7b9fa7c272da2e1d7,504,,558.0,5.0,5,"['web', 'email']",20,10.0,discount,0,1
43ae63b5a3fb43958427cde7ccdb202c,2298d6c36e964ae4a3e7e9706d1fb8c2,408,,438.0,3.0,3,"['web', 'email', 'mobile', 'social']",7,7.0,discount,0,1
43b1ca5826de42a48707d29dcfa7d7ad,9b98b8c7a33c4b65b9aebfe6a799e6d9,408,,534.0,5.0,5,"['web', 'email', 'mobile']",5,7.0,bogo,0,1
43b53afc1f254f16962cedd850c030b6,0b1e1539f2cc45b7b9fa7c272da2e1d7,168,,180.0,5.0,5,"['web', 'email']",20,10.0,discount,0,1
43b53afc1f254f16962cedd850c030b6,2906b810c7d4411798c6938adc9daaa5,576,,666.0,2.0,2,"['web', 'email', 'mobile']",10,7.0,discount,0,1
43d95ea16fb942d284f8b7304bc46616,9b98b8c7a33c4b65b9aebfe6a799e6d9,408,,468.0,5.0,5,"['web', 'email', 'mobile']",5,7.0,bogo,0,1
43fbc1418ee14268a5d3797006cc69be,0b1e1539f2cc45b7b9fa7c272da2e1d7,0,,204.0,5.0,5,"['web', 'email']",20,10.0,discount,0,1
43fbc1418ee14268a5d3797006cc69be,ae264e3637204a6fb9bb56bc8210ddfd,504,,528.0,10.0,10,"['email', 'mobile', 'social']",10,7.0,bogo,0,1
44053ee4929b4070943b71698b5d8b9c,2298d6c36e964ae4a3e7e9706d1fb8c2,504,,510.0,3.0,3,"['web', 'email', 'mobile', 'social']",7,7.0,discount,0,1
44083cf2677f463781fdb414aa6e700b,0b1e1539f2cc45b7b9fa7c272da2e1d7,408,,432.0,5.0,5,"['web', 'email']",20,10.0,discount,0,1
4409c9f2144b4599b4a8cffba0dc903f,0b1e1539f2cc45b7b9fa7c272da2e1d7,504,,588.0,5.0,5,"['web', 'email']",20,10.0,discount,0,1
440cf1fd7580490c971d8c651ed962af,2906b810c7d4411798c6938adc9daaa5,576,,600.0,2.0,2,"['web', 'email', 'mobile']",10,7.0,discount,0,1
442af5048da845bcaa94262c2b9c716f,9b98b8c7a33c4b65b9aebfe6a799e6d9,0,,72.0,5.0,5,"['web', 'email', 'mobile']",5,7.0,bogo,0,1
445142fe73dc423a8f165765d831debb,0b1e1539f2cc45b7b9fa7c272da2e1d7,168,,372.0,5.0,5,"['web', 'email']",20,10.0,discount,0,1
4468048bdc5548238d2ee46de738eb39,9b98b8c7a33c4b65b9aebfe6a799e6d9,336,,372.0,5.0,5,"['web', 'email', 'mobile']",5,7.0,bogo,0,1
447600a6896d47e1bc24b473006ccebc,9b98b8c7a33c4b65b9aebfe6a799e6d9,336,,336.0,5.0,5,"['web', 'email', 'mobile']",5,7.0,bogo,0,1
447600a6896d47e1bc24b473006ccebc,2906b810c7d4411798c6938adc9daaa5,576,,654.0,2.0,2,"['web', 'email', 'mobile']",10,7.0,discount,0,1
44aafdbee1944c2cb759500928bb7a76,f19421c1d4aa40978ebb69ca19b0e20d,336,,348.0,5.0,5,"['web', 'email', 'mobile', 'social']",5,5.0,bogo,0,1
44eae499188b4c5c849741ac698aed4b,0b1e1539f2cc45b7b9fa7c272da2e1d7,0,,12.0,5.0,5,"['web', 'email']",20,10.0,discount,0,1
44efaa157376440b95b679b29718e001,2906b810c7d4411798c6938adc9daaa5,576,,612.0,2.0,2,"['web', 'email', 'mobile']",10,7.0,discount,0,1
452cdae2c68e4732a4177d3929562690,ae264e3637204a6fb9bb56bc8210ddfd,336,,348.0,10.0,10,"['email', 'mobile', 'social']",10,7.0,bogo,0,1
4533dac76ee147678e3c7a862da32376,2906b810c7d4411798c6938adc9daaa5,336,,414.0,2.0,2,"['web', 'email', 'mobile']",10,7.0,discount,0,1
45407d4bb6de4e7da3302f931eaa0e87,0b1e1539f2cc45b7b9fa7c272da2e1d7,408,,552.0,5.0,5,"['web', 'email']",20,10.0,discount,0,1
457629ccb85f4ae08d108c839ea513a3,2298d6c36e964ae4a3e7e9706d1fb8c2,336,,384.0,3.0,3,"['web', 'email', 'mobile', 'social']",7,7.0,discount,0,1
459b0d3c1d6f4cc49b71dde16206585c,2906b810c7d4411798c6938adc9daaa5,504,,582.0,2.0,2,"['web', 'email', 'mobile']",10,7.0,discount,0,1
459f7ae5e84e40abbd083dca7919e152,9b98b8c7a33c4b65b9aebfe6a799e6d9,0,,114.0,5.0,5,"['web', 'email', 'mobile']",5,7.0,bogo,0,1
459f7ae5e84e40abbd083dca7919e152,0b1e1539f2cc45b7b9fa7c272da2e1d7,576,,660.0,5.0,5,"['web', 'email']",20,10.0,discount,0,1
45d0952c88fe49b8aad291b21e086293,0b1e1539f2cc45b7b9fa7c272da2e1d7,576,,606.0,5.0,5,"['web', 'email']",20,10.0,discount,0,1
45d635a8e75f4bc89c7d81fbb676dc97,0b1e1539f2cc45b7b9fa7c272da2e1d7,336,,402.0,5.0,5,"['web', 'email']",20,10.0,discount,0,1
45d635a8e75f4bc89c7d81fbb676dc97,2906b810c7d4411798c6938adc9daaa5,504,,540.0,2.0,2,"['web', 'email', 'mobile']",10,7.0,discount,0,1
461e13a14a074077b3ebd7ad0174e02b,0b1e1539f2cc45b7b9fa7c272da2e1d7,168,,366.0,5.0,5,"['web', 'email']",20,10.0,discount,0,1
4622ef62f1294411a6e2550b4a509df7,9b98b8c7a33c4b65b9aebfe6a799e6d9,408,,558.0,5.0,5,"['web', 'email', 'mobile']",5,7.0,bogo,0,1
4625e6efd16e4dc5948837def0090cdb,2906b810c7d4411798c6938adc9daaa5,0,,66.0,2.0,2,"['web', 'email', 'mobile']",10,7.0,discount,0,1
4625e6efd16e4dc5948837def0090cdb,0b1e1539f2cc45b7b9fa7c272da2e1d7,336,,438.0,5.0,5,"['web', 'email']",20,10.0,discount,0,1
4634f9d3a56942638f7296b5789e5522,9b98b8c7a33c4b65b9aebfe6a799e6d9,0,,192.0,5.0,5,"['web', 'email', 'mobile']",5,7.0,bogo,0,1
4634f9d3a56942638f7296b5789e5522,2906b810c7d4411798c6938adc9daaa5,408,,432.0,2.0,2,"['web', 'email', 'mobile']",10,7.0,discount,0,1
463c1a5a56ab49249ebc2963f82e6271,2906b810c7d4411798c6938adc9daaa5,168,,270.0,2.0,2,"['web', 'email', 'mobile']",10,7.0,discount,0,1
463c1a5a56ab49249ebc2963f82e6271,0b1e1539f2cc45b7b9fa7c272da2e1d7,336,,360.0,5.0,5,"['web', 'email']",20,10.0,discount,0,1
463c1a5a56ab49249ebc2963f82e6271,fafdcd668e3743c1bb461111dcafc2a4,504,,678.0,2.0,2,"['web', 'email', 'mobile', 'social']",10,10.0,discount,0,1
464dad60900a47e9bd225fd15f612313,2906b810c7d4411798c6938adc9daaa5,408,,570.0,2.0,2,"['web', 'email', 'mobile']",10,7.0,discount,0,1
465719629b714c2ebdd2b55505a1a3fc,2906b810c7d4411798c6938adc9daaa5,504,,576.0,2.0,2,"['web', 'email', 'mobile']",10,7.0,discount,0,1
46589de520eb4087a4715abf072ed490,2906b810c7d4411798c6938adc9daaa5,504,,624.0,2.0,2,"['web', 'email', 'mobile']",10,7.0,discount,0,1
467f071abbdd4c98862b90d00c0a630b,2906b810c7d4411798c6938adc9daaa5,0,,666.0,2.0,2,"['web', 'email', 'mobile']",10,7.0,discount,0,1
46812f3fc07549908327d169eede2c50,2906b810c7d4411798c6938adc9daaa5,168,,294.0,2.0,2,"['web', 'email', 'mobile']",10,7.0,discount,0,1
46889a6766494b97aafbf9d75505e45a,0b1e1539f2cc45b7b9fa7c272da2e1d7,408,,630.0,5.0,5,"['web', 'email']",20,10.0,discount,0,1
469531c522214f68af000a09a8056fe9,2906b810c7d4411798c6938adc9daaa5,336,,462.0,2.0,2,"['web', 'email', 'mobile']",10,7.0,discount,0,1
469b32f79f5f4c9ca6f05ddabc6ba6e0,0b1e1539f2cc45b7b9fa7c272da2e1d7,504,,630.0,5.0,5,"['web', 'email']",20,10.0,discount,0,1
46aeb00f90d24417bf50714359cd0ea5,0b1e1539f2cc45b7b9fa7c272da2e1d7,0,,360.0,5.0,5,"['web', 'email']",20,10.0,discount,0,1
46b3c686bbbd4495940b4da488e10ed6,2906b810c7d4411798c6938adc9daaa5,504,,636.0,2.0,2,"['web', 'email', 'mobile']",10,7.0,discount,0,1
46bb9d595d9a475cbdd435e2bb253944,0b1e1539f2cc45b7b9fa7c272da2e1d7,336,,432.0,5.0,5,"['web', 'email']",20,10.0,discount,0,1
46bb9d595d9a475cbdd435e2bb253944,fafdcd668e3743c1bb461111dcafc2a4,504,,528.0,2.0,2,"['web', 'email', 'mobile', 'social']",10,10.0,discount,0,1
46bd6133c6424c98900cd78801428d37,2906b810c7d4411798c6938adc9daaa5,408,,426.0,2.0,2,"['web', 'email', 'mobile']",10,7.0,discount,0,1
46bf4e6285494863808969a127d66138,9b98b8c7a33c4b65b9aebfe6a799e6d9,168,,276.0,5.0,5,"['web', 'email', 'mobile']",5,7.0,bogo,0,1
46eb2598375a4042bf31580470ea36f9,ae264e3637204a6fb9bb56bc8210ddfd,408,,456.0,10.0,10,"['email', 'mobile', 'social']",10,7.0,bogo,0,1
46f6c92a6ae84f21bd70bad9bc4d7101,0b1e1539f2cc45b7b9fa7c272da2e1d7,336,,474.0,5.0,5,"['web', 'email']",20,10.0,discount,0,1
471938c318674a30afea015be6396cbd,2298d6c36e964ae4a3e7e9706d1fb8c2,0,,54.0,3.0,3,"['web', 'email', 'mobile', 'social']",7,7.0,discount,0,1
471938c318674a30afea015be6396cbd,2906b810c7d4411798c6938adc9daaa5,576,,588.0,2.0,2,"['web', 'email', 'mobile']",10,7.0,discount,0,1
471b265931d34361aee6f5b7a62f9a94,2906b810c7d4411798c6938adc9daaa5,576,,600.0,2.0,2,"['web', 'email', 'mobile']",10,7.0,discount,0,1
47334841cdb24a5785678093a453356b,2906b810c7d4411798c6938adc9daaa5,336,,474.0,2.0,2,"['web', 'email', 'mobile']",10,7.0,discount,0,1
4744cfa970244d629b0a279fd2a468b2,0b1e1539f2cc45b7b9fa7c272da2e1d7,0,,24.0,5.0,5,"['web', 'email']",20,10.0,discount,0,1
47483cc87abf474c925f31bc8589d9eb,0b1e1539f2cc45b7b9fa7c272da2e1d7,408,,414.0,5.0,5,"['web', 'email']",20,10.0,discount,0,1
475733bc4d89458691ca25a4348e6934,9b98b8c7a33c4b65b9aebfe6a799e6d9,408,,516.0,5.0,5,"['web', 'email', 'mobile']",5,7.0,bogo,0,1
47621e81a9bc41459044c0ed409dfa9e,9b98b8c7a33c4b65b9aebfe6a799e6d9,576,,618.0,5.0,5,"['web', 'email', 'mobile']",5,7.0,bogo,0,1
476bce5ff4194f9cafa2bb4aad0d9ad1,0b1e1539f2cc45b7b9fa7c272da2e1d7,336,,396.0,5.0,5,"['web', 'email']",20,10.0,discount,0,1
478ffc2902e948118e3bffbf524be33d,2906b810c7d4411798c6938adc9daaa5,504,,564.0,2.0,2,"['web', 'email', 'mobile']",10,7.0,discount,0,1
47abadbd4d4c42e2b38f71808f9c6cf3,0b1e1539f2cc45b7b9fa7c272da2e1d7,168,,348.0,5.0,5,"['web', 'email']",20,10.0,discount,0,1
47ce5043eeb2422b99445aae29a50e24,0b1e1539f2cc45b7b9fa7c272da2e1d7,168,,186.0,5.0,5,"['web', 'email']",20,10.0,discount,0,1
47e9f9fcd7a248aca993ab995f072552,0b1e1539f2cc45b7b9fa7c272da2e1d7,408,,630.0,5.0,5,"['web', 'email']",20,10.0,discount,0,1
481c613b661e45588e6a16dacb2dc8a4,ae264e3637204a6fb9bb56bc8210ddfd,168,,210.0,10.0,10,"['email', 'mobile', 'social']",10,7.0,bogo,0,1
481c613b661e45588e6a16dacb2dc8a4,0b1e1539f2cc45b7b9fa7c272da2e1d7,408,,432.0,5.0,5,"['web', 'email']",20,10.0,discount,0,1
48343aa8784f40e8a0582038379f1da8,9b98b8c7a33c4b65b9aebfe6a799e6d9,408,,408.0,5.0,5,"['web', 'email', 'mobile']",5,7.0,bogo,0,1
483e71a167bf492d9d8d3380ac737205,2906b810c7d4411798c6938adc9daaa5,504,,624.0,2.0,2,"['web', 'email', 'mobile']",10,7.0,discount,0,1
48417b7360864a43b62877fc15d17af8,2906b810c7d4411798c6938adc9daaa5,0,,126.0,2.0,2,"['web', 'email', 'mobile']",10,7.0,discount,0,1
48417b7360864a43b62877fc15d17af8,0b1e1539f2cc45b7b9fa7c272da2e1d7,168,,342.0,5.0,5,"['web', 'email']",20,10.0,discount,0,1
4849391c6fd14d47adc33353fbde6d82,0b1e1539f2cc45b7b9fa7c272da2e1d7,0,,6.0,5.0,5,"['web', 'email']",20,10.0,discount,0,1
48609f44985a47159c17a4d7c82f5a39,0b1e1539f2cc45b7b9fa7c272da2e1d7,408,,474.0,5.0,5,"['web', 'email']",20,10.0,discount,0,1
4866a2c8fedd46b98dc2c695f8cc5840,0b1e1539f2cc45b7b9fa7c272da2e1d7,336,,420.0,5.0,5,"['web', 'email']",20,10.0,discount,0,1
4869681400d94bfabe9d3923cc251b26,2906b810c7d4411798c6938adc9daaa5,408,,498.0,2.0,2,"['web', 'email', 'mobile']",10,7.0,discount,0,1
488066aa0ba04029a5867546d19b97d1,0b1e1539f2cc45b7b9fa7c272da2e1d7,408,,432.0,5.0,5,"['web', 'email']",20,10.0,discount,0,1
4883c82a80f54b5d897b1066076d8440,2298d6c36e964ae4a3e7e9706d1fb8c2,504,,666.0,3.0,3,"['web', 'email', 'mobile', 'social']",7,7.0,discount,0,1
48931b15ed76473f84216f5d2f3980b1,2906b810c7d4411798c6938adc9daaa5,0,,12.0,2.0,2,"['web', 'email', 'mobile']",10,7.0,discount,0,1
48931b15ed76473f84216f5d2f3980b1,0b1e1539f2cc45b7b9fa7c272da2e1d7,408,,624.0,5.0,5,"['web', 'email']",20,10.0,discount,0,1
48a05a4f4ac5402fa3d1ec33ae052db4,0b1e1539f2cc45b7b9fa7c272da2e1d7,336,,462.0,5.0,5,"['web', 'email']",20,10.0,discount,0,1
48c1ee6a10d74a20a411ba8fa7c08f03,0b1e1539f2cc45b7b9fa7c272da2e1d7,0,,240.0,5.0,5,"['web', 'email']",20,10.0,discount,0,1
48d781b45b1f454b9d19f5144864eebc,9b98b8c7a33c4b65b9aebfe6a799e6d9,336,,486.0,5.0,5,"['web', 'email', 'mobile']",5,7.0,bogo,0,1
48e8eebb89814e9495460ebe04734cf8,ae264e3637204a6fb9bb56bc8210ddfd,504,,540.0,10.0,10,"['email', 'mobile', 'social']",10,7.0,bogo,0,1
48f095b4534c4a0d8bf7e739e0242609,9b98b8c7a33c4b65b9aebfe6a799e6d9,336,,336.0,5.0,5,"['web', 'email', 'mobile']",5,7.0,bogo,0,1
4911462378c34cefa51ddbc0cf9f22c6,fafdcd668e3743c1bb461111dcafc2a4,408,,612.0,2.0,2,"['web', 'email', 'mobile', 'social']",10,10.0,discount,0,1
491eb273ba74499ea1257775a317f2e3,9b98b8c7a33c4b65b9aebfe6a799e6d9,408,,432.0,5.0,5,"['web', 'email', 'mobile']",5,7.0,bogo,0,1
492a8df7d5e44c019fbb85992ac58862,0b1e1539f2cc45b7b9fa7c272da2e1d7,336,,366.0,5.0,5,"['web', 'email']",20,10.0,discount,0,1
492e3e3adea34fdf907cabaa222cf27c,9b98b8c7a33c4b65b9aebfe6a799e6d9,504,,534.0,5.0,5,"['web', 'email', 'mobile']",5,7.0,bogo,0,1
494fdf36c8c0414ab6b2cb49c057b5a5,9b98b8c7a33c4b65b9aebfe6a799e6d9,408,,540.0,5.0,5,"['web', 'email', 'mobile']",5,7.0,bogo,0,1
4957ce23e5594b26a7b374b20271ed47,2298d6c36e964ae4a3e7e9706d1fb8c2,408,,528.0,3.0,3,"['web', 'email', 'mobile', 'social']",7,7.0,discount,0,1
4958530655ba44628943a75680c4c376,f19421c1d4aa40978ebb69ca19b0e20d,336,,396.0,5.0,5,"['web', 'email', 'mobile', 'social']",5,5.0,bogo,0,1
496ac7798e9d49e68468823dad0f43df,9b98b8c7a33c4b65b9aebfe6a799e6d9,576,,696.0,5.0,5,"['web', 'email', 'mobile']",5,7.0,bogo,0,1
49c5988bb0ea488c9897b6d1a88a7cd7,2906b810c7d4411798c6938adc9daaa5,504,,588.0,2.0,2,"['web', 'email', 'mobile']",10,7.0,discount,0,1
49d41439112e48d18d5119a99af8c3d7,2906b810c7d4411798c6938adc9daaa5,168,,240.0,2.0,2,"['web', 'email', 'mobile']",10,7.0,discount,0,1
49d9271badce4a45bbecb5cf7ab07994,2906b810c7d4411798c6938adc9daaa5,336,,420.0,2.0,2,"['web', 'email', 'mobile']",10,7.0,discount,0,1
49d9271badce4a45bbecb5cf7ab07994,9b98b8c7a33c4b65b9aebfe6a799e6d9,408,,552.0,5.0,5,"['web', 'email', 'mobile']",5,7.0,bogo,0,1
49fc32bb19f24c608a04b573d183bf0d,9b98b8c7a33c4b65b9aebfe6a799e6d9,408,,408.0,5.0,5,"['web', 'email', 'mobile']",5,7.0,bogo,0,1
4a07eb5a13f44caaa15c867b65df2be7,9b98b8c7a33c4b65b9aebfe6a799e6d9,336,,366.0,5.0,5,"['web', 'email', 'mobile']",5,7.0,bogo,0,1
4a0d86f143f147cdbdd84ae1123151b1,ae264e3637204a6fb9bb56bc8210ddfd,0,,12.0,10.0,10,"['email', 'mobile', 'social']",10,7.0,bogo,0,1
4a28b6d05e6145aaa004088131840b0c,2906b810c7d4411798c6938adc9daaa5,504,,588.0,2.0,2,"['web', 'email', 'mobile']",10,7.0,discount,0,1
4a340d20e0054ce38458860c6c5e5197,2298d6c36e964ae4a3e7e9706d1fb8c2,336,,480.0,3.0,3,"['web', 'email', 'mobile', 'social']",7,7.0,discount,0,1
4a5047d74835436898f1eab6e0fc8d2a,2298d6c36e964ae4a3e7e9706d1fb8c2,336,,396.0,3.0,3,"['web', 'email', 'mobile', 'social']",7,7.0,discount,0,1
4a5960fb3b054de39299788f537162d9,fafdcd668e3743c1bb461111dcafc2a4,336,,462.0,2.0,2,"['web', 'email', 'mobile', 'social']",10,10.0,discount,0,1
4a6b6b268e7b4c6ebf96bc92cd67cf0f,9b98b8c7a33c4b65b9aebfe6a799e6d9,168,,210.0,5.0,5,"['web', 'email', 'mobile']",5,7.0,bogo,0,1
4a737483c1f947d0b06e5b898448b3e8,2906b810c7d4411798c6938adc9daaa5,168,,324.0,2.0,2,"['web', 'email', 'mobile']",10,7.0,discount,0,1
4a737483c1f947d0b06e5b898448b3e8,0b1e1539f2cc45b7b9fa7c272da2e1d7,576,,588.0,5.0,5,"['web', 'email']",20,10.0,discount,0,1
4a8ee6675cbf4929833a61b6f0e5c539,0b1e1539f2cc45b7b9fa7c272da2e1d7,0,,210.0,5.0,5,"['web', 'email']",20,10.0,discount,0,1
4a9f3922ddae423493e28b8b38c90444,2906b810c7d4411798c6938adc9daaa5,336,,408.0,2.0,2,"['web', 'email', 'mobile']",10,7.0,discount,0,1
4ac501588722457a8bc357dc2a500aae,2906b810c7d4411798c6938adc9daaa5,168,,534.0,2.0,2,"['web', 'email', 'mobile']",10,7.0,discount,0,1
4ac814a6d8dd461690c0bfeba4ab698e,2906b810c7d4411798c6938adc9daaa5,408,,564.0,2.0,2,"['web', 'email', 'mobile']",10,7.0,discount,0,1
4acef5f30b3c468facf21c59294d4285,ae264e3637204a6fb9bb56bc8210ddfd,576,,576.0,10.0,10,"['email', 'mobile', 'social']",10,7.0,bogo,0,1
4ad3748475204cf99571183f05b5e2f7,9b98b8c7a33c4b65b9aebfe6a799e6d9,408,,450.0,5.0,5,"['web', 'email', 'mobile']",5,7.0,bogo,0,1
4af072ea19dd4d87be88f04be942a4d5,0b1e1539f2cc45b7b9fa7c272da2e1d7,504,,648.0,5.0,5,"['web', 'email']",20,10.0,discount,0,1
4af9cd0e7a6746908f0ef09628ff3f84,2298d6c36e964ae4a3e7e9706d1fb8c2,408,,414.0,3.0,3,"['web', 'email', 'mobile', 'social']",7,7.0,discount,0,1
4b02006a03994e368ec5e3ac0bcccfe1,9b98b8c7a33c4b65b9aebfe6a799e6d9,576,,582.0,5.0,5,"['web', 'email', 'mobile']",5,7.0,bogo,0,1
4b0a951e183f4f1192f6549e28be0f36,2906b810c7d4411798c6938adc9daaa5,0,,84.0,2.0,2,"['web', 'email', 'mobile']",10,7.0,discount,0,1
4b0ecb39760341969f642b815093f018,9b98b8c7a33c4b65b9aebfe6a799e6d9,408,,492.0,5.0,5,"['web', 'email', 'mobile']",5,7.0,bogo,0,1
4b169bec1aba4aed81b70657da3d8e61,2906b810c7d4411798c6938adc9daaa5,168,,264.0,2.0,2,"['web', 'email', 'mobile']",10,7.0,discount,0,1
4b34026864b64d00ad0a5fa9d7dcdec2,2906b810c7d4411798c6938adc9daaa5,336,,498.0,2.0,2,"['web', 'email', 'mobile']",10,7.0,discount,0,1
4b56c0a9cb964885b665c0881e0fc45b,0b1e1539f2cc45b7b9fa7c272da2e1d7,336,,450.0,5.0,5,"['web', 'email']",20,10.0,discount,0,1
4b5fb27e891149cba6e54cccc18f4526,2906b810c7d4411798c6938adc9daaa5,408,,546.0,2.0,2,"['web', 'email', 'mobile']",10,7.0,discount,0,1
4b87d49921244410b007ad6af8c90096,0b1e1539f2cc45b7b9fa7c272da2e1d7,576,,600.0,5.0,5,"['web', 'email']",20,10.0,discount,0,1
4b9ff777788d4a36965b02257758b7f8,0b1e1539f2cc45b7b9fa7c272da2e1d7,576,,672.0,5.0,5,"['web', 'email']",20,10.0,discount,0,1
4ba9515c05534f1b8852c0e5cd7c0ef9,9b98b8c7a33c4b65b9aebfe6a799e6d9,504,,534.0,5.0,5,"['web', 'email', 'mobile']",5,7.0,bogo,0,1
4be1127413db496d8103c783ae72058b,9b98b8c7a33c4b65b9aebfe6a799e6d9,336,,480.0,5.0,5,"['web', 'email', 'mobile']",5,7.0,bogo,0,1
4be19dff9783459eaeaa990e7f569897,0b1e1539f2cc45b7b9fa7c272da2e1d7,336,,366.0,5.0,5,"['web', 'email']",20,10.0,discount,0,1
4be19dff9783459eaeaa990e7f569897,ae264e3637204a6fb9bb56bc8210ddfd,504,,522.0,10.0,10,"['email', 'mobile', 'social']",10,7.0,bogo,0,1
4bed8f61e4124992bbdcb03778839986,ae264e3637204a6fb9bb56bc8210ddfd,336,,402.0,10.0,10,"['email', 'mobile', 'social']",10,7.0,bogo,0,1
4beeb3ed64dd4898b0edf2f6b67426d3,2906b810c7d4411798c6938adc9daaa5,0,,120.0,2.0,2,"['web', 'email', 'mobile']",10,7.0,discount,0,1
4bf0b33a8dbf4db2bf9f4a82a3ba6b6c,0b1e1539f2cc45b7b9fa7c272da2e1d7,336,,456.0,5.0,5,"['web', 'email']",20,10.0,discount,0,1
4bf0b33a8dbf4db2bf9f4a82a3ba6b6c,9b98b8c7a33c4b65b9aebfe6a799e6d9,408,,432.0,5.0,5,"['web', 'email', 'mobile']",5,7.0,bogo,0,1
4c0f0e94e78c46baa2d06445a5af0546,2906b810c7d4411798c6938adc9daaa5,408,,462.0,2.0,2,"['web', 'email', 'mobile']",10,7.0,discount,0,1
4c145c0fd7cd47b2bb246e3ef9ee7f64,ae264e3637204a6fb9bb56bc8210ddfd,408,,414.0,10.0,10,"['email', 'mobile', 'social']",10,7.0,bogo,0,1
4c2a9b684dde4658b71073d1432fac91,9b98b8c7a33c4b65b9aebfe6a799e6d9,408,,426.0,5.0,5,"['web', 'email', 'mobile']",5,7.0,bogo,0,1
4c4367386def4953b29bf9248de2d950,0b1e1539f2cc45b7b9fa7c272da2e1d7,504,,624.0,5.0,5,"['web', 'email']",20,10.0,discount,0,1
4c6523b95f094c258015c96a35e231b0,ae264e3637204a6fb9bb56bc8210ddfd,504,,504.0,10.0,10,"['email', 'mobile', 'social']",10,7.0,bogo,0,1
4c93b5932a95434d95305b8d2717bc87,ae264e3637204a6fb9bb56bc8210ddfd,504,,654.0,10.0,10,"['email', 'mobile', 'social']",10,7.0,bogo,0,1
4c96ca31cb434fb2a0aaecc2c1961cb0,2906b810c7d4411798c6938adc9daaa5,408,,420.0,2.0,2,"['web', 'email', 'mobile']",10,7.0,discount,0,1
4ca0653cb7bc425b9689f79226a59be7,9b98b8c7a33c4b65b9aebfe6a799e6d9,408,,480.0,5.0,5,"['web', 'email', 'mobile']",5,7.0,bogo,0,1
4cbe33c601a5407f8202086565c55111,0b1e1539f2cc45b7b9fa7c272da2e1d7,336,,558.0,5.0,5,"['web', 'email']",20,10.0,discount,0,1
4cbe49f99f584c309d0402bc9d507478,0b1e1539f2cc45b7b9fa7c272da2e1d7,336,,558.0,5.0,5,"['web', 'email']",20,10.0,discount,0,1
4cc3ffb5a6d24497a714c9bdebb580a0,0b1e1539f2cc45b7b9fa7c272da2e1d7,576,,582.0,5.0,5,"['web', 'email']",20,10.0,discount,0,1
4ceaf68ebb40427c942bf6cc390e999e,0b1e1539f2cc45b7b9fa7c272da2e1d7,504,,606.0,5.0,5,"['web', 'email']",20,10.0,discount,0,1
4ced743325e347cd888c4244620043bc,0b1e1539f2cc45b7b9fa7c272da2e1d7,0,,546.0,5.0,5,"['web', 'email']",20,10.0,discount,0,1
4ced743325e347cd888c4244620043bc,ae264e3637204a6fb9bb56bc8210ddfd,408,,426.0,10.0,10,"['email', 'mobile', 'social']",10,7.0,bogo,0,1
4cf8d3d4d5fb42889826b3de0cd74f7c,9b98b8c7a33c4b65b9aebfe6a799e6d9,0,,114.0,5.0,5,"['web', 'email', 'mobile']",5,7.0,bogo,0,1
4d09daca61dc49b49e9e97b03ee3fe27,9b98b8c7a33c4b65b9aebfe6a799e6d9,168,,234.0,5.0,5,"['web', 'email', 'mobile']",5,7.0,bogo,0,1
4d09daca61dc49b49e9e97b03ee3fe27,2906b810c7d4411798c6938adc9daaa5,336,,462.0,2.0,2,"['web', 'email', 'mobile']",10,7.0,discount,0,1
4d116a23b9af4885834a3e717a5fa397,2906b810c7d4411798c6938adc9daaa5,408,,468.0,2.0,2,"['web', 'email', 'mobile']",10,7.0,discount,0,1
4d116a23b9af4885834a3e717a5fa397,0b1e1539f2cc45b7b9fa7c272da2e1d7,504,,612.0,5.0,5,"['web', 'email']",20,10.0,discount,0,1
4d15a2a5ac134c58971b910b859bec24,2906b810c7d4411798c6938adc9daaa5,576,,642.0,2.0,2,"['web', 'email', 'mobile']",10,7.0,discount,0,1
4d2ccfcbbebf4bd9baf4b7e433d0e288,2906b810c7d4411798c6938adc9daaa5,336,,480.0,2.0,2,"['web', 'email', 'mobile']",10,7.0,discount,0,1
4d4b39a2d9cc49179bec569879c8d319,9b98b8c7a33c4b65b9aebfe6a799e6d9,504,,630.0,5.0,5,"['web', 'email', 'mobile']",5,7.0,bogo,0,1
4d70dd97b0004d47ad520d33da69b6da,0b1e1539f2cc45b7b9fa7c272da2e1d7,168,,294.0,5.0,5,"['web', 'email']",20,10.0,discount,0,1
4d72f75250a141dabf04ec46ad021322,0b1e1539f2cc45b7b9fa7c272da2e1d7,504,,696.0,5.0,5,"['web', 'email']",20,10.0,discount,0,1
4d72f75250a141dabf04ec46ad021322,9b98b8c7a33c4b65b9aebfe6a799e6d9,576,,690.0,5.0,5,"['web', 'email', 'mobile']",5,7.0,bogo,0,1
4d8589d290e440c3b314b59b4443e5e8,9b98b8c7a33c4b65b9aebfe6a799e6d9,504,,636.0,5.0,5,"['web', 'email', 'mobile']",5,7.0,bogo,0,1
4db0d031f3f44fb78be43bd2ffcccdad,2906b810c7d4411798c6938adc9daaa5,168,,432.0,2.0,2,"['web', 'email', 'mobile']",10,7.0,discount,0,1
4db0d031f3f44fb78be43bd2ffcccdad,f19421c1d4aa40978ebb69ca19b0e20d,504,,546.0,5.0,5,"['web', 'email', 'mobile', 'social']",5,5.0,bogo,0,1
4db19c668503480794c5f97c1a50ae69,9b98b8c7a33c4b65b9aebfe6a799e6d9,168,,210.0,5.0,5,"['web', 'email', 'mobile']",5,7.0,bogo,0,1
4db19c668503480794c5f97c1a50ae69,0b1e1539f2cc45b7b9fa7c272da2e1d7,408,,456.0,5.0,5,"['web', 'email']",20,10.0,discount,0,1
4de618ca398b4a89aefef5ffaed7443f,9b98b8c7a33c4b65b9aebfe6a799e6d9,168,,186.0,5.0,5,"['web', 'email', 'mobile']",5,7.0,bogo,0,1
4de995d854f94b3492f743cc1e98ec29,0b1e1539f2cc45b7b9fa7c272da2e1d7,0,,210.0,5.0,5,"['web', 'email']",20,10.0,discount,0,1
4de995d854f94b3492f743cc1e98ec29,2298d6c36e964ae4a3e7e9706d1fb8c2,336,,342.0,3.0,3,"['web', 'email', 'mobile', 'social']",7,7.0,discount,0,1
4dfdf796b60e475fbfd690d1bc1e938f,0b1e1539f2cc45b7b9fa7c272da2e1d7,504,,528.0,5.0,5,"['web', 'email']",20,10.0,discount,0,1
4e0c572ecc674f99bb14bfe96f5aa65d,9b98b8c7a33c4b65b9aebfe6a799e6d9,168,,264.0,5.0,5,"['web', 'email', 'mobile']",5,7.0,bogo,0,1
4e0c572ecc674f99bb14bfe96f5aa65d,ae264e3637204a6fb9bb56bc8210ddfd,336,,366.0,10.0,10,"['email', 'mobile', 'social']",10,7.0,bogo,0,1
4e1113bcc74c466abd0fba7036560c08,0b1e1539f2cc45b7b9fa7c272da2e1d7,504,,696.0,5.0,5,"['web', 'email']",20,10.0,discount,0,1
4e3e0c39910f4af693e539455b4ca22f,0b1e1539f2cc45b7b9fa7c272da2e1d7,504,,630.0,5.0,5,"['web', 'email']",20,10.0,discount,0,1
4e3fa85725f141f6b4bf3bae3a485986,9b98b8c7a33c4b65b9aebfe6a799e6d9,336,,468.0,5.0,5,"['web', 'email', 'mobile']",5,7.0,bogo,0,1
4e44a658d07f417dbba5ce73b6496194,9b98b8c7a33c4b65b9aebfe6a799e6d9,576,,642.0,5.0,5,"['web', 'email', 'mobile']",5,7.0,bogo,0,1
4e46337117a043c181b644414d2aa5f7,2906b810c7d4411798c6938adc9daaa5,168,,198.0,2.0,2,"['web', 'email', 'mobile']",10,7.0,discount,0,1
4e5a3992df3949ec8e5b2577496c2570,0b1e1539f2cc45b7b9fa7c272da2e1d7,0,,162.0,5.0,5,"['web', 'email']",20,10.0,discount,0,1
4e5a3992df3949ec8e5b2577496c2570,2906b810c7d4411798c6938adc9daaa5,168,,186.0,2.0,2,"['web', 'email', 'mobile']",10,7.0,discount,0,1
4e6458c5eade4beb9b1f7d16dd8decae,0b1e1539f2cc45b7b9fa7c272da2e1d7,168,,282.0,5.0,5,"['web', 'email']",20,10.0,discount,0,1
4e921e366a964cd7a6ff3ea0513aa8e3,ae264e3637204a6fb9bb56bc8210ddfd,336,,432.0,10.0,10,"['email', 'mobile', 'social']",10,7.0,bogo,0,1
4ea1e3ac9e044be8bd7057014bcf87f0,0b1e1539f2cc45b7b9fa7c272da2e1d7,336,,516.0,5.0,5,"['web', 'email']",20,10.0,discount,0,1
4ee75462df554af99b7ea4d5edb7f369,9b98b8c7a33c4b65b9aebfe6a799e6d9,504,,516.0,5.0,5,"['web', 'email', 'mobile']",5,7.0,bogo,0,1
4ef68b2af4dd4e088bacf5b790bffd6f,2906b810c7d4411798c6938adc9daaa5,336,,492.0,2.0,2,"['web', 'email', 'mobile']",10,7.0,discount,0,1
4f033f31c7374f69806e8bf90a5161e5,0b1e1539f2cc45b7b9fa7c272da2e1d7,168,,288.0,5.0,5,"['web', 'email']",20,10.0,discount,0,1
4f033f31c7374f69806e8bf90a5161e5,9b98b8c7a33c4b65b9aebfe6a799e6d9,576,,654.0,5.0,5,"['web', 'email', 'mobile']",5,7.0,bogo,0,1
4f0dcdd442f845248a28fe45f85ec9a6,2906b810c7d4411798c6938adc9daaa5,408,,444.0,2.0,2,"['web', 'email', 'mobile']",10,7.0,discount,0,1
4f17683973c440d6a4775e796ed14dd3,fafdcd668e3743c1bb461111dcafc2a4,336,,444.0,2.0,2,"['web', 'email', 'mobile', 'social']",10,10.0,discount,0,1
4f377a507bfd448f9d0bc5b27d621014,9b98b8c7a33c4b65b9aebfe6a799e6d9,168,,192.0,5.0,5,"['web', 'email', 'mobile']",5,7.0,bogo,0,1
4f3a81d69e5a4c6eb15f4a2fe2e628b1,0b1e1539f2cc45b7b9fa7c272da2e1d7,336,,438.0,5.0,5,"['web', 'email']",20,10.0,discount,0,1
4f45721bf9ff4529b59b3308b9cef902,9b98b8c7a33c4b65b9aebfe6a799e6d9,504,,588.0,5.0,5,"['web', 'email', 'mobile']",5,7.0,bogo,0,1
4f4777c7c22648f58098e89a34426e07,0b1e1539f2cc45b7b9fa7c272da2e1d7,168,,468.0,5.0,5,"['web', 'email']",20,10.0,discount,0,1
4f499c198dc2449fb30e7cb82af2ea42,0b1e1539f2cc45b7b9fa7c272da2e1d7,336,,456.0,5.0,5,"['web', 'email']",20,10.0,discount,0,1
4f5ed6eff38644a58be2e1083cd967d7,9b98b8c7a33c4b65b9aebfe6a799e6d9,504,,576.0,5.0,5,"['web', 'email', 'mobile']",5,7.0,bogo,0,1
4f6aa13b967c4bd9821588923c49bee3,0b1e1539f2cc45b7b9fa7c272da2e1d7,336,,522.0,5.0,5,"['web', 'email']",20,10.0,discount,0,1
4f822bd53d0d4af2b511355890d33c07,ae264e3637204a6fb9bb56bc8210ddfd,408,,420.0,10.0,10,"['email', 'mobile', 'social']",10,7.0,bogo,0,1
4fb0ad91097a4e6984f2ba6891274520,0b1e1539f2cc45b7b9fa7c272da2e1d7,408,,642.0,5.0,5,"['web', 'email']",20,10.0,discount,0,1
4fb0ad91097a4e6984f2ba6891274520,9b98b8c7a33c4b65b9aebfe6a799e6d9,576,,642.0,5.0,5,"['web', 'email', 'mobile']",5,7.0,bogo,0,1
4fb65757dc0c48e19008422711af52ba,0b1e1539f2cc45b7b9fa7c272da2e1d7,408,,678.0,5.0,5,"['web', 'email']",20,10.0,discount,0,1
4fd8b68d55fb4469a3cfb235b078063c,0b1e1539f2cc45b7b9fa7c272da2e1d7,408,,558.0,5.0,5,"['web', 'email']",20,10.0,discount,0,1
4fd8b68d55fb4469a3cfb235b078063c,9b98b8c7a33c4b65b9aebfe6a799e6d9,576,,630.0,5.0,5,"['web', 'email', 'mobile']",5,7.0,bogo,0,1
4fda0bf111d142f596acc1b73bd0dc8d,9b98b8c7a33c4b65b9aebfe6a799e6d9,408,,408.0,5.0,5,"['web', 'email', 'mobile']",5,7.0,bogo,0,1
4fda52477b9c4371b1383c21047e46ab,9b98b8c7a33c4b65b9aebfe6a799e6d9,408,,408.0,5.0,5,"['web', 'email', 'mobile']",5,7.0,bogo,0,1
4fe634565ad74b97b8b1412ca69914d6,2906b810c7d4411798c6938adc9daaa5,336,,348.0,2.0,2,"['web', 'email', 'mobile']",10,7.0,discount,0,1
4fe634565ad74b97b8b1412ca69914d6,0b1e1539f2cc45b7b9fa7c272da2e1d7,408,,528.0,5.0,5,"['web', 'email']",20,10.0,discount,0,1
4ffeee15f92b482aa4db8427136874b8,9b98b8c7a33c4b65b9aebfe6a799e6d9,168,,336.0,5.0,5,"['web', 'email', 'mobile']",5,7.0,bogo,0,1
4ffeee15f92b482aa4db8427136874b8,0b1e1539f2cc45b7b9fa7c272da2e1d7,336,,534.0,5.0,5,"['web', 'email']",20,10.0,discount,0,1
5020a1a69f4c48749526643389e7e8c3,ae264e3637204a6fb9bb56bc8210ddfd,336,,432.0,10.0,10,"['email', 'mobile', 'social']",10,7.0,bogo,0,1
502fe9a3e84b43c5a1d2109012dc2eed,2906b810c7d4411798c6938adc9daaa5,336,,426.0,2.0,2,"['web', 'email', 'mobile']",10,7.0,discount,0,1
503a8a0dc54e434da1b2f1e2d0035e67,2906b810c7d4411798c6938adc9daaa5,504,,510.0,2.0,2,"['web', 'email', 'mobile']",10,7.0,discount,0,1
503caff4d83a40309d1a7877e4a8dda6,0b1e1539f2cc45b7b9fa7c272da2e1d7,168,,408.0,5.0,5,"['web', 'email']",20,10.0,discount,0,1
508e507b462a4f6cb3dd48bcd3118521,0b1e1539f2cc45b7b9fa7c272da2e1d7,336,,612.0,5.0,5,"['web', 'email']",20,10.0,discount,0,1
50957b9a771f4e5d9df530c13a1184f1,9b98b8c7a33c4b65b9aebfe6a799e6d9,336,,354.0,5.0,5,"['web', 'email', 'mobile']",5,7.0,bogo,0,1
50af1c2d62584c06ad8058ea5701fd05,2906b810c7d4411798c6938adc9daaa5,0,,168.0,2.0,2,"['web', 'email', 'mobile']",10,7.0,discount,0,1
50b1183f583b4b848182c50e4e812caa,ae264e3637204a6fb9bb56bc8210ddfd,336,,360.0,10.0,10,"['email', 'mobile', 'social']",10,7.0,bogo,0,1
50bdc1d7a6a1486b85bf1a2312ef70dc,0b1e1539f2cc45b7b9fa7c272da2e1d7,336,,546.0,5.0,5,"['web', 'email']",20,10.0,discount,0,1
50d8a688a88b41b195c73d0d1a85633f,fafdcd668e3743c1bb461111dcafc2a4,336,,366.0,2.0,2,"['web', 'email', 'mobile', 'social']",10,10.0,discount,0,1
50e16a4b452048809ff8d2703d01b5d4,0b1e1539f2cc45b7b9fa7c272da2e1d7,408,,408.0,5.0,5,"['web', 'email']",20,10.0,discount,0,1
50e5377100774af28329fc40966a98c0,2906b810c7d4411798c6938adc9daaa5,504,,666.0,2.0,2,"['web', 'email', 'mobile']",10,7.0,discount,0,1
50e9743f9ba744c8b12ee3b68dffa27d,9b98b8c7a33c4b65b9aebfe6a799e6d9,576,,576.0,5.0,5,"['web', 'email', 'mobile']",5,7.0,bogo,0,1
50fba1b9344343fda7a24d9ff40a7dc5,0b1e1539f2cc45b7b9fa7c272da2e1d7,168,,396.0,5.0,5,"['web', 'email']",20,10.0,discount,0,1
5113f5c8e57b4a0d9b42d4919562abd0,9b98b8c7a33c4b65b9aebfe6a799e6d9,336,,378.0,5.0,5,"['web', 'email', 'mobile']",5,7.0,bogo,0,1
5115fdb314fe41619fda3e5d8060a8b5,2906b810c7d4411798c6938adc9daaa5,336,,378.0,2.0,2,"['web', 'email', 'mobile']",10,7.0,discount,0,1
5120299298b74644b086860f48787d6d,0b1e1539f2cc45b7b9fa7c272da2e1d7,408,,450.0,5.0,5,"['web', 'email']",20,10.0,discount,0,1
512d897db7674d48b10c717f2e195e20,9b98b8c7a33c4b65b9aebfe6a799e6d9,0,,96.0,5.0,5,"['web', 'email', 'mobile']",5,7.0,bogo,0,1
5167094eab4d4b59a225b0453ba8b633,2906b810c7d4411798c6938adc9daaa5,576,,636.0,2.0,2,"['web', 'email', 'mobile']",10,7.0,discount,0,1
51675276c5014149adb6afbab8396dbf,9b98b8c7a33c4b65b9aebfe6a799e6d9,504,,636.0,5.0,5,"['web', 'email', 'mobile']",5,7.0,bogo,0,1
516e91869c8546d8a885401e850ce66c,f19421c1d4aa40978ebb69ca19b0e20d,336,,342.0,5.0,5,"['web', 'email', 'mobile', 'social']",5,5.0,bogo,0,1
516e91869c8546d8a885401e850ce66c,ae264e3637204a6fb9bb56bc8210ddfd,504,,588.0,10.0,10,"['email', 'mobile', 'social']",10,7.0,bogo,0,1
519ae2c224ad4ff491e02352baa38804,9b98b8c7a33c4b65b9aebfe6a799e6d9,504,,516.0,5.0,5,"['web', 'email', 'mobile']",5,7.0,bogo,0,1
51a0f921d4824943be7f6accabed58df,9b98b8c7a33c4b65b9aebfe6a799e6d9,408,,420.0,5.0,5,"['web', 'email', 'mobile']",5,7.0,bogo,0,1
51eaf17e8ec64aae87e10d35baf4ad7d,2906b810c7d4411798c6938adc9daaa5,576,,648.0,2.0,2,"['web', 'email', 'mobile']",10,7.0,discount,0,1
522b72f9438c4075907733273f11f07e,0b1e1539f2cc45b7b9fa7c272da2e1d7,0,,642.0,5.0,5,"['web', 'email']",20,10.0,discount,0,1
5231af830b174aef98790a75b95f00f3,2906b810c7d4411798c6938adc9daaa5,504,,606.0,2.0,2,"['web', 'email', 'mobile']",10,7.0,discount,0,1
523212d63efa48a7b7e495e3149ef72d,9b98b8c7a33c4b65b9aebfe6a799e6d9,504,,624.0,5.0,5,"['web', 'email', 'mobile']",5,7.0,bogo,0,1
526338768a7c454788df15d68766a35f,ae264e3637204a6fb9bb56bc8210ddfd,0,,114.0,10.0,10,"['email', 'mobile', 'social']",10,7.0,bogo,0,1
5265f933778d4350b21b2199f432521d,9b98b8c7a33c4b65b9aebfe6a799e6d9,408,,408.0,5.0,5,"['web', 'email', 'mobile']",5,7.0,bogo,0,1
52828a714b6643159c91c341d63945a6,9b98b8c7a33c4b65b9aebfe6a799e6d9,504,,504.0,5.0,5,"['web', 'email', 'mobile']",5,7.0,bogo,0,1
528e528df85f418c912cd34d010b97d7,0b1e1539f2cc45b7b9fa7c272da2e1d7,504,,588.0,5.0,5,"['web', 'email']",20,10.0,discount,0,1
5291d2e620fa4733834501c8ad5df4c2,0b1e1539f2cc45b7b9fa7c272da2e1d7,336,,510.0,5.0,5,"['web', 'email']",20,10.0,discount,0,1
52ca1a63c646427d8fe5b1c2c633c86c,0b1e1539f2cc45b7b9fa7c272da2e1d7,336,,630.0,5.0,5,"['web', 'email']",20,10.0,discount,0,1
52ca3e12464d464bad3ac645ef6f1030,9b98b8c7a33c4b65b9aebfe6a799e6d9,408,,456.0,5.0,5,"['web', 'email', 'mobile']",5,7.0,bogo,0,1
52ca3e12464d464bad3ac645ef6f1030,0b1e1539f2cc45b7b9fa7c272da2e1d7,504,,678.0,5.0,5,"['web', 'email']",20,10.0,discount,0,1
52eb99f0838e4d69b3a33cdfd899f5a6,2906b810c7d4411798c6938adc9daaa5,408,,444.0,2.0,2,"['web', 'email', 'mobile']",10,7.0,discount,0,1
52f0bd64403f4958ab8fe9a6947c13c3,9b98b8c7a33c4b65b9aebfe6a799e6d9,0,,582.0,5.0,5,"['web', 'email', 'mobile']",5,7.0,bogo,0,1
52f0bd64403f4958ab8fe9a6947c13c3,2906b810c7d4411798c6938adc9daaa5,408,,474.0,2.0,2,"['web', 'email', 'mobile']",10,7.0,discount,0,1
52f3d00658ea420e9680e3bacc0c93f6,2906b810c7d4411798c6938adc9daaa5,408,,534.0,2.0,2,"['web', 'email', 'mobile']",10,7.0,discount,0,1
530cc2d0fec84812acccc4214cd87fef,0b1e1539f2cc45b7b9fa7c272da2e1d7,336,,396.0,5.0,5,"['web', 'email']",20,10.0,discount,0,1
531085ca92504ea3a06d84fdbfadc7c7,9b98b8c7a33c4b65b9aebfe6a799e6d9,168,,306.0,5.0,5,"['web', 'email', 'mobile']",5,7.0,bogo,0,1
531720b83d944bceb9f2eb96c590c5a6,2906b810c7d4411798c6938adc9daaa5,168,,222.0,2.0,2,"['web', 'email', 'mobile']",10,7.0,discount,0,1
53200e21c20a43c0be21eed71eb0f5af,0b1e1539f2cc45b7b9fa7c272da2e1d7,408,,438.0,5.0,5,"['web', 'email']",20,10.0,discount,0,1
532638c9f8d942a5bb39688d2f8bac20,2906b810c7d4411798c6938adc9daaa5,408,,468.0,2.0,2,"['web', 'email', 'mobile']",10,7.0,discount,0,1
532638c9f8d942a5bb39688d2f8bac20,0b1e1539f2cc45b7b9fa7c272da2e1d7,576,,714.0,5.0,5,"['web', 'email']",20,10.0,discount,0,1
533435d3beb342c69c8d6a00947b7a4a,9b98b8c7a33c4b65b9aebfe6a799e6d9,0,,6.0,5.0,5,"['web', 'email', 'mobile']",5,7.0,bogo,0,1
533435d3beb342c69c8d6a00947b7a4a,2906b810c7d4411798c6938adc9daaa5,168,,210.0,2.0,2,"['web', 'email', 'mobile']",10,7.0,discount,0,1
5334e0dbf1aa4d43a4d07e2a4a5d095f,2906b810c7d4411798c6938adc9daaa5,504,,660.0,2.0,2,"['web', 'email', 'mobile']",10,7.0,discount,0,1
5344678347cc48e48e72d0f25e3e8465,0b1e1539f2cc45b7b9fa7c272da2e1d7,576,,654.0,5.0,5,"['web', 'email']",20,10.0,discount,0,1
535b7a61cbaf44b18057a564ea3fa32b,9b98b8c7a33c4b65b9aebfe6a799e6d9,408,,534.0,5.0,5,"['web', 'email', 'mobile']",5,7.0,bogo,0,1
53752b0f3fc94815be87d75f7d6b5d0c,2906b810c7d4411798c6938adc9daaa5,0,,144.0,2.0,2,"['web', 'email', 'mobile']",10,7.0,discount,0,1
53801ced6c2041d6a7264f07e12ed493,0b1e1539f2cc45b7b9fa7c272da2e1d7,336,,474.0,5.0,5,"['web', 'email']",20,10.0,discount,0,1
53927958788f47459ce6daf04687f904,9b98b8c7a33c4b65b9aebfe6a799e6d9,504,,660.0,5.0,5,"['web', 'email', 'mobile']",5,7.0,bogo,0,1
5393e8c9ce154c8aa2fbd35d7863d87d,2906b810c7d4411798c6938adc9daaa5,504,,600.0,2.0,2,"['web', 'email', 'mobile']",10,7.0,discount,0,1
53a0acfd6e3541148d37a6f47185560f,9b98b8c7a33c4b65b9aebfe6a799e6d9,408,,504.0,5.0,5,"['web', 'email', 'mobile']",5,7.0,bogo,0,1
53a2acf674384a5784743e8b1b9cc2b5,9b98b8c7a33c4b65b9aebfe6a799e6d9,168,,330.0,5.0,5,"['web', 'email', 'mobile']",5,7.0,bogo,0,1
53adc06cd9224225968728dbef4a20a6,ae264e3637204a6fb9bb56bc8210ddfd,504,,564.0,10.0,10,"['email', 'mobile', 'social']",10,7.0,bogo,0,1
53b793bee2d9403bb7e561120f2b3622,0b1e1539f2cc45b7b9fa7c272da2e1d7,408,,648.0,5.0,5,"['web', 'email']",20,10.0,discount,0,1
53bf4fb4f7da4d23aa55d7db3450bdfc,2906b810c7d4411798c6938adc9daaa5,0,,102.0,2.0,2,"['web', 'email', 'mobile']",10,7.0,discount,0,1
53bf4fb4f7da4d23aa55d7db3450bdfc,0b1e1539f2cc45b7b9fa7c272da2e1d7,504,,684.0,5.0,5,"['web', 'email']",20,10.0,discount,0,1
53e8bb88915e405db140e25ae136bf1d,0b1e1539f2cc45b7b9fa7c272da2e1d7,168,,234.0,5.0,5,"['web', 'email']",20,10.0,discount,0,1
53ea5c4a167140e7afbe5afcc56d1107,2906b810c7d4411798c6938adc9daaa5,168,,270.0,2.0,2,"['web', 'email', 'mobile']",10,7.0,discount,0,1
53ea5c4a167140e7afbe5afcc56d1107,ae264e3637204a6fb9bb56bc8210ddfd,408,,522.0,10.0,10,"['email', 'mobile', 'social']",10,7.0,bogo,0,1
53f76524edee44fd80b801a709ade2a0,9b98b8c7a33c4b65b9aebfe6a799e6d9,336,,372.0,5.0,5,"['web', 'email', 'mobile']",5,7.0,bogo,0,1
54158fcb0bf14a53af8d659b16b0ace4,9b98b8c7a33c4b65b9aebfe6a799e6d9,0,,60.0,5.0,5,"['web', 'email', 'mobile']",5,7.0,bogo,0,1
543df9ba7ffd41e3a806ad6388e1673e,0b1e1539f2cc45b7b9fa7c272da2e1d7,408,,498.0,5.0,5,"['web', 'email']",20,10.0,discount,0,1
54658f58643948239b5f782535922002,0b1e1539f2cc45b7b9fa7c272da2e1d7,504,,612.0,5.0,5,"['web', 'email']",20,10.0,discount,0,1
54890f68699049c2a04d415abc25e717,0b1e1539f2cc45b7b9fa7c272da2e1d7,336,,390.0,5.0,5,"['web', 'email']",20,10.0,discount,0,1
549917c84f5d4f30ad2052e8e7210578,9b98b8c7a33c4b65b9aebfe6a799e6d9,0,,138.0,5.0,5,"['web', 'email', 'mobile']",5,7.0,bogo,0,1
54ac605ec4354bbfa726012d5236f4a1,9b98b8c7a33c4b65b9aebfe6a799e6d9,0,,12.0,5.0,5,"['web', 'email', 'mobile']",5,7.0,bogo,0,1
54acb0dd3f7c4dcc981afe7080a2f7da,0b1e1539f2cc45b7b9fa7c272da2e1d7,168,,210.0,5.0,5,"['web', 'email']",20,10.0,discount,0,1
54b0aabbe655480c880c8423b30a09e0,9b98b8c7a33c4b65b9aebfe6a799e6d9,408,,420.0,5.0,5,"['web', 'email', 'mobile']",5,7.0,bogo,0,1
54bb578eff2946808f0ac8c33f641883,0b1e1539f2cc45b7b9fa7c272da2e1d7,408,,504.0,5.0,5,"['web', 'email']",20,10.0,discount,0,1
54d9d921c59540fba0e5aea4b7079da0,0b1e1539f2cc45b7b9fa7c272da2e1d7,408,,552.0,5.0,5,"['web', 'email']",20,10.0,discount,0,1
54dba2373eff450da96ce96e27753202,9b98b8c7a33c4b65b9aebfe6a799e6d9,336,,366.0,5.0,5,"['web', 'email', 'mobile']",5,7.0,bogo,0,1
54dedf2f67614b3b801a67cde46c8ea7,2906b810c7d4411798c6938adc9daaa5,576,,588.0,2.0,2,"['web', 'email', 'mobile']",10,7.0,discount,0,1
5507b146d8db47c298843f45e128b9e2,0b1e1539f2cc45b7b9fa7c272da2e1d7,336,,432.0,5.0,5,"['web', 'email']",20,10.0,discount,0,1
5508e87b5a874f5fb73492a7e3e25309,0b1e1539f2cc45b7b9fa7c272da2e1d7,336,,468.0,5.0,5,"['web', 'email']",20,10.0,discount,0,1
5508e87b5a874f5fb73492a7e3e25309,4d5c57ea9a6940dd891ad53e9dbe8da0,504,,516.0,10.0,10,"['web', 'email', 'mobile', 'social']",10,5.0,bogo,0,1
5519acfc31b94c0e84f78c71bd993b77,2906b810c7d4411798c6938adc9daaa5,408,,462.0,2.0,2,"['web', 'email', 'mobile']",10,7.0,discount,0,1
5529078d0e9a4fbb8a4c1f5f17018cc9,9b98b8c7a33c4b65b9aebfe6a799e6d9,504,,504.0,5.0,5,"['web', 'email', 'mobile']",5,7.0,bogo,0,1
552c4891951446c8a6098caa6b6d15d2,9b98b8c7a33c4b65b9aebfe6a799e6d9,336,,432.0,5.0,5,"['web', 'email', 'mobile']",5,7.0,bogo,0,1
552d9d2c23f34ce8bf2f352378b4ca46,ae264e3637204a6fb9bb56bc8210ddfd,336,,474.0,10.0,10,"['email', 'mobile', 'social']",10,7.0,bogo,0,1
5532d4074ad946a8bc19ad1b1d4347ac,9b98b8c7a33c4b65b9aebfe6a799e6d9,408,,408.0,5.0,5,"['web', 'email', 'mobile']",5,7.0,bogo,0,1
55540073b2be424a9729852465b1b8df,9b98b8c7a33c4b65b9aebfe6a799e6d9,168,,288.0,5.0,5,"['web', 'email', 'mobile']",5,7.0,bogo,0,1
555be575c91041cbaa47eb24744cc724,fafdcd668e3743c1bb461111dcafc2a4,336,,384.0,2.0,2,"['web', 'email', 'mobile', 'social']",10,10.0,discount,0,1
557c81e66883458687bd6c75f95e3afb,0b1e1539f2cc45b7b9fa7c272da2e1d7,168,,252.0,5.0,5,"['web', 'email']",20,10.0,discount,0,1
557c81e66883458687bd6c75f95e3afb,fafdcd668e3743c1bb461111dcafc2a4,336,,468.0,2.0,2,"['web', 'email', 'mobile', 'social']",10,10.0,discount,0,1
5589f5c4d6164cb4bd1feaca5384315e,2906b810c7d4411798c6938adc9daaa5,0,,6.0,2.0,2,"['web', 'email', 'mobile']",10,7.0,discount,0,1
5589f5c4d6164cb4bd1feaca5384315e,0b1e1539f2cc45b7b9fa7c272da2e1d7,336,,462.0,5.0,5,"['web', 'email']",20,10.0,discount,0,1
5589f5c4d6164cb4bd1feaca5384315e,9b98b8c7a33c4b65b9aebfe6a799e6d9,504,,510.0,5.0,5,"['web', 'email', 'mobile']",5,7.0,bogo,0,1
559cbc7b630f4925b89084c02b906864,2906b810c7d4411798c6938adc9daaa5,408,,564.0,2.0,2,"['web', 'email', 'mobile']",10,7.0,discount,0,1
55aa9aa9fcae40889d6ed3260a69ae52,0b1e1539f2cc45b7b9fa7c272da2e1d7,504,,600.0,5.0,5,"['web', 'email']",20,10.0,discount,0,1
55aff3035b87496c91b2e916ab120dfd,2906b810c7d4411798c6938adc9daaa5,504,,606.0,2.0,2,"['web', 'email', 'mobile']",10,7.0,discount,0,1
55bbada9ec754b9493ba8da9f1704331,0b1e1539f2cc45b7b9fa7c272da2e1d7,168,,504.0,5.0,5,"['web', 'email']",20,10.0,discount,0,1
55c44f36cd9a46079ba4ece24ebd1773,0b1e1539f2cc45b7b9fa7c272da2e1d7,0,,234.0,5.0,5,"['web', 'email']",20,10.0,discount,0,1
55c44f36cd9a46079ba4ece24ebd1773,9b98b8c7a33c4b65b9aebfe6a799e6d9,336,,396.0,5.0,5,"['web', 'email', 'mobile']",5,7.0,bogo,0,1
55c44f36cd9a46079ba4ece24ebd1773,2906b810c7d4411798c6938adc9daaa5,408,,498.0,2.0,2,"['web', 'email', 'mobile']",10,7.0,discount,0,1
55d520968b7b47b0ba131dc9403aedd2,2906b810c7d4411798c6938adc9daaa5,408,,540.0,2.0,2,"['web', 'email', 'mobile']",10,7.0,discount,0,1
55d72207fe92480a8cd03bdd46e1fe84,0b1e1539f2cc45b7b9fa7c272da2e1d7,408,,426.0,5.0,5,"['web', 'email']",20,10.0,discount,0,1
55d77afdd5fd481aafc282f23516d7c0,ae264e3637204a6fb9bb56bc8210ddfd,336,,492.0,10.0,10,"['email', 'mobile', 'social']",10,7.0,bogo,0,1
55f752ed98374cc8bc85126766e66236,0b1e1539f2cc45b7b9fa7c272da2e1d7,168,,246.0,5.0,5,"['web', 'email']",20,10.0,discount,0,1
5631d406ccde4e8099f1ac4ed77ac193,0b1e1539f2cc45b7b9fa7c272da2e1d7,168,,300.0,5.0,5,"['web', 'email']",20,10.0,discount,0,1
5631d406ccde4e8099f1ac4ed77ac193,9b98b8c7a33c4b65b9aebfe6a799e6d9,336,,432.0,5.0,5,"['web', 'email', 'mobile']",5,7.0,bogo,0,1
565496e182914da8a2750e1cace612a0,0b1e1539f2cc45b7b9fa7c272da2e1d7,0,,78.0,5.0,5,"['web', 'email']",20,10.0,discount,0,1
565a185d08da42c0bd5d05d23c2520f0,0b1e1539f2cc45b7b9fa7c272da2e1d7,504,,582.0,5.0,5,"['web', 'email']",20,10.0,discount,0,1
565d92b886b44ac09d4b80d2e7f0dffe,2906b810c7d4411798c6938adc9daaa5,336,,564.0,2.0,2,"['web', 'email', 'mobile']",10,7.0,discount,0,1
56871362d8494eeb9b802704e1b9821d,2906b810c7d4411798c6938adc9daaa5,504,,618.0,2.0,2,"['web', 'email', 'mobile']",10,7.0,discount,0,1
56871362d8494eeb9b802704e1b9821d,9b98b8c7a33c4b65b9aebfe6a799e6d9,576,,618.0,5.0,5,"['web', 'email', 'mobile']",5,7.0,bogo,0,1
568ef95aa1cd4c11b9d2957865df672c,9b98b8c7a33c4b65b9aebfe6a799e6d9,168,,246.0,5.0,5,"['web', 'email', 'mobile']",5,7.0,bogo,0,1
569875718e4e4d5aa05eb9ce7740736b,0b1e1539f2cc45b7b9fa7c272da2e1d7,168,,282.0,5.0,5,"['web', 'email']",20,10.0,discount,0,1
569bd9890e74463f84e96f4b4951f45a,9b98b8c7a33c4b65b9aebfe6a799e6d9,408,,576.0,5.0,5,"['web', 'email', 'mobile']",5,7.0,bogo,0,1
56a0a16286e84bea84442d0581105459,2906b810c7d4411798c6938adc9daaa5,408,,546.0,2.0,2,"['web', 'email', 'mobile']",10,7.0,discount,0,1
56be387667484ed98219c34cad38d8c7,2906b810c7d4411798c6938adc9daaa5,336,,450.0,2.0,2,"['web', 'email', 'mobile']",10,7.0,discount,0,1
56c9a82c486c45f6bcc7e2944ff6a48d,2906b810c7d4411798c6938adc9daaa5,576,,618.0,2.0,2,"['web', 'email', 'mobile']",10,7.0,discount,0,1
56de06199bdb423aac04651e3af0c9d7,9b98b8c7a33c4b65b9aebfe6a799e6d9,504,,576.0,5.0,5,"['web', 'email', 'mobile']",5,7.0,bogo,0,1
570f7cc3a63249d9b295d5fb8a7c1d73,0b1e1539f2cc45b7b9fa7c272da2e1d7,408,,552.0,5.0,5,"['web', 'email']",20,10.0,discount,0,1
5714ec08853e40f4b15a509a125ff61c,0b1e1539f2cc45b7b9fa7c272da2e1d7,408,,600.0,5.0,5,"['web', 'email']",20,10.0,discount,0,1
572063614a93442cb937f13d104ecc23,0b1e1539f2cc45b7b9fa7c272da2e1d7,168,,378.0,5.0,5,"['web', 'email']",20,10.0,discount,0,1
5733053c80004117bd3b617ab7503825,0b1e1539f2cc45b7b9fa7c272da2e1d7,0,,594.0,5.0,5,"['web', 'email']",20,10.0,discount,0,1
573b1978dcb242d49f287b15c1c73ab3,0b1e1539f2cc45b7b9fa7c272da2e1d7,504,,624.0,5.0,5,"['web', 'email']",20,10.0,discount,0,1
574ff7f342ef446fa7a84d2cc7897184,9b98b8c7a33c4b65b9aebfe6a799e6d9,336,,420.0,5.0,5,"['web', 'email', 'mobile']",5,7.0,bogo,0,1
576206f0abd54a8f9a6458d49ffc07ff,2906b810c7d4411798c6938adc9daaa5,168,,318.0,2.0,2,"['web', 'email', 'mobile']",10,7.0,discount,0,1
57742106c75b4a2082a223f6d86ab942,0b1e1539f2cc45b7b9fa7c272da2e1d7,0,,66.0,5.0,5,"['web', 'email']",20,10.0,discount,0,1
57a0102ba8be4739b05dd3974c5ee2c6,0b1e1539f2cc45b7b9fa7c272da2e1d7,0,,180.0,5.0,5,"['web', 'email']",20,10.0,discount,0,1
57a7eb726b754233aeb70873c7a7d126,2906b810c7d4411798c6938adc9daaa5,576,,624.0,2.0,2,"['web', 'email', 'mobile']",10,7.0,discount,0,1
57b591069ad24965ba32f0b224583f97,2906b810c7d4411798c6938adc9daaa5,336,,468.0,2.0,2,"['web', 'email', 'mobile']",10,7.0,discount,0,1
57b6aab7967146d88ff5645f56e2dd07,2906b810c7d4411798c6938adc9daaa5,576,,678.0,2.0,2,"['web', 'email', 'mobile']",10,7.0,discount,0,1
57b9d3a0e2ba40969ce4caf7b98fd2f6,9b98b8c7a33c4b65b9aebfe6a799e6d9,504,,552.0,5.0,5,"['web', 'email', 'mobile']",5,7.0,bogo,0,1
57c96b5ca2da4b868f89c70ab07aef81,0b1e1539f2cc45b7b9fa7c272da2e1d7,504,,672.0,5.0,5,"['web', 'email']",20,10.0,discount,0,1
57ef306fc0524abcabbb59f074dc5490,9b98b8c7a33c4b65b9aebfe6a799e6d9,408,,408.0,5.0,5,"['web', 'email', 'mobile']",5,7.0,bogo,0,1
5815c214a1de4b1584fcbf7d0ee607ac,9b98b8c7a33c4b65b9aebfe6a799e6d9,408,,420.0,5.0,5,"['web', 'email', 'mobile']",5,7.0,bogo,0,1
58181a9005da442bb9372127e3d1d584,9b98b8c7a33c4b65b9aebfe6a799e6d9,504,,516.0,5.0,5,"['web', 'email', 'mobile']",5,7.0,bogo,0,1
585a0bbfeba2460faac73d8e4f98e1a6,0b1e1539f2cc45b7b9fa7c272da2e1d7,336,,456.0,5.0,5,"['web', 'email']",20,10.0,discount,0,1
58704ea7375d4c0e97cc6c6d1569c05e,0b1e1539f2cc45b7b9fa7c272da2e1d7,168,,396.0,5.0,5,"['web', 'email']",20,10.0,discount,0,1
58704ea7375d4c0e97cc6c6d1569c05e,2906b810c7d4411798c6938adc9daaa5,576,,702.0,2.0,2,"['web', 'email', 'mobile']",10,7.0,discount,0,1
58820704150d4a71b3a343a148794141,0b1e1539f2cc45b7b9fa7c272da2e1d7,0,,348.0,5.0,5,"['web', 'email']",20,10.0,discount,0,1
58946f6fe2b54f2ba4aaa95931b77d9e,2906b810c7d4411798c6938adc9daaa5,408,,564.0,2.0,2,"['web', 'email', 'mobile']",10,7.0,discount,0,1
58946f6fe2b54f2ba4aaa95931b77d9e,0b1e1539f2cc45b7b9fa7c272da2e1d7,504,,666.0,5.0,5,"['web', 'email']",20,10.0,discount,0,1
58b96ca152d946e98090e277a183e08f,0b1e1539f2cc45b7b9fa7c272da2e1d7,504,,570.0,5.0,5,"['web', 'email']",20,10.0,discount,0,1
58b9dc870d07463398df595e9ca6b98c,0b1e1539f2cc45b7b9fa7c272da2e1d7,408,,420.0,5.0,5,"['web', 'email']",20,10.0,discount,0,1
58d199bd8c0142529feffe3cb00a9da7,2906b810c7d4411798c6938adc9daaa5,336,,384.0,2.0,2,"['web', 'email', 'mobile']",10,7.0,discount,0,1
58ddbf7074aa492694bf793799f7fbc9,0b1e1539f2cc45b7b9fa7c272da2e1d7,336,,474.0,5.0,5,"['web', 'email']",20,10.0,discount,0,1
59117e97e0424ab89455dc9607b9b7e7,9b98b8c7a33c4b65b9aebfe6a799e6d9,336,,342.0,5.0,5,"['web', 'email', 'mobile']",5,7.0,bogo,0,1
591223b3a2fa436c823836732f45dfb5,0b1e1539f2cc45b7b9fa7c272da2e1d7,0,,156.0,5.0,5,"['web', 'email']",20,10.0,discount,0,1
5914d17eefa641a29579c972d2b29e60,0b1e1539f2cc45b7b9fa7c272da2e1d7,336,,552.0,5.0,5,"['web', 'email']",20,10.0,discount,0,1
5917d13f6fa04286abdf95f4d5cefb1e,ae264e3637204a6fb9bb56bc8210ddfd,504,,522.0,10.0,10,"['email', 'mobile', 'social']",10,7.0,bogo,0,1
5922ee9b83594cc6931c06952d5a2ee6,0b1e1539f2cc45b7b9fa7c272da2e1d7,168,,174.0,5.0,5,"['web', 'email']",20,10.0,discount,0,1
593d57f1035840a6902722ac7c123e9c,2906b810c7d4411798c6938adc9daaa5,576,,606.0,2.0,2,"['web', 'email', 'mobile']",10,7.0,discount,0,1
5956b48eb2dc4f3f9ee56615a2c1e3c0,2906b810c7d4411798c6938adc9daaa5,168,,438.0,2.0,2,"['web', 'email', 'mobile']",10,7.0,discount,0,1
5956b48eb2dc4f3f9ee56615a2c1e3c0,0b1e1539f2cc45b7b9fa7c272da2e1d7,504,,636.0,5.0,5,"['web', 'email']",20,10.0,discount,0,1
5956b48eb2dc4f3f9ee56615a2c1e3c0,9b98b8c7a33c4b65b9aebfe6a799e6d9,576,,636.0,5.0,5,"['web', 'email', 'mobile']",5,7.0,bogo,0,1
59666a6db88e468d86adfca691cbdb3f,9b98b8c7a33c4b65b9aebfe6a799e6d9,576,,594.0,5.0,5,"['web', 'email', 'mobile']",5,7.0,bogo,0,1
596bd8f29e87418a8f0a8c21f3ce6365,0b1e1539f2cc45b7b9fa7c272da2e1d7,504,,576.0,5.0,5,"['web', 'email']",20,10.0,discount,0,1
5979ee1e3e744c98afd9f72d9be32546,0b1e1539f2cc45b7b9fa7c272da2e1d7,168,,318.0,5.0,5,"['web', 'email']",20,10.0,discount,0,1
5986f99399c548ba8f5ec29d8dc97274,9b98b8c7a33c4b65b9aebfe6a799e6d9,336,,378.0,5.0,5,"['web', 'email', 'mobile']",5,7.0,bogo,0,1
5986f99399c548ba8f5ec29d8dc97274,ae264e3637204a6fb9bb56bc8210ddfd,504,,510.0,10.0,10,"['email', 'mobile', 'social']",10,7.0,bogo,0,1
5991a7c29e594df2aa22b14628e2c094,9b98b8c7a33c4b65b9aebfe6a799e6d9,408,,426.0,5.0,5,"['web', 'email', 'mobile']",5,7.0,bogo,0,1
599dffb0d78a429383e5603a7c57f027,9b98b8c7a33c4b65b9aebfe6a799e6d9,0,,108.0,5.0,5,"['web', 'email', 'mobile']",5,7.0,bogo,0,1
599dffb0d78a429383e5603a7c57f027,2906b810c7d4411798c6938adc9daaa5,168,,270.0,2.0,2,"['web', 'email', 'mobile']",10,7.0,discount,0,1
59a46ccbaeb64ab0a33feef55ad07222,0b1e1539f2cc45b7b9fa7c272da2e1d7,408,,426.0,5.0,5,"['web', 'email']",20,10.0,discount,0,1
59b7fa7b6be14a97b04cd274b2bdcf0a,2906b810c7d4411798c6938adc9daaa5,408,,468.0,2.0,2,"['web', 'email', 'mobile']",10,7.0,discount,0,1
59c695f79cbd4d56b8011c7ce13c5c39,2298d6c36e964ae4a3e7e9706d1fb8c2,576,,576.0,3.0,3,"['web', 'email', 'mobile', 'social']",7,7.0,discount,0,1
59ca814fa68848b7ac24c6accdbd7113,fafdcd668e3743c1bb461111dcafc2a4,408,,612.0,2.0,2,"['web', 'email', 'mobile', 'social']",10,10.0,discount,0,1
59e2cdcdc01841a9a2311df5e3cc4937,2906b810c7d4411798c6938adc9daaa5,0,,6.0,2.0,2,"['web', 'email', 'mobile']",10,7.0,discount,0,1
59e2cdcdc01841a9a2311df5e3cc4937,9b98b8c7a33c4b65b9aebfe6a799e6d9,336,,468.0,5.0,5,"['web', 'email', 'mobile']",5,7.0,bogo,0,1
59e2cdcdc01841a9a2311df5e3cc4937,0b1e1539f2cc45b7b9fa7c272da2e1d7,576,,708.0,5.0,5,"['web', 'email']",20,10.0,discount,0,1
5a16683f3bf14ea9aa0b79b0cf8cbf40,0b1e1539f2cc45b7b9fa7c272da2e1d7,408,,624.0,5.0,5,"['web', 'email']",20,10.0,discount,0,1
5a19b36b99dc48308a2597564fcc3498,2906b810c7d4411798c6938adc9daaa5,336,,444.0,2.0,2,"['web', 'email', 'mobile']",10,7.0,discount,0,1
5a19b36b99dc48308a2597564fcc3498,0b1e1539f2cc45b7b9fa7c272da2e1d7,408,,444.0,5.0,5,"['web', 'email']",20,10.0,discount,0,1
5a29a79ecd3d42df9b1ae8d332452780,0b1e1539f2cc45b7b9fa7c272da2e1d7,576,,576.0,5.0,5,"['web', 'email']",20,10.0,discount,0,1
5a3f7fcb450a4cb693ab5267b4d49b40,9b98b8c7a33c4b65b9aebfe6a799e6d9,408,,444.0,5.0,5,"['web', 'email', 'mobile']",5,7.0,bogo,0,1
5a5657e28a384f17a4cfae36852e2abe,9b98b8c7a33c4b65b9aebfe6a799e6d9,408,,516.0,5.0,5,"['web', 'email', 'mobile']",5,7.0,bogo,0,1
5a5657e28a384f17a4cfae36852e2abe,2906b810c7d4411798c6938adc9daaa5,504,,516.0,2.0,2,"['web', 'email', 'mobile']",10,7.0,discount,0,1
5a609dc56d1c4f6d848040b23ca6c806,ae264e3637204a6fb9bb56bc8210ddfd,336,,384.0,10.0,10,"['email', 'mobile', 'social']",10,7.0,bogo,0,1
5a7136999fa240838c28e52359f6533d,9b98b8c7a33c4b65b9aebfe6a799e6d9,0,,114.0,5.0,5,"['web', 'email', 'mobile']",5,7.0,bogo,0,1
5a8427053973447e9f888e58b2ced8b2,9b98b8c7a33c4b65b9aebfe6a799e6d9,504,,588.0,5.0,5,"['web', 'email', 'mobile']",5,7.0,bogo,0,1
5a90d3a4a21b4262b75ad9533bdf162b,fafdcd668e3743c1bb461111dcafc2a4,504,,576.0,2.0,2,"['web', 'email', 'mobile', 'social']",10,10.0,discount,0,1
5a9e1c3a28374ead8c74b7038831cfde,0b1e1539f2cc45b7b9fa7c272da2e1d7,504,,606.0,5.0,5,"['web', 'email']",20,10.0,discount,0,1
5aaf3703f172407387e01798d46d57bd,0b1e1539f2cc45b7b9fa7c272da2e1d7,0,,198.0,5.0,5,"['web', 'email']",20,10.0,discount,0,1
5ae36f912be1492199ec2da838cc6dda,2906b810c7d4411798c6938adc9daaa5,408,,558.0,2.0,2,"['web', 'email', 'mobile']",10,7.0,discount,0,1
5af71c1246834a02b6d671e3b93f8695,9b98b8c7a33c4b65b9aebfe6a799e6d9,336,,354.0,5.0,5,"['web', 'email', 'mobile']",5,7.0,bogo,0,1
5aff1ed327694a849b9b51e8125e2be9,9b98b8c7a33c4b65b9aebfe6a799e6d9,504,,534.0,5.0,5,"['web', 'email', 'mobile']",5,7.0,bogo,0,1
5b0ce237da4f4feaafd1cd7e22167e90,2906b810c7d4411798c6938adc9daaa5,336,,450.0,2.0,2,"['web', 'email', 'mobile']",10,7.0,discount,0,1
5b36a2e916bd41ed8e708384df094e77,0b1e1539f2cc45b7b9fa7c272da2e1d7,408,,534.0,5.0,5,"['web', 'email']",20,10.0,discount,0,1
5b4113bf2dd14ca6b4219cea5984e812,0b1e1539f2cc45b7b9fa7c272da2e1d7,168,,372.0,5.0,5,"['web', 'email']",20,10.0,discount,0,1
5b4191f947974c44859ef4b205d3f3e0,fafdcd668e3743c1bb461111dcafc2a4,336,,420.0,2.0,2,"['web', 'email', 'mobile', 'social']",10,10.0,discount,0,1
5b4191f947974c44859ef4b205d3f3e0,0b1e1539f2cc45b7b9fa7c272da2e1d7,408,,420.0,5.0,5,"['web', 'email']",20,10.0,discount,0,1
5b5888cf8fb346378ff0f3d42139a9db,2906b810c7d4411798c6938adc9daaa5,408,,576.0,2.0,2,"['web', 'email', 'mobile']",10,7.0,discount,0,1
5b6a385fbe5741c7b9ba20f9227bcda1,2906b810c7d4411798c6938adc9daaa5,336,,432.0,2.0,2,"['web', 'email', 'mobile']",10,7.0,discount,0,1
5b6c387277ba43e99c8f27dc92916cfb,2906b810c7d4411798c6938adc9daaa5,408,,510.0,2.0,2,"['web', 'email', 'mobile']",10,7.0,discount,0,1
5b71399c438d4b7788d02c109cf7acaf,9b98b8c7a33c4b65b9aebfe6a799e6d9,336,,408.0,5.0,5,"['web', 'email', 'mobile']",5,7.0,bogo,0,1
5b92502b4fcb4f65975d66fa7e275ce3,0b1e1539f2cc45b7b9fa7c272da2e1d7,168,,300.0,5.0,5,"['web', 'email']",20,10.0,discount,0,1
5b92502b4fcb4f65975d66fa7e275ce3,ae264e3637204a6fb9bb56bc8210ddfd,336,,438.0,10.0,10,"['email', 'mobile', 'social']",10,7.0,bogo,0,1
5b97dfd6f8a74a9892e8f9113ee1672d,ae264e3637204a6fb9bb56bc8210ddfd,504,,642.0,10.0,10,"['email', 'mobile', 'social']",10,7.0,bogo,0,1
5ba3453b92c04d02937e446e4155256d,9b98b8c7a33c4b65b9aebfe6a799e6d9,576,,684.0,5.0,5,"['web', 'email', 'mobile']",5,7.0,bogo,0,1
5baef2b5cb3a4aee8534e0d4a2e399e4,9b98b8c7a33c4b65b9aebfe6a799e6d9,504,,588.0,5.0,5,"['web', 'email', 'mobile']",5,7.0,bogo,0,1
5bb5a7b516994c52a55fe29945769597,0b1e1539f2cc45b7b9fa7c272da2e1d7,336,,492.0,5.0,5,"['web', 'email']",20,10.0,discount,0,1
5bbadf84eabe4fa3a7da35e3f44f8a2c,2906b810c7d4411798c6938adc9daaa5,504,,546.0,2.0,2,"['web', 'email', 'mobile']",10,7.0,discount,0,1
5bc3122cebbd489d863cb87770ea95f0,0b1e1539f2cc45b7b9fa7c272da2e1d7,576,,660.0,5.0,5,"['web', 'email']",20,10.0,discount,0,1
5bc9f27518b64163be2f236dcfcb9ce7,0b1e1539f2cc45b7b9fa7c272da2e1d7,168,,360.0,5.0,5,"['web', 'email']",20,10.0,discount,0,1
5be42bf19dd44c9cbb68ef25c1fce9a5,9b98b8c7a33c4b65b9aebfe6a799e6d9,168,,234.0,5.0,5,"['web', 'email', 'mobile']",5,7.0,bogo,0,1
5be88f96bada400cbc6216018b249a01,0b1e1539f2cc45b7b9fa7c272da2e1d7,336,,342.0,5.0,5,"['web', 'email']",20,10.0,discount,0,1
5be88f96bada400cbc6216018b249a01,2906b810c7d4411798c6938adc9daaa5,408,,474.0,2.0,2,"['web', 'email', 'mobile']",10,7.0,discount,0,1
5c29ee406ced442ca7fe5523b4160412,0b1e1539f2cc45b7b9fa7c272da2e1d7,0,,48.0,5.0,5,"['web', 'email']",20,10.0,discount,0,1
5c29ee406ced442ca7fe5523b4160412,9b98b8c7a33c4b65b9aebfe6a799e6d9,504,,540.0,5.0,5,"['web', 'email', 'mobile']",5,7.0,bogo,0,1
5c4236ce34e845cab4c90167ec59fa30,9b98b8c7a33c4b65b9aebfe6a799e6d9,0,,576.0,5.0,5,"['web', 'email', 'mobile']",5,7.0,bogo,0,1
5c5c3d24e80348938935a2e2e0a1cfc6,0b1e1539f2cc45b7b9fa7c272da2e1d7,504,,546.0,5.0,5,"['web', 'email']",20,10.0,discount,0,1
5c8f38fcda98451e9d6d3f8df0598846,0b1e1539f2cc45b7b9fa7c272da2e1d7,408,,480.0,5.0,5,"['web', 'email']",20,10.0,discount,0,1
5c9f1db7c52b47be8edf5144d7406bca,2906b810c7d4411798c6938adc9daaa5,336,,492.0,2.0,2,"['web', 'email', 'mobile']",10,7.0,discount,0,1
5cb65af515664bb0b39cdaa089244dc7,0b1e1539f2cc45b7b9fa7c272da2e1d7,504,,714.0,5.0,5,"['web', 'email']",20,10.0,discount,0,1
5cc737397b384d559a097db907980242,ae264e3637204a6fb9bb56bc8210ddfd,168,,228.0,10.0,10,"['email', 'mobile', 'social']",10,7.0,bogo,0,1
5cd3b3a0e5284df1adf8cca2f59ed28f,9b98b8c7a33c4b65b9aebfe6a799e6d9,0,,66.0,5.0,5,"['web', 'email', 'mobile']",5,7.0,bogo,0,1
5ce6404308c14d17b48eb0b06efd9d87,0b1e1539f2cc45b7b9fa7c272da2e1d7,0,,420.0,5.0,5,"['web', 'email']",20,10.0,discount,0,1
5cf68e37d5a147b3b778a2a42142d575,2906b810c7d4411798c6938adc9daaa5,336,,492.0,2.0,2,"['web', 'email', 'mobile']",10,7.0,discount,0,1
5cfc907778a9457382cf0731819cebe2,9b98b8c7a33c4b65b9aebfe6a799e6d9,336,,480.0,5.0,5,"['web', 'email', 'mobile']",5,7.0,bogo,0,1
5d02eeee2ca447b38e0e47c5e7466872,0b1e1539f2cc45b7b9fa7c272da2e1d7,408,,432.0,5.0,5,"['web', 'email']",20,10.0,discount,0,1
5d05e39fbc074051af5494d89040ed7b,0b1e1539f2cc45b7b9fa7c272da2e1d7,0,,582.0,5.0,5,"['web', 'email']",20,10.0,discount,0,1
5d284d8835db4300b257e44ae7b51ce6,2906b810c7d4411798c6938adc9daaa5,408,,444.0,2.0,2,"['web', 'email', 'mobile']",10,7.0,discount,0,1
5d3f09e7ccb5466d875925d63db35f72,0b1e1539f2cc45b7b9fa7c272da2e1d7,0,,0.0,5.0,5,"['web', 'email']",20,10.0,discount,0,1
5d413da3f98b48a68dd3e8f2c61f85ad,f19421c1d4aa40978ebb69ca19b0e20d,336,,360.0,5.0,5,"['web', 'email', 'mobile', 'social']",5,5.0,bogo,0,1
5d7ddc0af73b4307b7b9149fd2192455,0b1e1539f2cc45b7b9fa7c272da2e1d7,336,,492.0,5.0,5,"['web', 'email']",20,10.0,discount,0,1
5d95b3dd0944488c8f9c0e045db65f74,9b98b8c7a33c4b65b9aebfe6a799e6d9,504,,576.0,5.0,5,"['web', 'email', 'mobile']",5,7.0,bogo,0,1
5da12276a82b4cdb908cb4977877d3b4,0b1e1539f2cc45b7b9fa7c272da2e1d7,504,,558.0,5.0,5,"['web', 'email']",20,10.0,discount,0,1
5dab8e57f86842ecb438ad9099c61166,9b98b8c7a33c4b65b9aebfe6a799e6d9,576,,582.0,5.0,5,"['web', 'email', 'mobile']",5,7.0,bogo,0,1
5dc074a4f3e54a51965feaada51c0bd8,ae264e3637204a6fb9bb56bc8210ddfd,504,,660.0,10.0,10,"['email', 'mobile', 'social']",10,7.0,bogo,0,1
5dd9c771297b4b8e92a07c66cf1995d9,9b98b8c7a33c4b65b9aebfe6a799e6d9,576,,684.0,5.0,5,"['web', 'email', 'mobile']",5,7.0,bogo,0,1
5dda3558f4704bf9a5e46c115cf2f6b7,9b98b8c7a33c4b65b9aebfe6a799e6d9,0,,0.0,5.0,5,"['web', 'email', 'mobile']",5,7.0,bogo,0,1
5e001d57a6a84c35bd508a700fe8aca0,9b98b8c7a33c4b65b9aebfe6a799e6d9,0,,162.0,5.0,5,"['web', 'email', 'mobile']",5,7.0,bogo,0,1
5e188ec73c3e40c894ef0ff0aa847ec0,0b1e1539f2cc45b7b9fa7c272da2e1d7,504,,522.0,5.0,5,"['web', 'email']",20,10.0,discount,0,1
5e1f40e330ea403a97ffa5356eb481d4,0b1e1539f2cc45b7b9fa7c272da2e1d7,576,,666.0,5.0,5,"['web', 'email']",20,10.0,discount,0,1
5e22919da66445a08049240dff0c3aee,2906b810c7d4411798c6938adc9daaa5,0,,90.0,2.0,2,"['web', 'email', 'mobile']",10,7.0,discount,0,1
5e22919da66445a08049240dff0c3aee,9b98b8c7a33c4b65b9aebfe6a799e6d9,408,,540.0,5.0,5,"['web', 'email', 'mobile']",5,7.0,bogo,0,1
5e2eb77f49054cffb58e279330e58cf3,4d5c57ea9a6940dd891ad53e9dbe8da0,336,,366.0,10.0,10,"['web', 'email', 'mobile', 'social']",10,5.0,bogo,0,1
5e442aa81ab043168496fa9d8dc207f8,2906b810c7d4411798c6938adc9daaa5,0,,168.0,2.0,2,"['web', 'email', 'mobile']",10,7.0,discount,0,1
5e442aa81ab043168496fa9d8dc207f8,2298d6c36e964ae4a3e7e9706d1fb8c2,336,,360.0,3.0,3,"['web', 'email', 'mobile', 'social']",7,7.0,discount,0,1
5e442aa81ab043168496fa9d8dc207f8,0b1e1539f2cc45b7b9fa7c272da2e1d7,504,,510.0,5.0,5,"['web', 'email']",20,10.0,discount,0,1
5e49e14374c74ac790ee69107c2134a3,0b1e1539f2cc45b7b9fa7c272da2e1d7,336,,366.0,5.0,5,"['web', 'email']",20,10.0,discount,0,1
5e4ddeaf09be4610a9b755c5137e4608,2906b810c7d4411798c6938adc9daaa5,336,,408.0,2.0,2,"['web', 'email', 'mobile']",10,7.0,discount,0,1
5e60c6aa3b834e44b822ea43a3efea26,0b1e1539f2cc45b7b9fa7c272da2e1d7,336,,552.0,5.0,5,"['web', 'email']",20,10.0,discount,0,1
5e78586d062041f1bfe97eacc63e1485,9b98b8c7a33c4b65b9aebfe6a799e6d9,336,,432.0,5.0,5,"['web', 'email', 'mobile']",5,7.0,bogo,0,1
5e8d0ba2daa149a2a6e40495e03ea0c7,2298d6c36e964ae4a3e7e9706d1fb8c2,336,,408.0,3.0,3,"['web', 'email', 'mobile', 'social']",7,7.0,discount,0,1
5e8d0ba2daa149a2a6e40495e03ea0c7,fafdcd668e3743c1bb461111dcafc2a4,504,,540.0,2.0,2,"['web', 'email', 'mobile', 'social']",10,10.0,discount,0,1
5e9e648ac1924ed19cc9665f000c0309,9b98b8c7a33c4b65b9aebfe6a799e6d9,408,,474.0,5.0,5,"['web', 'email', 'mobile']",5,7.0,bogo,0,1
5e9e648ac1924ed19cc9665f000c0309,2906b810c7d4411798c6938adc9daaa5,504,,528.0,2.0,2,"['web', 'email', 'mobile']",10,7.0,discount,0,1
5eb8f0103c2b46d88e96be8beecbb6ef,9b98b8c7a33c4b65b9aebfe6a799e6d9,504,,504.0,5.0,5,"['web', 'email', 'mobile']",5,7.0,bogo,0,1
5ec9aeb4a48e4c5abfa6732d73ca3f7b,0b1e1539f2cc45b7b9fa7c272da2e1d7,336,,468.0,5.0,5,"['web', 'email']",20,10.0,discount,0,1
5ecc390bdbd24e4cbafffdcbdb90b4f1,9b98b8c7a33c4b65b9aebfe6a799e6d9,168,,204.0,5.0,5,"['web', 'email', 'mobile']",5,7.0,bogo,0,1
5ed0135d7ad9443f82a69861cb2fdb3e,9b98b8c7a33c4b65b9aebfe6a799e6d9,504,,564.0,5.0,5,"['web', 'email', 'mobile']",5,7.0,bogo,0,1
5efdbcebe71146e18c5a228906e0a231,9b98b8c7a33c4b65b9aebfe6a799e6d9,504,,558.0,5.0,5,"['web', 'email', 'mobile']",5,7.0,bogo,0,1
5f09a6df644648f8bd5a7160b9b44487,0b1e1539f2cc45b7b9fa7c272da2e1d7,168,,540.0,5.0,5,"['web', 'email']",20,10.0,discount,0,1
5f102735c1ca4dffb40d7c34631d4ad5,2906b810c7d4411798c6938adc9daaa5,336,,378.0,2.0,2,"['web', 'email', 'mobile']",10,7.0,discount,0,1
5f102735c1ca4dffb40d7c34631d4ad5,9b98b8c7a33c4b65b9aebfe6a799e6d9,576,,576.0,5.0,5,"['web', 'email', 'mobile']",5,7.0,bogo,0,1
5f2122ef940944e79f5461db0c65f949,0b1e1539f2cc45b7b9fa7c272da2e1d7,408,,540.0,5.0,5,"['web', 'email']",20,10.0,discount,0,1
5f29fa9bbadd4010b698f16b89b1fd80,0b1e1539f2cc45b7b9fa7c272da2e1d7,336,,408.0,5.0,5,"['web', 'email']",20,10.0,discount,0,1
5f5725a407c54a6db113c221644936f6,2906b810c7d4411798c6938adc9daaa5,504,,522.0,2.0,2,"['web', 'email', 'mobile']",10,7.0,discount,0,1
5f5725a407c54a6db113c221644936f6,0b1e1539f2cc45b7b9fa7c272da2e1d7,576,,642.0,5.0,5,"['web', 'email']",20,10.0,discount,0,1
5f5c91807f7f475f85fc241e45e23ed2,0b1e1539f2cc45b7b9fa7c272da2e1d7,168,,378.0,5.0,5,"['web', 'email']",20,10.0,discount,0,1
5f5c91807f7f475f85fc241e45e23ed2,2906b810c7d4411798c6938adc9daaa5,408,,432.0,2.0,2,"['web', 'email', 'mobile']",10,7.0,discount,0,1
5f945410e9c9402f9438e94d3743c25c,f19421c1d4aa40978ebb69ca19b0e20d,336,,408.0,5.0,5,"['web', 'email', 'mobile', 'social']",5,5.0,bogo,0,1
5fc8a1b567864ebc86bc8fe1672a5238,0b1e1539f2cc45b7b9fa7c272da2e1d7,168,,348.0,5.0,5,"['web', 'email']",20,10.0,discount,0,1
5fc8a1b567864ebc86bc8fe1672a5238,ae264e3637204a6fb9bb56bc8210ddfd,576,,648.0,10.0,10,"['email', 'mobile', 'social']",10,7.0,bogo,0,1
5fe0c3ba7e3f49d499ddd2734fd6bbee,0b1e1539f2cc45b7b9fa7c272da2e1d7,336,,528.0,5.0,5,"['web', 'email']",20,10.0,discount,0,1
5fe83ce42be24f2282e4ea6b3424d6f5,0b1e1539f2cc45b7b9fa7c272da2e1d7,576,,684.0,5.0,5,"['web', 'email']",20,10.0,discount,0,1
5ff1dfe459bb47b3987be79eabe8b49d,0b1e1539f2cc45b7b9fa7c272da2e1d7,168,,354.0,5.0,5,"['web', 'email']",20,10.0,discount,0,1
5ffdab087e674149a89324a732b4f993,9b98b8c7a33c4b65b9aebfe6a799e6d9,504,,510.0,5.0,5,"['web', 'email', 'mobile']",5,7.0,bogo,0,1
5ffe185c9f154f88b34fa3542acdb0d9,2906b810c7d4411798c6938adc9daaa5,504,,558.0,2.0,2,"['web', 'email', 'mobile']",10,7.0,discount,0,1
600110e8ae6643c693aa32401008422f,9b98b8c7a33c4b65b9aebfe6a799e6d9,408,,552.0,5.0,5,"['web', 'email', 'mobile']",5,7.0,bogo,0,1
6006641a7b15444fae1ae0a7e27a88dd,0b1e1539f2cc45b7b9fa7c272da2e1d7,0,,168.0,5.0,5,"['web', 'email']",20,10.0,discount,0,1
60342056f16c4bebb9e7bc1565b5abb4,2906b810c7d4411798c6938adc9daaa5,504,,516.0,2.0,2,"['web', 'email', 'mobile']",10,7.0,discount,0,1
603d8e96f2be422480ef3b29d899d94f,4d5c57ea9a6940dd891ad53e9dbe8da0,336,,342.0,10.0,10,"['web', 'email', 'mobile', 'social']",10,5.0,bogo,0,1
605799ea4d6541a2894e39e9498cdaa6,9b98b8c7a33c4b65b9aebfe6a799e6d9,576,,624.0,5.0,5,"['web', 'email', 'mobile']",5,7.0,bogo,0,1
608952646fc1467ca0b4c385344db80a,2906b810c7d4411798c6938adc9daaa5,0,,144.0,2.0,2,"['web', 'email', 'mobile']",10,7.0,discount,0,1
608ca8124fef4fdd876899bc3df4d072,2906b810c7d4411798c6938adc9daaa5,0,,144.0,2.0,2,"['web', 'email', 'mobile']",10,7.0,discount,0,1
609a44418b6a44baa130521d083c78c1,9b98b8c7a33c4b65b9aebfe6a799e6d9,0,,42.0,5.0,5,"['web', 'email', 'mobile']",5,7.0,bogo,0,1
609dffa9eb714e3281a9aca1e5ce48f0,0b1e1539f2cc45b7b9fa7c272da2e1d7,336,,504.0,5.0,5,"['web', 'email']",20,10.0,discount,0,1
60b53f17b08d4e8b98421694746ab524,9b98b8c7a33c4b65b9aebfe6a799e6d9,0,,78.0,5.0,5,"['web', 'email', 'mobile']",5,7.0,bogo,0,1
60b7692b124f4de99279cf046d036092,2906b810c7d4411798c6938adc9daaa5,504,,588.0,2.0,2,"['web', 'email', 'mobile']",10,7.0,discount,0,1
60b7692b124f4de99279cf046d036092,9b98b8c7a33c4b65b9aebfe6a799e6d9,576,,588.0,5.0,5,"['web', 'email', 'mobile']",5,7.0,bogo,0,1
60b8a75638d2461b988ba4f089f8ad24,0b1e1539f2cc45b7b9fa7c272da2e1d7,408,,462.0,5.0,5,"['web', 'email']",20,10.0,discount,0,1
60c70060356f410ca290c7b15b58605a,ae264e3637204a6fb9bb56bc8210ddfd,504,,546.0,10.0,10,"['email', 'mobile', 'social']",10,7.0,bogo,0,1
60d0b2ba8ea3482f894c634b80801631,2906b810c7d4411798c6938adc9daaa5,408,,456.0,2.0,2,"['web', 'email', 'mobile']",10,7.0,discount,0,1
60e115418b204beea2ca20d3cc82e65d,0b1e1539f2cc45b7b9fa7c272da2e1d7,408,,480.0,5.0,5,"['web', 'email']",20,10.0,discount,0,1
60e738bee5ae4f92b437b863736c0cea,4d5c57ea9a6940dd891ad53e9dbe8da0,504,,528.0,10.0,10,"['web', 'email', 'mobile', 'social']",10,5.0,bogo,0,1
6102a98c9f354bb087d6c560d147e397,2906b810c7d4411798c6938adc9daaa5,168,,294.0,2.0,2,"['web', 'email', 'mobile']",10,7.0,discount,0,1
6102a98c9f354bb087d6c560d147e397,9b98b8c7a33c4b65b9aebfe6a799e6d9,576,,642.0,5.0,5,"['web', 'email', 'mobile']",5,7.0,bogo,0,1
6103ebe6617f40c19295e9f2c88868d6,0b1e1539f2cc45b7b9fa7c272da2e1d7,336,,336.0,5.0,5,"['web', 'email']",20,10.0,discount,0,1
6103ebe6617f40c19295e9f2c88868d6,fafdcd668e3743c1bb461111dcafc2a4,504,,696.0,2.0,2,"['web', 'email', 'mobile', 'social']",10,10.0,discount,0,1
610f1494f05e4bb68cc1fab2908b6fbb,9b98b8c7a33c4b65b9aebfe6a799e6d9,168,,480.0,5.0,5,"['web', 'email', 'mobile']",5,7.0,bogo,0,1
610f1494f05e4bb68cc1fab2908b6fbb,0b1e1539f2cc45b7b9fa7c272da2e1d7,408,,480.0,5.0,5,"['web', 'email']",20,10.0,discount,0,1
61164923e8924fc080b37880c5685898,ae264e3637204a6fb9bb56bc8210ddfd,168,,258.0,10.0,10,"['email', 'mobile', 'social']",10,7.0,bogo,0,1
61164923e8924fc080b37880c5685898,2906b810c7d4411798c6938adc9daaa5,336,,486.0,2.0,2,"['web', 'email', 'mobile']",10,7.0,discount,0,1
611846bccd6b4c35ba48ed6b165b2c2d,9b98b8c7a33c4b65b9aebfe6a799e6d9,0,,132.0,5.0,5,"['web', 'email', 'mobile']",5,7.0,bogo,0,1
612fd8cc4c5c4ad8ad2912462b227089,9b98b8c7a33c4b65b9aebfe6a799e6d9,504,,588.0,5.0,5,"['web', 'email', 'mobile']",5,7.0,bogo,0,1
613561aed3684c3f9834544e43fa67d8,0b1e1539f2cc45b7b9fa7c272da2e1d7,0,,270.0,5.0,5,"['web', 'email']",20,10.0,discount,0,1
613561aed3684c3f9834544e43fa67d8,9b98b8c7a33c4b65b9aebfe6a799e6d9,408,,480.0,5.0,5,"['web', 'email', 'mobile']",5,7.0,bogo,0,1
615925c2e1394f50862005e5a1190585,2906b810c7d4411798c6938adc9daaa5,336,,336.0,2.0,2,"['web', 'email', 'mobile']",10,7.0,discount,0,1
615925c2e1394f50862005e5a1190585,0b1e1539f2cc45b7b9fa7c272da2e1d7,576,,696.0,5.0,5,"['web', 'email']",20,10.0,discount,0,1
616feaab99fa45408eee67528234d5f6,ae264e3637204a6fb9bb56bc8210ddfd,336,,384.0,10.0,10,"['email', 'mobile', 'social']",10,7.0,bogo,0,1
61785b6cf44c47fc822622f965696647,0b1e1539f2cc45b7b9fa7c272da2e1d7,336,,414.0,5.0,5,"['web', 'email']",20,10.0,discount,0,1
6181f119c4ef43ed8eccf9af10ec2121,9b98b8c7a33c4b65b9aebfe6a799e6d9,504,,570.0,5.0,5,"['web', 'email', 'mobile']",5,7.0,bogo,0,1
6199786808c6495796b8620f6fbac986,2906b810c7d4411798c6938adc9daaa5,336,,348.0,2.0,2,"['web', 'email', 'mobile']",10,7.0,discount,0,1
6199786808c6495796b8620f6fbac986,f19421c1d4aa40978ebb69ca19b0e20d,504,,564.0,5.0,5,"['web', 'email', 'mobile', 'social']",5,5.0,bogo,0,1
61ab10334b19403a9afb9e02ad05c08b,0b1e1539f2cc45b7b9fa7c272da2e1d7,408,,564.0,5.0,5,"['web', 'email']",20,10.0,discount,0,1
61b8c67126e2471892b7336b0bb58f11,9b98b8c7a33c4b65b9aebfe6a799e6d9,408,,528.0,5.0,5,"['web', 'email', 'mobile']",5,7.0,bogo,0,1
61bc0cd091d6413f88bedab9a30ed07e,9b98b8c7a33c4b65b9aebfe6a799e6d9,336,,372.0,5.0,5,"['web', 'email', 'mobile']",5,7.0,bogo,0,1
61c38b9b8ab4496397199c26b5d34a59,0b1e1539f2cc45b7b9fa7c272da2e1d7,0,,180.0,5.0,5,"['web', 'email']",20,10.0,discount,0,1
61cdbc24ad5f47b8b165e6b4295c2658,0b1e1539f2cc45b7b9fa7c272da2e1d7,336,,522.0,5.0,5,"['web', 'email']",20,10.0,discount,0,1
61d7edeec0114a9197aa11bef76e227d,9b98b8c7a33c4b65b9aebfe6a799e6d9,336,,360.0,5.0,5,"['web', 'email', 'mobile']",5,7.0,bogo,0,1
61fe324417804f37a5c60a911c15f2f1,9b98b8c7a33c4b65b9aebfe6a799e6d9,576,,630.0,5.0,5,"['web', 'email', 'mobile']",5,7.0,bogo,0,1
6200620f3420479c9a00f5481fa4f0a3,2906b810c7d4411798c6938adc9daaa5,0,,0.0,2.0,2,"['web', 'email', 'mobile']",10,7.0,discount,0,1
62243cd711cd44238bd266c3cce4dd7f,2906b810c7d4411798c6938adc9daaa5,336,,414.0,2.0,2,"['web', 'email', 'mobile']",10,7.0,discount,0,1
623a7bc9b0964d0eb3a341bdc6d157e4,2906b810c7d4411798c6938adc9daaa5,0,,6.0,2.0,2,"['web', 'email', 'mobile']",10,7.0,discount,0,1
624c09e749c841b8a75d32a464c8cc50,0b1e1539f2cc45b7b9fa7c272da2e1d7,408,,600.0,5.0,5,"['web', 'email']",20,10.0,discount,0,1
625b2edda53f4e5db514565ee8c11e17,2906b810c7d4411798c6938adc9daaa5,0,,138.0,2.0,2,"['web', 'email', 'mobile']",10,7.0,discount,0,1
6263d948f09b4cfc87b0b59955f269f1,2906b810c7d4411798c6938adc9daaa5,0,,72.0,2.0,2,"['web', 'email', 'mobile']",10,7.0,discount,0,1
626d9e6450504fe1a39461cb63c61202,0b1e1539f2cc45b7b9fa7c272da2e1d7,0,,564.0,5.0,5,"['web', 'email']",20,10.0,discount,0,1
626d9e6450504fe1a39461cb63c61202,2906b810c7d4411798c6938adc9daaa5,576,,630.0,2.0,2,"['web', 'email', 'mobile']",10,7.0,discount,0,1
626df8678e2a4953b9098246418c9cfa,ae264e3637204a6fb9bb56bc8210ddfd,576,,660.0,10.0,10,"['email', 'mobile', 'social']",10,7.0,bogo,0,1
62780c3ed4554cc79bd6eed86533a05f,9b98b8c7a33c4b65b9aebfe6a799e6d9,0,,90.0,5.0,5,"['web', 'email', 'mobile']",5,7.0,bogo,0,1
627a7c893df24d839dae7b89e49bc86d,9b98b8c7a33c4b65b9aebfe6a799e6d9,504,,516.0,5.0,5,"['web', 'email', 'mobile']",5,7.0,bogo,0,1
62811a87189d467b81a809a886742e85,2906b810c7d4411798c6938adc9daaa5,0,,30.0,2.0,2,"['web', 'email', 'mobile']",10,7.0,discount,0,1
62811a87189d467b81a809a886742e85,0b1e1539f2cc45b7b9fa7c272da2e1d7,168,,174.0,5.0,5,"['web', 'email']",20,10.0,discount,0,1
62811a87189d467b81a809a886742e85,ae264e3637204a6fb9bb56bc8210ddfd,336,,390.0,10.0,10,"['email', 'mobile', 'social']",10,7.0,bogo,0,1
628d90cb330a4c42aca731c80e06f7ec,ae264e3637204a6fb9bb56bc8210ddfd,336,,336.0,10.0,10,"['email', 'mobile', 'social']",10,7.0,bogo,0,1
629dd4429347452f9e70fa9cf8821acf,9b98b8c7a33c4b65b9aebfe6a799e6d9,504,,564.0,5.0,5,"['web', 'email', 'mobile']",5,7.0,bogo,0,1
629e6cc6ce414012a7b6a398b4dd4050,0b1e1539f2cc45b7b9fa7c272da2e1d7,504,,594.0,5.0,5,"['web', 'email']",20,10.0,discount,0,1
62b40d5ce00d410eac78e25c8e5a4eaf,9b98b8c7a33c4b65b9aebfe6a799e6d9,0,,24.0,5.0,5,"['web', 'email', 'mobile']",5,7.0,bogo,0,1
62c45627e26048fc9a0aadc842c91cd9,0b1e1539f2cc45b7b9fa7c272da2e1d7,168,,396.0,5.0,5,"['web', 'email']",20,10.0,discount,0,1
62c45627e26048fc9a0aadc842c91cd9,2906b810c7d4411798c6938adc9daaa5,504,,528.0,2.0,2,"['web', 'email', 'mobile']",10,7.0,discount,0,1
62c99873e4364232955db9f0ebaf042c,0b1e1539f2cc45b7b9fa7c272da2e1d7,168,,396.0,5.0,5,"['web', 'email']",20,10.0,discount,0,1
62c99873e4364232955db9f0ebaf042c,9b98b8c7a33c4b65b9aebfe6a799e6d9,408,,462.0,5.0,5,"['web', 'email', 'mobile']",5,7.0,bogo,0,1
62db888b21974136981082c0b8ec6d64,9b98b8c7a33c4b65b9aebfe6a799e6d9,504,,624.0,5.0,5,"['web', 'email', 'mobile']",5,7.0,bogo,0,1
62eab59fc118460c81ad6688e5532e9f,9b98b8c7a33c4b65b9aebfe6a799e6d9,504,,672.0,5.0,5,"['web', 'email', 'mobile']",5,7.0,bogo,0,1
62f82083cfb64929bfb7e6d91bd178e3,0b1e1539f2cc45b7b9fa7c272da2e1d7,336,,498.0,5.0,5,"['web', 'email']",20,10.0,discount,0,1
62fb072537a647a89f99fb9ea66a7c00,2906b810c7d4411798c6938adc9daaa5,168,,204.0,2.0,2,"['web', 'email', 'mobile']",10,7.0,discount,0,1
630397a8eb8e48bc8169767588897b22,2298d6c36e964ae4a3e7e9706d1fb8c2,408,,540.0,3.0,3,"['web', 'email', 'mobile', 'social']",7,7.0,discount,0,1
6317f18c59d54a429d8d2dc2998bd394,0b1e1539f2cc45b7b9fa7c272da2e1d7,336,,444.0,5.0,5,"['web', 'email']",20,10.0,discount,0,1
63372429ab224b8f8b1939a70a77ea7d,9b98b8c7a33c4b65b9aebfe6a799e6d9,336,,486.0,5.0,5,"['web', 'email', 'mobile']",5,7.0,bogo,0,1
63372429ab224b8f8b1939a70a77ea7d,2906b810c7d4411798c6938adc9daaa5,408,,624.0,2.0,2,"['web', 'email', 'mobile']",10,7.0,discount,0,1
633a389e01f949ebb864ab967903c45d,0b1e1539f2cc45b7b9fa7c272da2e1d7,168,,360.0,5.0,5,"['web', 'email']",20,10.0,discount,0,1
633a389e01f949ebb864ab967903c45d,fafdcd668e3743c1bb461111dcafc2a4,504,,564.0,2.0,2,"['web', 'email', 'mobile', 'social']",10,10.0,discount,0,1
6349163e4f06471aa8aee64cd3aeccc1,ae264e3637204a6fb9bb56bc8210ddfd,576,,702.0,10.0,10,"['email', 'mobile', 'social']",10,7.0,bogo,0,1
635457c253cf48a1884618e4d7658c9a,0b1e1539f2cc45b7b9fa7c272da2e1d7,0,,90.0,5.0,5,"['web', 'email']",20,10.0,discount,0,1
635457c253cf48a1884618e4d7658c9a,9b98b8c7a33c4b65b9aebfe6a799e6d9,576,,696.0,5.0,5,"['web', 'email', 'mobile']",5,7.0,bogo,0,1
635ec8e630f1498f9df91b2ec584c144,2906b810c7d4411798c6938adc9daaa5,336,,456.0,2.0,2,"['web', 'email', 'mobile']",10,7.0,discount,0,1
636215d9a3464f0b80201b2c378cbfbf,0b1e1539f2cc45b7b9fa7c272da2e1d7,336,,444.0,5.0,5,"['web', 'email']",20,10.0,discount,0,1
63682fd0e2454fe098a3aad2c76e0054,9b98b8c7a33c4b65b9aebfe6a799e6d9,168,,258.0,5.0,5,"['web', 'email', 'mobile']",5,7.0,bogo,0,1
63682fd0e2454fe098a3aad2c76e0054,0b1e1539f2cc45b7b9fa7c272da2e1d7,408,,564.0,5.0,5,"['web', 'email']",20,10.0,discount,0,1
6377c06cd63b404b92a831d2ebf8e541,2906b810c7d4411798c6938adc9daaa5,408,,408.0,2.0,2,"['web', 'email', 'mobile']",10,7.0,discount,0,1
63996e7147c44a208bfdcd92ef0f49f7,9b98b8c7a33c4b65b9aebfe6a799e6d9,336,,366.0,5.0,5,"['web', 'email', 'mobile']",5,7.0,bogo,0,1
63996e7147c44a208bfdcd92ef0f49f7,0b1e1539f2cc45b7b9fa7c272da2e1d7,504,,666.0,5.0,5,"['web', 'email']",20,10.0,discount,0,1
639a74405a7b4ddd92f719871dc180d0,9b98b8c7a33c4b65b9aebfe6a799e6d9,408,,414.0,5.0,5,"['web', 'email', 'mobile']",5,7.0,bogo,0,1
63a85354016448938688f593b47358a2,0b1e1539f2cc45b7b9fa7c272da2e1d7,0,,210.0,5.0,5,"['web', 'email']",20,10.0,discount,0,1
63afb3c7812c414abd5f50c81b4688e8,2906b810c7d4411798c6938adc9daaa5,336,,360.0,2.0,2,"['web', 'email', 'mobile']",10,7.0,discount,0,1
63afb3c7812c414abd5f50c81b4688e8,ae264e3637204a6fb9bb56bc8210ddfd,408,,486.0,10.0,10,"['email', 'mobile', 'social']",10,7.0,bogo,0,1
63cc4769f45547d78064e85504daa1cd,9b98b8c7a33c4b65b9aebfe6a799e6d9,336,,420.0,5.0,5,"['web', 'email', 'mobile']",5,7.0,bogo,0,1
63cc4769f45547d78064e85504daa1cd,2906b810c7d4411798c6938adc9daaa5,504,,510.0,2.0,2,"['web', 'email', 'mobile']",10,7.0,discount,0,1
63fc9cc612e146a3bed220e03c888cd4,0b1e1539f2cc45b7b9fa7c272da2e1d7,336,,336.0,5.0,5,"['web', 'email']",20,10.0,discount,0,1
63fcd3b7b0e64166ac6b8d6cc4c5f23e,0b1e1539f2cc45b7b9fa7c272da2e1d7,408,,594.0,5.0,5,"['web', 'email']",20,10.0,discount,0,1
6408b3305f764ac185eef495e79349d1,2906b810c7d4411798c6938adc9daaa5,0,,534.0,2.0,2,"['web', 'email', 'mobile']",10,7.0,discount,0,1
6408b3305f764ac185eef495e79349d1,0b1e1539f2cc45b7b9fa7c272da2e1d7,504,,534.0,5.0,5,"['web', 'email']",20,10.0,discount,0,1
64197e79d3034a5683b8effa845ce2fe,9b98b8c7a33c4b65b9aebfe6a799e6d9,0,,36.0,5.0,5,"['web', 'email', 'mobile']",5,7.0,bogo,0,1
642b6f1bf61040efb73e1859cf00e79e,0b1e1539f2cc45b7b9fa7c272da2e1d7,0,,192.0,5.0,5,"['web', 'email']",20,10.0,discount,0,1
6432b493b1e8473db258f5bbad1b5984,0b1e1539f2cc45b7b9fa7c272da2e1d7,408,,594.0,5.0,5,"['web', 'email']",20,10.0,discount,0,1
6445de3b47274c759400cd68131d91b4,9b98b8c7a33c4b65b9aebfe6a799e6d9,336,,516.0,5.0,5,"['web', 'email', 'mobile']",5,7.0,bogo,0,1
6448a78512404a3baa0f2180d5e9b22f,2906b810c7d4411798c6938adc9daaa5,576,,582.0,2.0,2,"['web', 'email', 'mobile']",10,7.0,discount,0,1
645584b4fa3e45da9bffe712a63898da,9b98b8c7a33c4b65b9aebfe6a799e6d9,336,,456.0,5.0,5,"['web', 'email', 'mobile']",5,7.0,bogo,0,1
6472c4fee5004a70a14cff948130ab6a,2906b810c7d4411798c6938adc9daaa5,336,,420.0,2.0,2,"['web', 'email', 'mobile']",10,7.0,discount,0,1
6474c222349f46b59cdbcd273b335dd8,ae264e3637204a6fb9bb56bc8210ddfd,336,,402.0,10.0,10,"['email', 'mobile', 'social']",10,7.0,bogo,0,1
64763980a84b4d7d898a734898b82f93,0b1e1539f2cc45b7b9fa7c272da2e1d7,408,,546.0,5.0,5,"['web', 'email']",20,10.0,discount,0,1
647970f8d1874fb69962663a59462745,f19421c1d4aa40978ebb69ca19b0e20d,576,,594.0,5.0,5,"['web', 'email', 'mobile', 'social']",5,5.0,bogo,0,1
647fc3ba0eca4cc089cb1189072e08fb,2906b810c7d4411798c6938adc9daaa5,0,,96.0,2.0,2,"['web', 'email', 'mobile']",10,7.0,discount,0,1
64878f55f0e64c88ba6af9e168896b48,2906b810c7d4411798c6938adc9daaa5,408,,414.0,2.0,2,"['web', 'email', 'mobile']",10,7.0,discount,0,1
648bf85977494f6592d776c42896c3bf,fafdcd668e3743c1bb461111dcafc2a4,0,,12.0,2.0,2,"['web', 'email', 'mobile', 'social']",10,10.0,discount,0,1
648bf85977494f6592d776c42896c3bf,2906b810c7d4411798c6938adc9daaa5,168,,288.0,2.0,2,"['web', 'email', 'mobile']",10,7.0,discount,0,1
648bf85977494f6592d776c42896c3bf,9b98b8c7a33c4b65b9aebfe6a799e6d9,408,,420.0,5.0,5,"['web', 'email', 'mobile']",5,7.0,bogo,0,1
64ae595aca2445fba9831b04823af134,9b98b8c7a33c4b65b9aebfe6a799e6d9,504,,546.0,5.0,5,"['web', 'email', 'mobile']",5,7.0,bogo,0,1
64d40fa1a5fa4879b4938a8dd502ea6c,0b1e1539f2cc45b7b9fa7c272da2e1d7,336,,576.0,5.0,5,"['web', 'email']",20,10.0,discount,0,1
64d7e480ce5d4b2992e5ea46082b8752,0b1e1539f2cc45b7b9fa7c272da2e1d7,168,,210.0,5.0,5,"['web', 'email']",20,10.0,discount,0,1
64e635ff9c654309b42c9ae6405bd56d,9b98b8c7a33c4b65b9aebfe6a799e6d9,504,,510.0,5.0,5,"['web', 'email', 'mobile']",5,7.0,bogo,0,1
6501f7863265467284c18e136e4d76ac,9b98b8c7a33c4b65b9aebfe6a799e6d9,408,,462.0,5.0,5,"['web', 'email', 'mobile']",5,7.0,bogo,0,1
650fae5efd544b3d941d0d076028053b,0b1e1539f2cc45b7b9fa7c272da2e1d7,336,,432.0,5.0,5,"['web', 'email']",20,10.0,discount,0,1
6545703d7db34d2ea96ff20e21bb83c3,fafdcd668e3743c1bb461111dcafc2a4,408,,564.0,2.0,2,"['web', 'email', 'mobile', 'social']",10,10.0,discount,0,1
654aba7621fe44dd8c498b75c5229b5d,9b98b8c7a33c4b65b9aebfe6a799e6d9,168,,180.0,5.0,5,"['web', 'email', 'mobile']",5,7.0,bogo,0,1
655e69c1a733416c983ad91f1230d6e1,9b98b8c7a33c4b65b9aebfe6a799e6d9,336,,426.0,5.0,5,"['web', 'email', 'mobile']",5,7.0,bogo,0,1
655f294ab8154d3ebffaa801f241271c,0b1e1539f2cc45b7b9fa7c272da2e1d7,0,,150.0,5.0,5,"['web', 'email']",20,10.0,discount,0,1
655f294ab8154d3ebffaa801f241271c,fafdcd668e3743c1bb461111dcafc2a4,504,,708.0,2.0,2,"['web', 'email', 'mobile', 'social']",10,10.0,discount,0,1
65662d07621d408eab4f81f7ac19d1f2,9b98b8c7a33c4b65b9aebfe6a799e6d9,504,,534.0,5.0,5,"['web', 'email', 'mobile']",5,7.0,bogo,0,1
6573f79f3cbc499baafe7e3093640fc3,9b98b8c7a33c4b65b9aebfe6a799e6d9,504,,666.0,5.0,5,"['web', 'email', 'mobile']",5,7.0,bogo,0,1
657a6b7784da4710925c2b2ebd0cd80d,0b1e1539f2cc45b7b9fa7c272da2e1d7,408,,438.0,5.0,5,"['web', 'email']",20,10.0,discount,0,1
657a6b7784da4710925c2b2ebd0cd80d,2906b810c7d4411798c6938adc9daaa5,504,,588.0,2.0,2,"['web', 'email', 'mobile']",10,7.0,discount,0,1
65d4a94bef0841cc9b02753119742ccc,2906b810c7d4411798c6938adc9daaa5,336,,462.0,2.0,2,"['web', 'email', 'mobile']",10,7.0,discount,0,1
65d4a94bef0841cc9b02753119742ccc,9b98b8c7a33c4b65b9aebfe6a799e6d9,408,,462.0,5.0,5,"['web', 'email', 'mobile']",5,7.0,bogo,0,1
65daaf0f413744789903a355d6370b9d,ae264e3637204a6fb9bb56bc8210ddfd,504,,558.0,10.0,10,"['email', 'mobile', 'social']",10,7.0,bogo,0,1
65df8f20c8d94f7284c6e94556320a11,0b1e1539f2cc45b7b9fa7c272da2e1d7,408,,618.0,5.0,5,"['web', 'email']",20,10.0,discount,0,1
65e8796e81f2400ea600a24519054a5e,0b1e1539f2cc45b7b9fa7c272da2e1d7,168,,390.0,5.0,5,"['web', 'email']",20,10.0,discount,0,1
65f06566a2a14f64b003964f211635e1,2906b810c7d4411798c6938adc9daaa5,576,,612.0,2.0,2,"['web', 'email', 'mobile']",10,7.0,discount,0,1
65f238eb5d1745729cc0d839e8409756,0b1e1539f2cc45b7b9fa7c272da2e1d7,336,,402.0,5.0,5,"['web', 'email']",20,10.0,discount,0,1
65f238eb5d1745729cc0d839e8409756,9b98b8c7a33c4b65b9aebfe6a799e6d9,576,,624.0,5.0,5,"['web', 'email', 'mobile']",5,7.0,bogo,0,1
65fe3e1feeb1458abd54d955820572ec,9b98b8c7a33c4b65b9aebfe6a799e6d9,576,,594.0,5.0,5,"['web', 'email', 'mobile']",5,7.0,bogo,0,1
6626b0fcb1f5451b89c2011c9c01e186,2906b810c7d4411798c6938adc9daaa5,168,,204.0,2.0,2,"['web', 'email', 'mobile']",10,7.0,discount,0,1
66274f96d647482991cda04a382c3509,9b98b8c7a33c4b65b9aebfe6a799e6d9,336,,444.0,5.0,5,"['web', 'email', 'mobile']",5,7.0,bogo,0,1
66275050f9a44ba28c9008f6e284eeac,0b1e1539f2cc45b7b9fa7c272da2e1d7,408,,492.0,5.0,5,"['web', 'email']",20,10.0,discount,0,1
664cdcbcc8b442078bcedac94dc227bb,9b98b8c7a33c4b65b9aebfe6a799e6d9,504,,516.0,5.0,5,"['web', 'email', 'mobile']",5,7.0,bogo,0,1
6656fa4416e241c69a4610d6e464d916,0b1e1539f2cc45b7b9fa7c272da2e1d7,576,,642.0,5.0,5,"['web', 'email']",20,10.0,discount,0,1
6673484ac7d9438a97f0785768ac35cb,2906b810c7d4411798c6938adc9daaa5,0,,126.0,2.0,2,"['web', 'email', 'mobile']",10,7.0,discount,0,1
66742f0ef36d41a49051a0ec0caece82,9b98b8c7a33c4b65b9aebfe6a799e6d9,168,,210.0,5.0,5,"['web', 'email', 'mobile']",5,7.0,bogo,0,1
6676062b996d42499314026f12c2efac,9b98b8c7a33c4b65b9aebfe6a799e6d9,336,,438.0,5.0,5,"['web', 'email', 'mobile']",5,7.0,bogo,0,1
668a6a51df4b454b93c31c945bc5eb76,9b98b8c7a33c4b65b9aebfe6a799e6d9,168,,336.0,5.0,5,"['web', 'email', 'mobile']",5,7.0,bogo,0,1
6697228b72e44e988a59fd0096558be1,0b1e1539f2cc45b7b9fa7c272da2e1d7,576,,690.0,5.0,5,"['web', 'email']",20,10.0,discount,0,1
66a2061eca094dc3bea2ab2ceb9b7659,2906b810c7d4411798c6938adc9daaa5,576,,672.0,2.0,2,"['web', 'email', 'mobile']",10,7.0,discount,0,1
66a446eb3e314d1ab554933e5a9f46c6,9b98b8c7a33c4b65b9aebfe6a799e6d9,504,,504.0,5.0,5,"['web', 'email', 'mobile']",5,7.0,bogo,0,1
66ad7d1394f24c789a3ea768727bf07b,0b1e1539f2cc45b7b9fa7c272da2e1d7,576,,708.0,5.0,5,"['web', 'email']",20,10.0,discount,0,1
66af9e9ba5224128a37f2b0db9f7c982,9b98b8c7a33c4b65b9aebfe6a799e6d9,168,,204.0,5.0,5,"['web', 'email', 'mobile']",5,7.0,bogo,0,1
66c6a0c7d2cb49cc958c76ea136c944d,9b98b8c7a33c4b65b9aebfe6a799e6d9,336,,456.0,5.0,5,"['web', 'email', 'mobile']",5,7.0,bogo,0,1
66c9c5773a8444a79abce6644401de88,2906b810c7d4411798c6938adc9daaa5,0,,90.0,2.0,2,"['web', 'email', 'mobile']",10,7.0,discount,0,1
66ca11d7c3ff4161ac6bf9024a59d316,2906b810c7d4411798c6938adc9daaa5,168,,222.0,2.0,2,"['web', 'email', 'mobile']",10,7.0,discount,0,1
66ca11d7c3ff4161ac6bf9024a59d316,9b98b8c7a33c4b65b9aebfe6a799e6d9,408,,528.0,5.0,5,"['web', 'email', 'mobile']",5,7.0,bogo,0,1
66e315fee08a48aa858187a93887b3cc,9b98b8c7a33c4b65b9aebfe6a799e6d9,576,,636.0,5.0,5,"['web', 'email', 'mobile']",5,7.0,bogo,0,1
66e5459d394e418f94411e88ff43f8da,4d5c57ea9a6940dd891ad53e9dbe8da0,336,,420.0,10.0,10,"['web', 'email', 'mobile', 'social']",10,5.0,bogo,0,1
66e5459d394e418f94411e88ff43f8da,9b98b8c7a33c4b65b9aebfe6a799e6d9,408,,420.0,5.0,5,"['web', 'email', 'mobile']",5,7.0,bogo,0,1
66fdddf3162d4da1b01f351810a18516,0b1e1539f2cc45b7b9fa7c272da2e1d7,0,,54.0,5.0,5,"['web', 'email']",20,10.0,discount,0,1
670626b55bfb4ba39c85b27cc7cca527,2906b810c7d4411798c6938adc9daaa5,336,,504.0,2.0,2,"['web', 'email', 'mobile']",10,7.0,discount,0,1
670626b55bfb4ba39c85b27cc7cca527,9b98b8c7a33c4b65b9aebfe6a799e6d9,408,,462.0,5.0,5,"['web', 'email', 'mobile']",5,7.0,bogo,0,1
67099b811d6346189251010654f8f22b,4d5c57ea9a6940dd891ad53e9dbe8da0,504,,516.0,10.0,10,"['web', 'email', 'mobile', 'social']",10,5.0,bogo,0,1
670a656d1f634d6da4c605919b0908e3,0b1e1539f2cc45b7b9fa7c272da2e1d7,336,,336.0,5.0,5,"['web', 'email']",20,10.0,discount,0,1
670a656d1f634d6da4c605919b0908e3,9b98b8c7a33c4b65b9aebfe6a799e6d9,408,,456.0,5.0,5,"['web', 'email', 'mobile']",5,7.0,bogo,0,1
67107ab1953649f98cea6977b6018707,2906b810c7d4411798c6938adc9daaa5,576,,582.0,2.0,2,"['web', 'email', 'mobile']",10,7.0,discount,0,1
67150b0ac62b4762b327de7242ede92e,0b1e1539f2cc45b7b9fa7c272da2e1d7,408,,528.0,5.0,5,"['web', 'email']",20,10.0,discount,0,1
672f9ec4a89b42f08bfc06905d316e0a,2906b810c7d4411798c6938adc9daaa5,576,,576.0,2.0,2,"['web', 'email', 'mobile']",10,7.0,discount,0,1
6731c03f14924f00b9c7507d9490657c,2906b810c7d4411798c6938adc9daaa5,168,,246.0,2.0,2,"['web', 'email', 'mobile']",10,7.0,discount,0,1
673e057084654257bc73e542f1f71ee2,2906b810c7d4411798c6938adc9daaa5,504,,642.0,2.0,2,"['web', 'email', 'mobile']",10,7.0,discount,0,1
67401af8aa0a40eb9946d62c0bc19571,2906b810c7d4411798c6938adc9daaa5,408,,414.0,2.0,2,"['web', 'email', 'mobile']",10,7.0,discount,0,1
67401af8aa0a40eb9946d62c0bc19571,0b1e1539f2cc45b7b9fa7c272da2e1d7,504,,600.0,5.0,5,"['web', 'email']",20,10.0,discount,0,1
6746ff7ff11040338898c98b10c84d05,0b1e1539f2cc45b7b9fa7c272da2e1d7,576,,618.0,5.0,5,"['web', 'email']",20,10.0,discount,0,1
6754504014ab4a7e8fce507acf566f9f,4d5c57ea9a6940dd891ad53e9dbe8da0,408,,492.0,10.0,10,"['web', 'email', 'mobile', 'social']",10,5.0,bogo,0,1
67819e7df4754ccc8e3386db19411ed1,2906b810c7d4411798c6938adc9daaa5,0,,102.0,2.0,2,"['web', 'email', 'mobile']",10,7.0,discount,0,1
67a106e2dbcc4c2bb411c7e027b6acc5,9b98b8c7a33c4b65b9aebfe6a799e6d9,168,,204.0,5.0,5,"['web', 'email', 'mobile']",5,7.0,bogo,0,1
67a899449da64a6287cb68b6fee98b32,0b1e1539f2cc45b7b9fa7c272da2e1d7,336,,558.0,5.0,5,"['web', 'email']",20,10.0,discount,0,1
67b3dd9298174ec5bcbe56f30b31a34e,0b1e1539f2cc45b7b9fa7c272da2e1d7,168,,174.0,5.0,5,"['web', 'email']",20,10.0,discount,0,1
67b61dd5047246a99a5966acd9253f0f,9b98b8c7a33c4b65b9aebfe6a799e6d9,336,,420.0,5.0,5,"['web', 'email', 'mobile']",5,7.0,bogo,0,1
67ce1a3e90f748b2b21723186529bdc2,2906b810c7d4411798c6938adc9daaa5,504,,570.0,2.0,2,"['web', 'email', 'mobile']",10,7.0,discount,0,1
67f05b562e2b49ce9063c9457bc83159,9b98b8c7a33c4b65b9aebfe6a799e6d9,0,,132.0,5.0,5,"['web', 'email', 'mobile']",5,7.0,bogo,0,1
681634754d6e499f9d87ab72e5759b66,0b1e1539f2cc45b7b9fa7c272da2e1d7,576,,612.0,5.0,5,"['web', 'email']",20,10.0,discount,0,1
68275bf750654990bf5e7479aed56241,2906b810c7d4411798c6938adc9daaa5,576,,684.0,2.0,2,"['web', 'email', 'mobile']",10,7.0,discount,0,1
682e67b90c0d42a1bf05b01c9f676be4,9b98b8c7a33c4b65b9aebfe6a799e6d9,408,,504.0,5.0,5,"['web', 'email', 'mobile']",5,7.0,bogo,0,1
684644265732451ba78dbcb6b639c1c6,f19421c1d4aa40978ebb69ca19b0e20d,336,,342.0,5.0,5,"['web', 'email', 'mobile', 'social']",5,5.0,bogo,0,1
684db2c7aa474355ab2cc55a7b5af3ce,2906b810c7d4411798c6938adc9daaa5,336,,456.0,2.0,2,"['web', 'email', 'mobile']",10,7.0,discount,0,1
685a085e74d0496a82def0e0962289ab,0b1e1539f2cc45b7b9fa7c272da2e1d7,0,,234.0,5.0,5,"['web', 'email']",20,10.0,discount,0,1
685b8642b2dd48b382e8829c8f8d38ad,2906b810c7d4411798c6938adc9daaa5,504,,516.0,2.0,2,"['web', 'email', 'mobile']",10,7.0,discount,0,1
686c4f4215c34e9e97cabd991bfe3abf,0b1e1539f2cc45b7b9fa7c272da2e1d7,504,,594.0,5.0,5,"['web', 'email']",20,10.0,discount,0,1
687647a3973e4acb80441a1a1e6aee3a,9b98b8c7a33c4b65b9aebfe6a799e6d9,576,,600.0,5.0,5,"['web', 'email', 'mobile']",5,7.0,bogo,0,1
6879bd496adb4c2599146ddfba829d14,0b1e1539f2cc45b7b9fa7c272da2e1d7,408,,432.0,5.0,5,"['web', 'email']",20,10.0,discount,0,1
68ebf5feb8d54d3bb95bdcac1f33efb7,2906b810c7d4411798c6938adc9daaa5,168,,198.0,2.0,2,"['web', 'email', 'mobile']",10,7.0,discount,0,1
68f0b93fd7cc40c0bec906c13dd2ee4b,ae264e3637204a6fb9bb56bc8210ddfd,336,,414.0,10.0,10,"['email', 'mobile', 'social']",10,7.0,bogo,0,1
68f0b93fd7cc40c0bec906c13dd2ee4b,0b1e1539f2cc45b7b9fa7c272da2e1d7,504,,528.0,5.0,5,"['web', 'email']",20,10.0,discount,0,1
68f32c01b6b144c6be1bd18ac2c319c3,0b1e1539f2cc45b7b9fa7c272da2e1d7,168,,324.0,5.0,5,"['web', 'email']",20,10.0,discount,0,1
68f32c01b6b144c6be1bd18ac2c319c3,9b98b8c7a33c4b65b9aebfe6a799e6d9,336,,360.0,5.0,5,"['web', 'email', 'mobile']",5,7.0,bogo,0,1
6906ebbf5a1a4d2aa2e193ccb4dea609,0b1e1539f2cc45b7b9fa7c272da2e1d7,0,,66.0,5.0,5,"['web', 'email']",20,10.0,discount,0,1
691070d9519a40f8ad205ee75093269d,0b1e1539f2cc45b7b9fa7c272da2e1d7,0,,78.0,5.0,5,"['web', 'email']",20,10.0,discount,0,1
693082e8ccf9458a88c428779cf556a6,0b1e1539f2cc45b7b9fa7c272da2e1d7,168,,378.0,5.0,5,"['web', 'email']",20,10.0,discount,0,1
693f27280c58443eb4177ee91d67dfb9,9b98b8c7a33c4b65b9aebfe6a799e6d9,0,,60.0,5.0,5,"['web', 'email', 'mobile']",5,7.0,bogo,0,1
693fe2f8e247468ca3a4b581fa66f499,2906b810c7d4411798c6938adc9daaa5,576,,588.0,2.0,2,"['web', 'email', 'mobile']",10,7.0,discount,0,1
6985f5feb03d419591be91df02575ed6,0b1e1539f2cc45b7b9fa7c272da2e1d7,408,,474.0,5.0,5,"['web', 'email']",20,10.0,discount,0,1
69a65bc782114db4be5a14baa823aba5,2906b810c7d4411798c6938adc9daaa5,576,,690.0,2.0,2,"['web', 'email', 'mobile']",10,7.0,discount,0,1
69addd8913974e6eae56b6e789acf2ca,ae264e3637204a6fb9bb56bc8210ddfd,408,,420.0,10.0,10,"['email', 'mobile', 'social']",10,7.0,bogo,0,1
69addd8913974e6eae56b6e789acf2ca,fafdcd668e3743c1bb461111dcafc2a4,504,,708.0,2.0,2,"['web', 'email', 'mobile', 'social']",10,10.0,discount,0,1
69ae1510a06443fc94d44898b5be4462,2906b810c7d4411798c6938adc9daaa5,336,,468.0,2.0,2,"['web', 'email', 'mobile']",10,7.0,discount,0,1
69ae1510a06443fc94d44898b5be4462,0b1e1539f2cc45b7b9fa7c272da2e1d7,576,,672.0,5.0,5,"['web', 'email']",20,10.0,discount,0,1
69b38766bae441d5a6f5ebb8304e7e58,2906b810c7d4411798c6938adc9daaa5,0,,18.0,2.0,2,"['web', 'email', 'mobile']",10,7.0,discount,0,1
69b3c27361614e65a256095798155f54,9b98b8c7a33c4b65b9aebfe6a799e6d9,408,,438.0,5.0,5,"['web', 'email', 'mobile']",5,7.0,bogo,0,1
69d148898a80483babb0f9b2f2cccf5a,2298d6c36e964ae4a3e7e9706d1fb8c2,504,,630.0,3.0,3,"['web', 'email', 'mobile', 'social']",7,7.0,discount,0,1
69db4ab5361045ce8cccdfbdd2cb5121,9b98b8c7a33c4b65b9aebfe6a799e6d9,504,,516.0,5.0,5,"['web', 'email', 'mobile']",5,7.0,bogo,0,1
69f965c1424d4b479a66639ea4e92285,0b1e1539f2cc45b7b9fa7c272da2e1d7,408,,438.0,5.0,5,"['web', 'email']",20,10.0,discount,0,1
6a1a4dcb646140af9ac2dc7ac1f8d63f,2298d6c36e964ae4a3e7e9706d1fb8c2,504,,552.0,3.0,3,"['web', 'email', 'mobile', 'social']",7,7.0,discount,0,1
6a3176bdc38a41b39b7c186f6b2457a9,2906b810c7d4411798c6938adc9daaa5,336,,426.0,2.0,2,"['web', 'email', 'mobile']",10,7.0,discount,0,1
6a34efdf439f4ef3bc13bf6b81d7ae3c,0b1e1539f2cc45b7b9fa7c272da2e1d7,504,,528.0,5.0,5,"['web', 'email']",20,10.0,discount,0,1
6a4066d776b64dde8c0444d2f1c14f5f,2906b810c7d4411798c6938adc9daaa5,408,,546.0,2.0,2,"['web', 'email', 'mobile']",10,7.0,discount,0,1
6a56c46485824ba798ded1a0aac96e02,2906b810c7d4411798c6938adc9daaa5,336,,600.0,2.0,2,"['web', 'email', 'mobile']",10,7.0,discount,0,1
6a5ed94c6f93499a8964a7fcc34167c9,ae264e3637204a6fb9bb56bc8210ddfd,0,,12.0,10.0,10,"['email', 'mobile', 'social']",10,7.0,bogo,0,1
6a619d10e88f489eae05ceb9a8f5b178,2298d6c36e964ae4a3e7e9706d1fb8c2,336,,390.0,3.0,3,"['web', 'email', 'mobile', 'social']",7,7.0,discount,0,1
6a8b0facbdf34e45bbf6d1f82fa6fc79,2298d6c36e964ae4a3e7e9706d1fb8c2,336,,438.0,3.0,3,"['web', 'email', 'mobile', 'social']",7,7.0,discount,0,1
6a8bb00f18204adb8a7c73d60f503853,2906b810c7d4411798c6938adc9daaa5,336,,420.0,2.0,2,"['web', 'email', 'mobile']",10,7.0,discount,0,1
6a8bb00f18204adb8a7c73d60f503853,9b98b8c7a33c4b65b9aebfe6a799e6d9,408,,420.0,5.0,5,"['web', 'email', 'mobile']",5,7.0,bogo,0,1
6a9fc468f1b344e4bed4893777bcd6a4,2906b810c7d4411798c6938adc9daaa5,336,,414.0,2.0,2,"['web', 'email', 'mobile']",10,7.0,discount,0,1
6ad02da4d1c54c92accb983f41251859,0b1e1539f2cc45b7b9fa7c272da2e1d7,576,,600.0,5.0,5,"['web', 'email']",20,10.0,discount,0,1
6ae4f7f014eb47e9a059839788cd8de3,9b98b8c7a33c4b65b9aebfe6a799e6d9,168,,612.0,5.0,5,"['web', 'email', 'mobile']",5,7.0,bogo,0,1
6ae744eab03d4b16b9a8a46a8c2d353d,9b98b8c7a33c4b65b9aebfe6a799e6d9,504,,600.0,5.0,5,"['web', 'email', 'mobile']",5,7.0,bogo,0,1
6afa642622ef46e1b92f4135748e5fd8,9b98b8c7a33c4b65b9aebfe6a799e6d9,336,,360.0,5.0,5,"['web', 'email', 'mobile']",5,7.0,bogo,0,1
6afb16929af541568b5a78b5d1039810,2906b810c7d4411798c6938adc9daaa5,408,,432.0,2.0,2,"['web', 'email', 'mobile']",10,7.0,discount,0,1
6b1c9e0cc8a54186a4129131a1726738,0b1e1539f2cc45b7b9fa7c272da2e1d7,408,,414.0,5.0,5,"['web', 'email']",20,10.0,discount,0,1
6b28342aae4443aa8beb1356a0cd4654,2906b810c7d4411798c6938adc9daaa5,504,,552.0,2.0,2,"['web', 'email', 'mobile']",10,7.0,discount,0,1
6b5233bd6a1144daabc42ce226f5443d,9b98b8c7a33c4b65b9aebfe6a799e6d9,408,,474.0,5.0,5,"['web', 'email', 'mobile']",5,7.0,bogo,0,1
6b91411fca31438dbb986a6056291bbd,9b98b8c7a33c4b65b9aebfe6a799e6d9,408,,564.0,5.0,5,"['web', 'email', 'mobile']",5,7.0,bogo,0,1
6b953f2664034c1cbdfbfdc6c81a7707,0b1e1539f2cc45b7b9fa7c272da2e1d7,504,,660.0,5.0,5,"['web', 'email']",20,10.0,discount,0,1
6b979cb1a50745ca9b2cea296b0918c3,0b1e1539f2cc45b7b9fa7c272da2e1d7,336,,366.0,5.0,5,"['web', 'email']",20,10.0,discount,0,1
6b98cb99c8b848f09dc7dc717b1f82ed,0b1e1539f2cc45b7b9fa7c272da2e1d7,168,,192.0,5.0,5,"['web', 'email']",20,10.0,discount,0,1
6b98cb99c8b848f09dc7dc717b1f82ed,2906b810c7d4411798c6938adc9daaa5,504,,600.0,2.0,2,"['web', 'email', 'mobile']",10,7.0,discount,0,1
6b998810e66244229bffd413f677bae0,ae264e3637204a6fb9bb56bc8210ddfd,576,,702.0,10.0,10,"['email', 'mobile', 'social']",10,7.0,bogo,0,1
6bb901d063a64c779320265b2aaeaee9,0b1e1539f2cc45b7b9fa7c272da2e1d7,408,,612.0,5.0,5,"['web', 'email']",20,10.0,discount,0,1
6bc3ae7560a74586ae8ad8ec5b120a7d,2906b810c7d4411798c6938adc9daaa5,408,,510.0,2.0,2,"['web', 'email', 'mobile']",10,7.0,discount,0,1
6bdd08b358ac44cbb9b379ff6ad6e9cc,9b98b8c7a33c4b65b9aebfe6a799e6d9,408,,588.0,5.0,5,"['web', 'email', 'mobile']",5,7.0,bogo,0,1
6be0513109fe4d738e2af7fb252fefb7,2906b810c7d4411798c6938adc9daaa5,336,,450.0,2.0,2,"['web', 'email', 'mobile']",10,7.0,discount,0,1
6bf6090ce6bf4dfa8c572d3f5fb1acc9,0b1e1539f2cc45b7b9fa7c272da2e1d7,0,,228.0,5.0,5,"['web', 'email']",20,10.0,discount,0,1
6bf6090ce6bf4dfa8c572d3f5fb1acc9,2906b810c7d4411798c6938adc9daaa5,504,,618.0,2.0,2,"['web', 'email', 'mobile']",10,7.0,discount,0,1
6c2c85ad5b244122a70425e6be34e0fd,9b98b8c7a33c4b65b9aebfe6a799e6d9,336,,462.0,5.0,5,"['web', 'email', 'mobile']",5,7.0,bogo,0,1
6c40d0aacba44dec9f473c8e4f220936,9b98b8c7a33c4b65b9aebfe6a799e6d9,336,,396.0,5.0,5,"['web', 'email', 'mobile']",5,7.0,bogo,0,1
6c5f8fc4bf034e959727d3e4cefcc53f,9b98b8c7a33c4b65b9aebfe6a799e6d9,408,,414.0,5.0,5,"['web', 'email', 'mobile']",5,7.0,bogo,0,1
6c9b18ecc7054a3fa2e56d793a09f46b,9b98b8c7a33c4b65b9aebfe6a799e6d9,168,,186.0,5.0,5,"['web', 'email', 'mobile']",5,7.0,bogo,0,1
6c9b18ecc7054a3fa2e56d793a09f46b,2906b810c7d4411798c6938adc9daaa5,408,,534.0,2.0,2,"['web', 'email', 'mobile']",10,7.0,discount,0,1
6ca5cfd2dc874a1da29d3bae917515f5,2906b810c7d4411798c6938adc9daaa5,0,,624.0,2.0,2,"['web', 'email', 'mobile']",10,7.0,discount,0,1
6ca5cfd2dc874a1da29d3bae917515f5,0b1e1539f2cc45b7b9fa7c272da2e1d7,408,,624.0,5.0,5,"['web', 'email']",20,10.0,discount,0,1
6cb5028f502a40f2b444e2000b085723,ae264e3637204a6fb9bb56bc8210ddfd,576,,612.0,10.0,10,"['email', 'mobile', 'social']",10,7.0,bogo,0,1
6cc4f71a24d04eca9ea44abfc018f15a,f19421c1d4aa40978ebb69ca19b0e20d,168,,180.0,5.0,5,"['web', 'email', 'mobile', 'social']",5,5.0,bogo,0,1
6cc7905aff274c08be9a1424bf2d1342,9b98b8c7a33c4b65b9aebfe6a799e6d9,0,,36.0,5.0,5,"['web', 'email', 'mobile']",5,7.0,bogo,0,1
6cceccb6720b4256a7dd2361f8d4deb3,0b1e1539f2cc45b7b9fa7c272da2e1d7,408,,618.0,5.0,5,"['web', 'email']",20,10.0,discount,0,1
6cceccb6720b4256a7dd2361f8d4deb3,9b98b8c7a33c4b65b9aebfe6a799e6d9,504,,618.0,5.0,5,"['web', 'email', 'mobile']",5,7.0,bogo,0,1
6cde0dadd1154cf89694618ce6f249da,0b1e1539f2cc45b7b9fa7c272da2e1d7,504,,666.0,5.0,5,"['web', 'email']",20,10.0,discount,0,1
6ce15c0fb9e84fe68e53cbbb98d2f049,2906b810c7d4411798c6938adc9daaa5,504,,606.0,2.0,2,"['web', 'email', 'mobile']",10,7.0,discount,0,1
6cf57647983849ac831a87f0c5baafc5,9b98b8c7a33c4b65b9aebfe6a799e6d9,0,,66.0,5.0,5,"['web', 'email', 'mobile']",5,7.0,bogo,0,1
6cfbe26d81d54108acb5061fbe1c867e,0b1e1539f2cc45b7b9fa7c272da2e1d7,504,,660.0,5.0,5,"['web', 'email']",20,10.0,discount,0,1
6d1b4ddc6746413e94754ee176a20ac6,2906b810c7d4411798c6938adc9daaa5,0,,126.0,2.0,2,"['web', 'email', 'mobile']",10,7.0,discount,0,1
6d45fac16b3d477e822bb9147b3238a9,2906b810c7d4411798c6938adc9daaa5,336,,438.0,2.0,2,"['web', 'email', 'mobile']",10,7.0,discount,0,1
6d45fac16b3d477e822bb9147b3238a9,f19421c1d4aa40978ebb69ca19b0e20d,504,,510.0,5.0,5,"['web', 'email', 'mobile', 'social']",5,5.0,bogo,0,1
6d4a7f37c83c4d158cf5afa0a08a52e9,0b1e1539f2cc45b7b9fa7c272da2e1d7,504,,588.0,5.0,5,"['web', 'email']",20,10.0,discount,0,1
6d78e73a854c433ca63effc96cedb6c0,2906b810c7d4411798c6938adc9daaa5,0,,36.0,2.0,2,"['web', 'email', 'mobile']",10,7.0,discount,0,1
6d78e73a854c433ca63effc96cedb6c0,4d5c57ea9a6940dd891ad53e9dbe8da0,504,,516.0,10.0,10,"['web', 'email', 'mobile', 'social']",10,5.0,bogo,0,1
6d86fa31d7bb49a1be3197271181d5cf,ae264e3637204a6fb9bb56bc8210ddfd,504,,510.0,10.0,10,"['email', 'mobile', 'social']",10,7.0,bogo,0,1
6d935793707b44c494e73659dfb42f61,ae264e3637204a6fb9bb56bc8210ddfd,336,,426.0,10.0,10,"['email', 'mobile', 'social']",10,7.0,bogo,0,1
6d9eecd1322c4bb8aeedfe691178b96c,4d5c57ea9a6940dd891ad53e9dbe8da0,336,,414.0,10.0,10,"['web', 'email', 'mobile', 'social']",10,5.0,bogo,0,1
6daa614ce185462287c3cef447780a92,0b1e1539f2cc45b7b9fa7c272da2e1d7,0,,576.0,5.0,5,"['web', 'email']",20,10.0,discount,0,1
6dae9375dafb4329b4d69ebbd04fdca7,9b98b8c7a33c4b65b9aebfe6a799e6d9,168,,222.0,5.0,5,"['web', 'email', 'mobile']",5,7.0,bogo,0,1
6dae9375dafb4329b4d69ebbd04fdca7,2906b810c7d4411798c6938adc9daaa5,408,,456.0,2.0,2,"['web', 'email', 'mobile']",10,7.0,discount,0,1
6dbfa6983e324cf08c64e52f3b790117,0b1e1539f2cc45b7b9fa7c272da2e1d7,168,,270.0,5.0,5,"['web', 'email']",20,10.0,discount,0,1
6dd31be298a84bc0801838852bee2fbe,9b98b8c7a33c4b65b9aebfe6a799e6d9,0,,18.0,5.0,5,"['web', 'email', 'mobile']",5,7.0,bogo,0,1
6ddaf7e78aac465fb7863c71b84c9f44,2906b810c7d4411798c6938adc9daaa5,336,,348.0,2.0,2,"['web', 'email', 'mobile']",10,7.0,discount,0,1
6de9de1e918648bcb0b69a72d12f6a74,2906b810c7d4411798c6938adc9daaa5,504,,624.0,2.0,2,"['web', 'email', 'mobile']",10,7.0,discount,0,1
6e0b0d6db74942b49007e6ff4699f32c,0b1e1539f2cc45b7b9fa7c272da2e1d7,168,,354.0,5.0,5,"['web', 'email']",20,10.0,discount,0,1
6e0dc8e3541a4673bbea288b933f4c2b,4d5c57ea9a6940dd891ad53e9dbe8da0,504,,516.0,10.0,10,"['web', 'email', 'mobile', 'social']",10,5.0,bogo,0,1
6e0dc8e3541a4673bbea288b933f4c2b,2906b810c7d4411798c6938adc9daaa5,576,,648.0,2.0,2,"['web', 'email', 'mobile']",10,7.0,discount,0,1
6e17206f31b14b708883823bdea8a227,2906b810c7d4411798c6938adc9daaa5,168,,318.0,2.0,2,"['web', 'email', 'mobile']",10,7.0,discount,0,1
6e30c103b3c446d58513c19a4da6e39b,9b98b8c7a33c4b65b9aebfe6a799e6d9,0,,60.0,5.0,5,"['web', 'email', 'mobile']",5,7.0,bogo,0,1
6e6132df38b84767848eabd6e0f12c08,ae264e3637204a6fb9bb56bc8210ddfd,504,,534.0,10.0,10,"['email', 'mobile', 'social']",10,7.0,bogo,0,1
6e62fe9276624cffa4c8f6ca0e41742d,2906b810c7d4411798c6938adc9daaa5,336,,420.0,2.0,2,"['web', 'email', 'mobile']",10,7.0,discount,0,1
6e81b647b6d84966b63e0d4fc45fc4f6,0b1e1539f2cc45b7b9fa7c272da2e1d7,408,,486.0,5.0,5,"['web', 'email']",20,10.0,discount,0,1
6e87e9e5ecc847849e15939467ac7d4c,0b1e1539f2cc45b7b9fa7c272da2e1d7,336,,540.0,5.0,5,"['web', 'email']",20,10.0,discount,0,1
6e89f03e9bb94a0697104ded595c721e,9b98b8c7a33c4b65b9aebfe6a799e6d9,336,,432.0,5.0,5,"['web', 'email', 'mobile']",5,7.0,bogo,0,1
6e92f1561dab4dc180245974f546f5b5,2906b810c7d4411798c6938adc9daaa5,0,,168.0,2.0,2,"['web', 'email', 'mobile']",10,7.0,discount,0,1
6e92f1561dab4dc180245974f546f5b5,0b1e1539f2cc45b7b9fa7c272da2e1d7,504,,516.0,5.0,5,"['web', 'email']",20,10.0,discount,0,1
6eaa05f587bb47d4aaec6b8adf978501,0b1e1539f2cc45b7b9fa7c272da2e1d7,408,,528.0,5.0,5,"['web', 'email']",20,10.0,discount,0,1
6eb33af1541241f9b986c48fef3822ca,2906b810c7d4411798c6938adc9daaa5,504,,606.0,2.0,2,"['web', 'email', 'mobile']",10,7.0,discount,0,1
6ee360b5c2ed4232b41fa2cc677b23f7,ae264e3637204a6fb9bb56bc8210ddfd,336,,414.0,10.0,10,"['email', 'mobile', 'social']",10,7.0,bogo,0,1
6f089fe142874843bb1d7bf83d56746e,9b98b8c7a33c4b65b9aebfe6a799e6d9,0,,6.0,5.0,5,"['web', 'email', 'mobile']",5,7.0,bogo,0,1
6f2be1f4e8574becaa4ac61cfdb0a971,4d5c57ea9a6940dd891ad53e9dbe8da0,336,,336.0,10.0,10,"['web', 'email', 'mobile', 'social']",10,5.0,bogo,0,1
6f6778a3d3ac40b1bc13893c226a3f97,2906b810c7d4411798c6938adc9daaa5,576,,708.0,2.0,2,"['web', 'email', 'mobile']",10,7.0,discount,0,1
6f6a3bba7af74d05b7a2a422021755a2,0b1e1539f2cc45b7b9fa7c272da2e1d7,168,,204.0,5.0,5,"['web', 'email']",20,10.0,discount,0,1
6f6f3af3a32d49aa9f1303c2c11333e7,2906b810c7d4411798c6938adc9daaa5,168,,264.0,2.0,2,"['web', 'email', 'mobile']",10,7.0,discount,0,1
6fae0fe809b34a45bd87deb5e317adec,0b1e1539f2cc45b7b9fa7c272da2e1d7,0,,66.0,5.0,5,"['web', 'email']",20,10.0,discount,0,1
6fae0fe809b34a45bd87deb5e317adec,9b98b8c7a33c4b65b9aebfe6a799e6d9,336,,348.0,5.0,5,"['web', 'email', 'mobile']",5,7.0,bogo,0,1
6fae6620749949e1a2211d8e16887bea,f19421c1d4aa40978ebb69ca19b0e20d,504,,558.0,5.0,5,"['web', 'email', 'mobile', 'social']",5,5.0,bogo,0,1
6fae6620749949e1a2211d8e16887bea,0b1e1539f2cc45b7b9fa7c272da2e1d7,576,,684.0,5.0,5,"['web', 'email']",20,10.0,discount,0,1
6fc4b2ee5d844566aafeaa209fe11de1,9b98b8c7a33c4b65b9aebfe6a799e6d9,168,,396.0,5.0,5,"['web', 'email', 'mobile']",5,7.0,bogo,0,1
6ff0609fb8394bde8695e81d4809e3ba,9b98b8c7a33c4b65b9aebfe6a799e6d9,336,,384.0,5.0,5,"['web', 'email', 'mobile']",5,7.0,bogo,0,1
6ff6a067acc848e29f7c1b926925741d,0b1e1539f2cc45b7b9fa7c272da2e1d7,408,,522.0,5.0,5,"['web', 'email']",20,10.0,discount,0,1
700f2b3ea88643e0a65722cfb71f543b,9b98b8c7a33c4b65b9aebfe6a799e6d9,336,,696.0,5.0,5,"['web', 'email', 'mobile']",5,7.0,bogo,0,1
700f2b3ea88643e0a65722cfb71f543b,2906b810c7d4411798c6938adc9daaa5,408,,558.0,2.0,2,"['web', 'email', 'mobile']",10,7.0,discount,0,1
7010572eb9a14fa690ff8219ebe09dbd,2298d6c36e964ae4a3e7e9706d1fb8c2,408,,408.0,3.0,3,"['web', 'email', 'mobile', 'social']",7,7.0,discount,0,1
701f5a2770694eff9d3863d73d5402f8,0b1e1539f2cc45b7b9fa7c272da2e1d7,576,,684.0,5.0,5,"['web', 'email']",20,10.0,discount,0,1
702b17d2b3754788b4008985343633d8,0b1e1539f2cc45b7b9fa7c272da2e1d7,0,,18.0,5.0,5,"['web', 'email']",20,10.0,discount,0,1
7055b5fa5f8647618aa14e220b7c6b5c,9b98b8c7a33c4b65b9aebfe6a799e6d9,168,,198.0,5.0,5,"['web', 'email', 'mobile']",5,7.0,bogo,0,1
7055b5fa5f8647618aa14e220b7c6b5c,0b1e1539f2cc45b7b9fa7c272da2e1d7,408,,588.0,5.0,5,"['web', 'email']",20,10.0,discount,0,1
7055b5fa5f8647618aa14e220b7c6b5c,2906b810c7d4411798c6938adc9daaa5,504,,588.0,2.0,2,"['web', 'email', 'mobile']",10,7.0,discount,0,1
707751baa4864f26b172acd343e19f87,0b1e1539f2cc45b7b9fa7c272da2e1d7,168,,288.0,5.0,5,"['web', 'email']",20,10.0,discount,0,1
70837cfc2ebd48dba6f92f6c685d88e1,9b98b8c7a33c4b65b9aebfe6a799e6d9,408,,486.0,5.0,5,"['web', 'email', 'mobile']",5,7.0,bogo,0,1
7085f1da461144378c92631a65c93eda,2906b810c7d4411798c6938adc9daaa5,504,,594.0,2.0,2,"['web', 'email', 'mobile']",10,7.0,discount,0,1
708d8271f758417e9555313e8de385ce,0b1e1539f2cc45b7b9fa7c272da2e1d7,336,,552.0,5.0,5,"['web', 'email']",20,10.0,discount,0,1
709189c4727342a782cd28ad41c1b316,0b1e1539f2cc45b7b9fa7c272da2e1d7,168,,348.0,5.0,5,"['web', 'email']",20,10.0,discount,0,1
70938b2cdda040a4b513a39d9ac381ed,0b1e1539f2cc45b7b9fa7c272da2e1d7,0,,288.0,5.0,5,"['web', 'email']",20,10.0,discount,0,1
70a2de25ae034581944b0dcc04d1f7f6,9b98b8c7a33c4b65b9aebfe6a799e6d9,0,,102.0,5.0,5,"['web', 'email', 'mobile']",5,7.0,bogo,0,1
70a5c4916ce045de9ebd71a7c49668c3,4d5c57ea9a6940dd891ad53e9dbe8da0,336,,384.0,10.0,10,"['web', 'email', 'mobile', 'social']",10,5.0,bogo,0,1
70bac9e7c9ed40669e71bcb07124fe27,0b1e1539f2cc45b7b9fa7c272da2e1d7,336,,426.0,5.0,5,"['web', 'email']",20,10.0,discount,0,1
70bac9e7c9ed40669e71bcb07124fe27,f19421c1d4aa40978ebb69ca19b0e20d,408,,426.0,5.0,5,"['web', 'email', 'mobile', 'social']",5,5.0,bogo,0,1
70dd84bdef064ba6905b85f4ff132afb,9b98b8c7a33c4b65b9aebfe6a799e6d9,336,,384.0,5.0,5,"['web', 'email', 'mobile']",5,7.0,bogo,0,1
70e5c106ec084acabc0644f12ced1069,0b1e1539f2cc45b7b9fa7c272da2e1d7,0,,72.0,5.0,5,"['web', 'email']",20,10.0,discount,0,1
70e89b09554b457598b077139ef10585,9b98b8c7a33c4b65b9aebfe6a799e6d9,336,,372.0,5.0,5,"['web', 'email', 'mobile']",5,7.0,bogo,0,1
70f8c587fcf9433b8ca366eaf480f814,0b1e1539f2cc45b7b9fa7c272da2e1d7,0,,156.0,5.0,5,"['web', 'email']",20,10.0,discount,0,1
710171df9a834bc9b4b4217572d688f5,2906b810c7d4411798c6938adc9daaa5,408,,510.0,2.0,2,"['web', 'email', 'mobile']",10,7.0,discount,0,1
7106cfb2dfd74991ad5b5fbde4707408,2906b810c7d4411798c6938adc9daaa5,168,,222.0,2.0,2,"['web', 'email', 'mobile']",10,7.0,discount,0,1
710fc3e852a0475f8aba61dd69ef08e3,0b1e1539f2cc45b7b9fa7c272da2e1d7,408,,438.0,5.0,5,"['web', 'email']",20,10.0,discount,0,1
710fc3e852a0475f8aba61dd69ef08e3,ae264e3637204a6fb9bb56bc8210ddfd,576,,588.0,10.0,10,"['email', 'mobile', 'social']",10,7.0,bogo,0,1
7117a7713dfa4941bf653b99926cd28d,0b1e1539f2cc45b7b9fa7c272da2e1d7,576,,594.0,5.0,5,"['web', 'email']",20,10.0,discount,0,1
714fc5d966a249ae92794992198dae5c,0b1e1539f2cc45b7b9fa7c272da2e1d7,168,,516.0,5.0,5,"['web', 'email']",20,10.0,discount,0,1
7159a65a128b4e63b2e708b119414195,0b1e1539f2cc45b7b9fa7c272da2e1d7,336,,534.0,5.0,5,"['web', 'email']",20,10.0,discount,0,1
715b22238df84b9fbad9485f23192c4d,2906b810c7d4411798c6938adc9daaa5,408,,420.0,2.0,2,"['web', 'email', 'mobile']",10,7.0,discount,0,1
71616972113d4b2e98603941709cadd1,ae264e3637204a6fb9bb56bc8210ddfd,504,,534.0,10.0,10,"['email', 'mobile', 'social']",10,7.0,bogo,0,1
716a961d2afb4c1d8307522a8cbb4f07,2906b810c7d4411798c6938adc9daaa5,408,,468.0,2.0,2,"['web', 'email', 'mobile']",10,7.0,discount,0,1
71721bc113e246aea2209b2aa7a5d58f,0b1e1539f2cc45b7b9fa7c272da2e1d7,168,,288.0,5.0,5,"['web', 'email']",20,10.0,discount,0,1
717eee391dc44e9aba4315b917ebaa35,2906b810c7d4411798c6938adc9daaa5,408,,492.0,2.0,2,"['web', 'email', 'mobile']",10,7.0,discount,0,1
7197df6ea5844a46981740fdda211f64,ae264e3637204a6fb9bb56bc8210ddfd,336,,426.0,10.0,10,"['email', 'mobile', 'social']",10,7.0,bogo,0,1
71a5dd25d3704dafa598b9cc2ca7028a,2906b810c7d4411798c6938adc9daaa5,504,,516.0,2.0,2,"['web', 'email', 'mobile']",10,7.0,discount,0,1
71a8f3d1c1dd4c0ab44c4680d4041a17,0b1e1539f2cc45b7b9fa7c272da2e1d7,408,,540.0,5.0,5,"['web', 'email']",20,10.0,discount,0,1
71ab9fdb4c6944bfbfe6aba76336a14e,2906b810c7d4411798c6938adc9daaa5,0,,96.0,2.0,2,"['web', 'email', 'mobile']",10,7.0,discount,0,1
71c3efbfee2a40808e98911ae6d08df3,9b98b8c7a33c4b65b9aebfe6a799e6d9,0,,714.0,5.0,5,"['web', 'email', 'mobile']",5,7.0,bogo,0,1
71c5266938b8447f88fe1d93d561d523,0b1e1539f2cc45b7b9fa7c272da2e1d7,0,,588.0,5.0,5,"['web', 'email']",20,10.0,discount,0,1
71c5266938b8447f88fe1d93d561d523,2906b810c7d4411798c6938adc9daaa5,168,,246.0,2.0,2,"['web', 'email', 'mobile']",10,7.0,discount,0,1
71c5266938b8447f88fe1d93d561d523,ae264e3637204a6fb9bb56bc8210ddfd,504,,588.0,10.0,10,"['email', 'mobile', 'social']",10,7.0,bogo,0,1
71ce5de6f6e74f8b97086c55385f54c0,2298d6c36e964ae4a3e7e9706d1fb8c2,408,,408.0,3.0,3,"['web', 'email', 'mobile', 'social']",7,7.0,discount,0,1
71d3c278485543f4a7e4f5581f4414e5,2906b810c7d4411798c6938adc9daaa5,576,,618.0,2.0,2,"['web', 'email', 'mobile']",10,7.0,discount,0,1
71d616e5417b486985e763b8f88ffe3d,9b98b8c7a33c4b65b9aebfe6a799e6d9,504,,654.0,5.0,5,"['web', 'email', 'mobile']",5,7.0,bogo,0,1
71de1f697e3142b685847eabb040440e,0b1e1539f2cc45b7b9fa7c272da2e1d7,168,,390.0,5.0,5,"['web', 'email']",20,10.0,discount,0,1
71de1f697e3142b685847eabb040440e,ae264e3637204a6fb9bb56bc8210ddfd,504,,522.0,10.0,10,"['email', 'mobile', 'social']",10,7.0,bogo,0,1
71e3816e189044ba8808f54e50070ecb,ae264e3637204a6fb9bb56bc8210ddfd,504,,672.0,10.0,10,"['email', 'mobile', 'social']",10,7.0,bogo,0,1
722861f1006e4bd19439516cce98fbfd,9b98b8c7a33c4b65b9aebfe6a799e6d9,576,,666.0,5.0,5,"['web', 'email', 'mobile']",5,7.0,bogo,0,1
722c090fe88445eeb9f32ad8bcdbc05a,0b1e1539f2cc45b7b9fa7c272da2e1d7,504,,588.0,5.0,5,"['web', 'email']",20,10.0,discount,0,1
723eb3f991e946b9883e08aeb6d78fac,ae264e3637204a6fb9bb56bc8210ddfd,336,,396.0,10.0,10,"['email', 'mobile', 'social']",10,7.0,bogo,0,1
725ba86b92fc4a1ea4aa4bbefcadf3e0,2906b810c7d4411798c6938adc9daaa5,336,,486.0,2.0,2,"['web', 'email', 'mobile']",10,7.0,discount,0,1
72900a2f80e043d189ef1f5b1bda7c37,9b98b8c7a33c4b65b9aebfe6a799e6d9,504,,528.0,5.0,5,"['web', 'email', 'mobile']",5,7.0,bogo,0,1
729edf023aa244919d6bb973901614cc,0b1e1539f2cc45b7b9fa7c272da2e1d7,576,,636.0,5.0,5,"['web', 'email']",20,10.0,discount,0,1
72a6a2e611c04533bec280d3700fbf3d,ae264e3637204a6fb9bb56bc8210ddfd,336,,360.0,10.0,10,"['email', 'mobile', 'social']",10,7.0,bogo,0,1
72a8d616d5384b718bd1caab46ae2a8f,9b98b8c7a33c4b65b9aebfe6a799e6d9,336,,342.0,5.0,5,"['web', 'email', 'mobile']",5,7.0,bogo,0,1
72b40f47cf284501b0f32c6ec0bfd069,2906b810c7d4411798c6938adc9daaa5,408,,570.0,2.0,2,"['web', 'email', 'mobile']",10,7.0,discount,0,1
72b5a6743ee84f01a40fd6f1a378c560,9b98b8c7a33c4b65b9aebfe6a799e6d9,168,,252.0,5.0,5,"['web', 'email', 'mobile']",5,7.0,bogo,0,1
72b5a6743ee84f01a40fd6f1a378c560,2906b810c7d4411798c6938adc9daaa5,336,,438.0,2.0,2,"['web', 'email', 'mobile']",10,7.0,discount,0,1
72e932abc2e34e699c2d4dfe6529cd28,0b1e1539f2cc45b7b9fa7c272da2e1d7,408,,642.0,5.0,5,"['web', 'email']",20,10.0,discount,0,1
72f7f399be0e4ea9898fd761b1d0780c,9b98b8c7a33c4b65b9aebfe6a799e6d9,0,,30.0,5.0,5,"['web', 'email', 'mobile']",5,7.0,bogo,0,1
72f7f399be0e4ea9898fd761b1d0780c,2906b810c7d4411798c6938adc9daaa5,576,,588.0,2.0,2,"['web', 'email', 'mobile']",10,7.0,discount,0,1
7317a38ea30a43ea9a72a923e98e0359,0b1e1539f2cc45b7b9fa7c272da2e1d7,504,,588.0,5.0,5,"['web', 'email']",20,10.0,discount,0,1
731b213fd7c844fbab2e6f02f23e3114,2906b810c7d4411798c6938adc9daaa5,408,,408.0,2.0,2,"['web', 'email', 'mobile']",10,7.0,discount,0,1
7350b05fbf9047c5a4ce4969aa04cb7b,9b98b8c7a33c4b65b9aebfe6a799e6d9,336,,420.0,5.0,5,"['web', 'email', 'mobile']",5,7.0,bogo,0,1
736b9b540036473985913edde51ed7b5,2906b810c7d4411798c6938adc9daaa5,576,,606.0,2.0,2,"['web', 'email', 'mobile']",10,7.0,discount,0,1
736d5d74b22f4a9584827d8dc2e1f5b2,2906b810c7d4411798c6938adc9daaa5,576,,696.0,2.0,2,"['web', 'email', 'mobile']",10,7.0,discount,0,1
737789ee6eb143639c8dd7c58ab40253,2906b810c7d4411798c6938adc9daaa5,576,,576.0,2.0,2,"['web', 'email', 'mobile']",10,7.0,discount,0,1
738943cdecfd4534853c159569fa9e49,2298d6c36e964ae4a3e7e9706d1fb8c2,504,,528.0,3.0,3,"['web', 'email', 'mobile', 'social']",7,7.0,discount,0,1
739e166b5cef4225a9bcf89234f02607,0b1e1539f2cc45b7b9fa7c272da2e1d7,336,,480.0,5.0,5,"['web', 'email']",20,10.0,discount,0,1
73afdeca19e349b98f09e928644610f8,0b1e1539f2cc45b7b9fa7c272da2e1d7,168,,378.0,5.0,5,"['web', 'email']",20,10.0,discount,0,1
73afdeca19e349b98f09e928644610f8,9b98b8c7a33c4b65b9aebfe6a799e6d9,504,,504.0,5.0,5,"['web', 'email', 'mobile']",5,7.0,bogo,0,1
73c157a4b8e342fcb5d8479d8cb41e81,0b1e1539f2cc45b7b9fa7c272da2e1d7,336,,432.0,5.0,5,"['web', 'email']",20,10.0,discount,0,1
73c5add7117c43b3b13a17cb05ae15ad,9b98b8c7a33c4b65b9aebfe6a799e6d9,336,,390.0,5.0,5,"['web', 'email', 'mobile']",5,7.0,bogo,0,1
73c5add7117c43b3b13a17cb05ae15ad,f19421c1d4aa40978ebb69ca19b0e20d,408,,450.0,5.0,5,"['web', 'email', 'mobile', 'social']",5,5.0,bogo,0,1
73c5add7117c43b3b13a17cb05ae15ad,2906b810c7d4411798c6938adc9daaa5,504,,666.0,2.0,2,"['web', 'email', 'mobile']",10,7.0,discount,0,1
73d249175a594096b82528817cb483db,0b1e1539f2cc45b7b9fa7c272da2e1d7,336,,558.0,5.0,5,"['web', 'email']",20,10.0,discount,0,1
73d249175a594096b82528817cb483db,9b98b8c7a33c4b65b9aebfe6a799e6d9,408,,558.0,5.0,5,"['web', 'email', 'mobile']",5,7.0,bogo,0,1
73df95a605be49f18eafaab4b756d928,0b1e1539f2cc45b7b9fa7c272da2e1d7,576,,624.0,5.0,5,"['web', 'email']",20,10.0,discount,0,1
74332b3675714b6ca36e9ef95e5feb8a,2906b810c7d4411798c6938adc9daaa5,0,,120.0,2.0,2,"['web', 'email', 'mobile']",10,7.0,discount,0,1
7442737db478422b8db9f223f2c1ddd0,2298d6c36e964ae4a3e7e9706d1fb8c2,336,,468.0,3.0,3,"['web', 'email', 'mobile', 'social']",7,7.0,discount,0,1
744b4ba3c8104f72a77f097bb0b96de7,0b1e1539f2cc45b7b9fa7c272da2e1d7,408,,546.0,5.0,5,"['web', 'email']",20,10.0,discount,0,1
746e444adffa448587530c0d57729c1b,2906b810c7d4411798c6938adc9daaa5,168,,336.0,2.0,2,"['web', 'email', 'mobile']",10,7.0,discount,0,1
74763e4ccbf549c6bc1205f4378f5747,9b98b8c7a33c4b65b9aebfe6a799e6d9,168,,336.0,5.0,5,"['web', 'email', 'mobile']",5,7.0,bogo,0,1
74763e4ccbf549c6bc1205f4378f5747,2906b810c7d4411798c6938adc9daaa5,504,,642.0,2.0,2,"['web', 'email', 'mobile']",10,7.0,discount,0,1
748b3ef956ed4a84aec1517a0347a7d5,0b1e1539f2cc45b7b9fa7c272da2e1d7,336,,474.0,5.0,5,"['web', 'email']",20,10.0,discount,0,1
74aaf7e635f140ca8316d5b5071b57dc,0b1e1539f2cc45b7b9fa7c272da2e1d7,0,,108.0,5.0,5,"['web', 'email']",20,10.0,discount,0,1
74b8a279433a4750b8568ae7478ac2fe,2906b810c7d4411798c6938adc9daaa5,336,,420.0,2.0,2,"['web', 'email', 'mobile']",10,7.0,discount,0,1
74e413dfd6f2437788286abfe2bc3f8a,9b98b8c7a33c4b65b9aebfe6a799e6d9,504,,618.0,5.0,5,"['web', 'email', 'mobile']",5,7.0,bogo,0,1
750899eaedae4f2c99a6cc0e54412875,2298d6c36e964ae4a3e7e9706d1fb8c2,504,,654.0,3.0,3,"['web', 'email', 'mobile', 'social']",7,7.0,discount,0,1
7511dba4166d42dfa5c3373e85bc9f2b,9b98b8c7a33c4b65b9aebfe6a799e6d9,168,,180.0,5.0,5,"['web', 'email', 'mobile']",5,7.0,bogo,0,1
7511dba4166d42dfa5c3373e85bc9f2b,2906b810c7d4411798c6938adc9daaa5,504,,510.0,2.0,2,"['web', 'email', 'mobile']",10,7.0,discount,0,1
7522ec8814e74a22a5b46e8cca449f8c,2906b810c7d4411798c6938adc9daaa5,0,,162.0,2.0,2,"['web', 'email', 'mobile']",10,7.0,discount,0,1
7539eacefcfb4a3db7226fe0056e3f3f,2906b810c7d4411798c6938adc9daaa5,504,,666.0,2.0,2,"['web', 'email', 'mobile']",10,7.0,discount,0,1
754876debbb94994a6c4e45510eeb124,ae264e3637204a6fb9bb56bc8210ddfd,504,,516.0,10.0,10,"['email', 'mobile', 'social']",10,7.0,bogo,0,1
754bb232d09c4cadbee345cedadf3b01,9b98b8c7a33c4b65b9aebfe6a799e6d9,336,,396.0,5.0,5,"['web', 'email', 'mobile']",5,7.0,bogo,0,1
754bb232d09c4cadbee345cedadf3b01,2298d6c36e964ae4a3e7e9706d1fb8c2,504,,522.0,3.0,3,"['web', 'email', 'mobile', 'social']",7,7.0,discount,0,1
7561a0a081e64e118bbc78818c890ab7,0b1e1539f2cc45b7b9fa7c272da2e1d7,408,,552.0,5.0,5,"['web', 'email']",20,10.0,discount,0,1
756418e9da164ec9bd7af9886df13d2a,9b98b8c7a33c4b65b9aebfe6a799e6d9,336,,444.0,5.0,5,"['web', 'email', 'mobile']",5,7.0,bogo,0,1
756418e9da164ec9bd7af9886df13d2a,2906b810c7d4411798c6938adc9daaa5,576,,696.0,2.0,2,"['web', 'email', 'mobile']",10,7.0,discount,0,1
7576b74764e3443d9a3589e0e68fce89,9b98b8c7a33c4b65b9aebfe6a799e6d9,336,,378.0,5.0,5,"['web', 'email', 'mobile']",5,7.0,bogo,0,1
7594bc509b914aa19f35ed3fbf7b0c81,ae264e3637204a6fb9bb56bc8210ddfd,408,,462.0,10.0,10,"['email', 'mobile', 'social']",10,7.0,bogo,0,1
75bb371cf36d4a9186397a9866ed2fbe,0b1e1539f2cc45b7b9fa7c272da2e1d7,336,,576.0,5.0,5,"['web', 'email']",20,10.0,discount,0,1
75c1b4d22fd24b35b2f0a52fd8ff1735,2906b810c7d4411798c6938adc9daaa5,408,,528.0,2.0,2,"['web', 'email', 'mobile']",10,7.0,discount,0,1
75d248be69924f96abe06b644dd0b1c6,0b1e1539f2cc45b7b9fa7c272da2e1d7,0,,204.0,5.0,5,"['web', 'email']",20,10.0,discount,0,1
75e2d1dcb1bf44499951000cfd50a88d,ae264e3637204a6fb9bb56bc8210ddfd,0,,120.0,10.0,10,"['email', 'mobile', 'social']",10,7.0,bogo,0,1
75e2d1dcb1bf44499951000cfd50a88d,2906b810c7d4411798c6938adc9daaa5,504,,612.0,2.0,2,"['web', 'email', 'mobile']",10,7.0,discount,0,1
75ebf737270f4aed850374986aac7333,9b98b8c7a33c4b65b9aebfe6a799e6d9,336,,390.0,5.0,5,"['web', 'email', 'mobile']",5,7.0,bogo,0,1
75ebf737270f4aed850374986aac7333,0b1e1539f2cc45b7b9fa7c272da2e1d7,504,,696.0,5.0,5,"['web', 'email']",20,10.0,discount,0,1
75ff6fb8558a4794833ca4bd8a943e14,0b1e1539f2cc45b7b9fa7c272da2e1d7,336,,498.0,5.0,5,"['web', 'email']",20,10.0,discount,0,1
76018bc0dfd64ccc8f2e7959bf627ba7,0b1e1539f2cc45b7b9fa7c272da2e1d7,0,,222.0,5.0,5,"['web', 'email']",20,10.0,discount,0,1
760c9957f7a54ac2ae79f63ac460c80f,0b1e1539f2cc45b7b9fa7c272da2e1d7,504,,552.0,5.0,5,"['web', 'email']",20,10.0,discount,0,1
7612d9106ce94b26970c2ae2adf13773,9b98b8c7a33c4b65b9aebfe6a799e6d9,0,,168.0,5.0,5,"['web', 'email', 'mobile']",5,7.0,bogo,0,1
762384c7198a4af8b1773400d8ec0335,2906b810c7d4411798c6938adc9daaa5,336,,390.0,2.0,2,"['web', 'email', 'mobile']",10,7.0,discount,0,1
76244aaaebc54b67b4d0e236a58c6ff3,9b98b8c7a33c4b65b9aebfe6a799e6d9,504,,618.0,5.0,5,"['web', 'email', 'mobile']",5,7.0,bogo,0,1
763d64d761ce40d2adb1c5525c2c3d87,2906b810c7d4411798c6938adc9daaa5,504,,582.0,2.0,2,"['web', 'email', 'mobile']",10,7.0,discount,0,1
765536546ea044059829ad3a1f81c3dd,0b1e1539f2cc45b7b9fa7c272da2e1d7,336,,444.0,5.0,5,"['web', 'email']",20,10.0,discount,0,1
76572f8a2bf44a3f93a2d6cd9693bc86,2906b810c7d4411798c6938adc9daaa5,504,,588.0,2.0,2,"['web', 'email', 'mobile']",10,7.0,discount,0,1
7682790c53ef4f11bb467662fa40549d,ae264e3637204a6fb9bb56bc8210ddfd,504,,606.0,10.0,10,"['email', 'mobile', 'social']",10,7.0,bogo,0,1
76830f4119594aa79e6d7627d96e00fc,2906b810c7d4411798c6938adc9daaa5,336,,450.0,2.0,2,"['web', 'email', 'mobile']",10,7.0,discount,0,1
76919022666747ffb747b52151ba992b,2906b810c7d4411798c6938adc9daaa5,504,,606.0,2.0,2,"['web', 'email', 'mobile']",10,7.0,discount,0,1
76a1188b80194067b76275c18ae9d321,f19421c1d4aa40978ebb69ca19b0e20d,336,,402.0,5.0,5,"['web', 'email', 'mobile', 'social']",5,5.0,bogo,0,1
76a5b67f65764c71bc6304500ade2028,9b98b8c7a33c4b65b9aebfe6a799e6d9,168,,276.0,5.0,5,"['web', 'email', 'mobile']",5,7.0,bogo,0,1
76bd939360294478b7082aed25ff5ae4,0b1e1539f2cc45b7b9fa7c272da2e1d7,0,,228.0,5.0,5,"['web', 'email']",20,10.0,discount,0,1
76e4c32f141f4bd1b1a905cf6b28bcfa,0b1e1539f2cc45b7b9fa7c272da2e1d7,336,,486.0,5.0,5,"['web', 'email']",20,10.0,discount,0,1
76f1746d47634fb6a1372d798f81d2e4,2906b810c7d4411798c6938adc9daaa5,168,,192.0,2.0,2,"['web', 'email', 'mobile']",10,7.0,discount,0,1
77062b74e4b5481f81ff34b48d870a7f,ae264e3637204a6fb9bb56bc8210ddfd,408,,414.0,10.0,10,"['email', 'mobile', 'social']",10,7.0,bogo,0,1
7729cff13e7e48689ca9333265497ff1,0b1e1539f2cc45b7b9fa7c272da2e1d7,336,,402.0,5.0,5,"['web', 'email']",20,10.0,discount,0,1
77320a68605841169979f8b497ba0ca1,0b1e1539f2cc45b7b9fa7c272da2e1d7,0,,78.0,5.0,5,"['web', 'email']",20,10.0,discount,0,1
773305e8c17e45558a5e03c86826b116,0b1e1539f2cc45b7b9fa7c272da2e1d7,336,,456.0,5.0,5,"['web', 'email']",20,10.0,discount,0,1
7737b85f7f5e4b2c8b7d9003015c73d4,0b1e1539f2cc45b7b9fa7c272da2e1d7,0,,42.0,5.0,5,"['web', 'email']",20,10.0,discount,0,1
77388a70eaf14433b4efc5d01fa947bf,0b1e1539f2cc45b7b9fa7c272da2e1d7,408,,468.0,5.0,5,"['web', 'email']",20,10.0,discount,0,1
773b9b57713f470fbfe74ab32a41a945,9b98b8c7a33c4b65b9aebfe6a799e6d9,504,,534.0,5.0,5,"['web', 'email', 'mobile']",5,7.0,bogo,0,1
773bec02e0ce497ca404dff3e236c9f7,2906b810c7d4411798c6938adc9daaa5,0,,18.0,2.0,2,"['web', 'email', 'mobile']",10,7.0,discount,0,1
773f79d725d040deae4782ec3d2efda8,0b1e1539f2cc45b7b9fa7c272da2e1d7,408,,486.0,5.0,5,"['web', 'email']",20,10.0,discount,0,1
774d4dd8316449afb52b3121f296aec6,0b1e1539f2cc45b7b9fa7c272da2e1d7,504,,696.0,5.0,5,"['web', 'email']",20,10.0,discount,0,1
774d6223fea8418a92c5742a4f55b7a9,9b98b8c7a33c4b65b9aebfe6a799e6d9,576,,648.0,5.0,5,"['web', 'email', 'mobile']",5,7.0,bogo,0,1
7774e6b6c61f4691bbe22622ebfe2679,9b98b8c7a33c4b65b9aebfe6a799e6d9,576,,576.0,5.0,5,"['web', 'email', 'mobile']",5,7.0,bogo,0,1
7775200e6d2e45a6b99b5c3530264669,2906b810c7d4411798c6938adc9daaa5,336,,414.0,2.0,2,"['web', 'email', 'mobile']",10,7.0,discount,0,1
77789c5386674540b7ba942cdb099467,0b1e1539f2cc45b7b9fa7c272da2e1d7,168,,318.0,5.0,5,"['web', 'email']",20,10.0,discount,0,1
7781f37512cc47e5af0287084f857b56,0b1e1539f2cc45b7b9fa7c272da2e1d7,336,,492.0,5.0,5,"['web', 'email']",20,10.0,discount,0,1
7789a7e2176645daa6f78382698cc587,0b1e1539f2cc45b7b9fa7c272da2e1d7,336,,552.0,5.0,5,"['web', 'email']",20,10.0,discount,0,1
77988077b7d14c7c94981ca77929756c,2906b810c7d4411798c6938adc9daaa5,408,,408.0,2.0,2,"['web', 'email', 'mobile']",10,7.0,discount,0,1
77988077b7d14c7c94981ca77929756c,9b98b8c7a33c4b65b9aebfe6a799e6d9,504,,558.0,5.0,5,"['web', 'email', 'mobile']",5,7.0,bogo,0,1
779e672dfddc4efa9c9430eda8e1a89b,fafdcd668e3743c1bb461111dcafc2a4,408,,600.0,2.0,2,"['web', 'email', 'mobile', 'social']",10,10.0,discount,0,1
77bbb4f6faf4499e8652e7879c0f314c,9b98b8c7a33c4b65b9aebfe6a799e6d9,0,,438.0,5.0,5,"['web', 'email', 'mobile']",5,7.0,bogo,0,1
77e2665e47184ad79d1705fe09f15730,9b98b8c7a33c4b65b9aebfe6a799e6d9,168,,312.0,5.0,5,"['web', 'email', 'mobile']",5,7.0,bogo,0,1
77e3d01c729d46d5b35ec8f7d74e7c42,0b1e1539f2cc45b7b9fa7c272da2e1d7,168,,210.0,5.0,5,"['web', 'email']",20,10.0,discount,0,1
77e4e977834d4eb1ba2a5755731dcf83,0b1e1539f2cc45b7b9fa7c272da2e1d7,504,,522.0,5.0,5,"['web', 'email']",20,10.0,discount,0,1
77fd8a09cbeb4dbaba14115a53f2bfd1,0b1e1539f2cc45b7b9fa7c272da2e1d7,336,,390.0,5.0,5,"['web', 'email']",20,10.0,discount,0,1
780b53dde0774138b7feb0506f0bc84d,9b98b8c7a33c4b65b9aebfe6a799e6d9,576,,702.0,5.0,5,"['web', 'email', 'mobile']",5,7.0,bogo,0,1
78364f0145d342c2bd44a169cfb9c332,9b98b8c7a33c4b65b9aebfe6a799e6d9,336,,372.0,5.0,5,"['web', 'email', 'mobile']",5,7.0,bogo,0,1
783ff751a56c454ba0b2777a4f4e8c4f,9b98b8c7a33c4b65b9aebfe6a799e6d9,408,,414.0,5.0,5,"['web', 'email', 'mobile']",5,7.0,bogo,0,1
78506ec87c8a40eea0520907e21d7cb5,0b1e1539f2cc45b7b9fa7c272da2e1d7,336,,516.0,5.0,5,"['web', 'email']",20,10.0,discount,0,1
78b9c23c475d4b84bf771557f356acae,9b98b8c7a33c4b65b9aebfe6a799e6d9,408,,414.0,5.0,5,"['web', 'email', 'mobile']",5,7.0,bogo,0,1
78e99fcc45b04d4084d556c890efd224,9b98b8c7a33c4b65b9aebfe6a799e6d9,168,,246.0,5.0,5,"['web', 'email', 'mobile']",5,7.0,bogo,0,1
78f65b688ec8419886f12ba1cc3224d8,2906b810c7d4411798c6938adc9daaa5,0,,42.0,2.0,2,"['web', 'email', 'mobile']",10,7.0,discount,0,1
791a4a295d1744baa879d9c3be42255e,ae264e3637204a6fb9bb56bc8210ddfd,168,,204.0,10.0,10,"['email', 'mobile', 'social']",10,7.0,bogo,0,1
791ffe6d3dc848d2b233129a8096f7ab,0b1e1539f2cc45b7b9fa7c272da2e1d7,336,,396.0,5.0,5,"['web', 'email']",20,10.0,discount,0,1
791ffe6d3dc848d2b233129a8096f7ab,ae264e3637204a6fb9bb56bc8210ddfd,408,,474.0,10.0,10,"['email', 'mobile', 'social']",10,7.0,bogo,0,1
7924f921b7f04e34aafd37c1b58a4ca9,0b1e1539f2cc45b7b9fa7c272da2e1d7,408,,564.0,5.0,5,"['web', 'email']",20,10.0,discount,0,1
793a0463fc47489fa20bc46178315d66,4d5c57ea9a6940dd891ad53e9dbe8da0,168,,234.0,10.0,10,"['web', 'email', 'mobile', 'social']",10,5.0,bogo,0,1
793cd4827125468498cb9050fad17882,2906b810c7d4411798c6938adc9daaa5,0,,78.0,2.0,2,"['web', 'email', 'mobile']",10,7.0,discount,0,1
7941e15cbe26430ba70599b24aba588e,fafdcd668e3743c1bb461111dcafc2a4,336,,402.0,2.0,2,"['web', 'email', 'mobile', 'social']",10,10.0,discount,0,1
795b52d3603c466b90ff2186a3281997,0b1e1539f2cc45b7b9fa7c272da2e1d7,0,,132.0,5.0,5,"['web', 'email']",20,10.0,discount,0,1
795b52d3603c466b90ff2186a3281997,9b98b8c7a33c4b65b9aebfe6a799e6d9,336,,492.0,5.0,5,"['web', 'email', 'mobile']",5,7.0,bogo,0,1
796cc7c1e8534e78bdff45f9e11494d6,2906b810c7d4411798c6938adc9daaa5,408,,450.0,2.0,2,"['web', 'email', 'mobile']",10,7.0,discount,0,1
797a3cf770b645759d9a188dc53b674d,ae264e3637204a6fb9bb56bc8210ddfd,576,,690.0,10.0,10,"['email', 'mobile', 'social']",10,7.0,bogo,0,1
79a1b2e7bab8420c98a59530a783155d,2906b810c7d4411798c6938adc9daaa5,576,,600.0,2.0,2,"['web', 'email', 'mobile']",10,7.0,discount,0,1
79a375382ffb4a7281ddfb5a0b3ac86d,0b1e1539f2cc45b7b9fa7c272da2e1d7,168,,540.0,5.0,5,"['web', 'email']",20,10.0,discount,0,1
79d9d4f86aca4bed9290350fb43817c2,2906b810c7d4411798c6938adc9daaa5,168,,192.0,2.0,2,"['web', 'email', 'mobile']",10,7.0,discount,0,1
79d9d4f86aca4bed9290350fb43817c2,0b1e1539f2cc45b7b9fa7c272da2e1d7,408,,606.0,5.0,5,"['web', 'email']",20,10.0,discount,0,1
79f39385e8324ae794b9d54c22c66aa8,0b1e1539f2cc45b7b9fa7c272da2e1d7,336,,372.0,5.0,5,"['web', 'email']",20,10.0,discount,0,1
7a217a13b2ff4413814e6c9cf1b3b927,9b98b8c7a33c4b65b9aebfe6a799e6d9,336,,540.0,5.0,5,"['web', 'email', 'mobile']",5,7.0,bogo,0,1
7a3f1c41fc684f8b9631fd20e498c97a,9b98b8c7a33c4b65b9aebfe6a799e6d9,336,,420.0,5.0,5,"['web', 'email', 'mobile']",5,7.0,bogo,0,1
7a3ff07c09ee43f4b46cd92ca13d7718,0b1e1539f2cc45b7b9fa7c272da2e1d7,0,,72.0,5.0,5,"['web', 'email']",20,10.0,discount,0,1
7a3ff07c09ee43f4b46cd92ca13d7718,2906b810c7d4411798c6938adc9daaa5,408,,408.0,2.0,2,"['web', 'email', 'mobile']",10,7.0,discount,0,1
7a3ff07c09ee43f4b46cd92ca13d7718,9b98b8c7a33c4b65b9aebfe6a799e6d9,576,,612.0,5.0,5,"['web', 'email', 'mobile']",5,7.0,bogo,0,1
7a45906126bd453c84e186fbc17112d9,2906b810c7d4411798c6938adc9daaa5,0,,132.0,2.0,2,"['web', 'email', 'mobile']",10,7.0,discount,0,1
7a45906126bd453c84e186fbc17112d9,0b1e1539f2cc45b7b9fa7c272da2e1d7,576,,594.0,5.0,5,"['web', 'email']",20,10.0,discount,0,1
7a5d5424fa60427b83be6b9ea98927de,9b98b8c7a33c4b65b9aebfe6a799e6d9,576,,600.0,5.0,5,"['web', 'email', 'mobile']",5,7.0,bogo,0,1
7a5f624f754d4fceb346887164425f1d,9b98b8c7a33c4b65b9aebfe6a799e6d9,168,,192.0,5.0,5,"['web', 'email', 'mobile']",5,7.0,bogo,0,1
7a6ef9ad24324dbfaf780486ce829400,0b1e1539f2cc45b7b9fa7c272da2e1d7,168,,318.0,5.0,5,"['web', 'email']",20,10.0,discount,0,1
7a710c5819f148e4aa837628684ec5fc,9b98b8c7a33c4b65b9aebfe6a799e6d9,408,,576.0,5.0,5,"['web', 'email', 'mobile']",5,7.0,bogo,0,1
7a88c1b8eb654e98b4595c642193d50d,0b1e1539f2cc45b7b9fa7c272da2e1d7,504,,600.0,5.0,5,"['web', 'email']",20,10.0,discount,0,1
7a9c803dd43c4bafaabed460b7325961,0b1e1539f2cc45b7b9fa7c272da2e1d7,408,,498.0,5.0,5,"['web', 'email']",20,10.0,discount,0,1
7a9c803dd43c4bafaabed460b7325961,9b98b8c7a33c4b65b9aebfe6a799e6d9,504,,570.0,5.0,5,"['web', 'email', 'mobile']",5,7.0,bogo,0,1
7ab18944c33e4813812592d9b1fedd9e,0b1e1539f2cc45b7b9fa7c272da2e1d7,0,,192.0,5.0,5,"['web', 'email']",20,10.0,discount,0,1
7ab18944c33e4813812592d9b1fedd9e,9b98b8c7a33c4b65b9aebfe6a799e6d9,408,,420.0,5.0,5,"['web', 'email', 'mobile']",5,7.0,bogo,0,1
7abeaafc50754789be2215e5c6322ecd,ae264e3637204a6fb9bb56bc8210ddfd,504,,624.0,10.0,10,"['email', 'mobile', 'social']",10,7.0,bogo,0,1
7ac5250da1b746e6b56a9e6d8a7b3fd4,0b1e1539f2cc45b7b9fa7c272da2e1d7,0,,198.0,5.0,5,"['web', 'email']",20,10.0,discount,0,1
7ae53e296cc74fcbabb9e1c6932b2906,2298d6c36e964ae4a3e7e9706d1fb8c2,504,,594.0,3.0,3,"['web', 'email', 'mobile', 'social']",7,7.0,discount,0,1
7af54ea6250c4aa0941733ec8a18b821,2906b810c7d4411798c6938adc9daaa5,408,,522.0,2.0,2,"['web', 'email', 'mobile']",10,7.0,discount,0,1
7afd804bab1a4408868bb5f493169e48,0b1e1539f2cc45b7b9fa7c272da2e1d7,336,,354.0,5.0,5,"['web', 'email']",20,10.0,discount,0,1
7afd804bab1a4408868bb5f493169e48,2906b810c7d4411798c6938adc9daaa5,504,,552.0,2.0,2,"['web', 'email', 'mobile']",10,7.0,discount,0,1
7b044f4a5a4d4a62a356f3bd4aae6c69,0b1e1539f2cc45b7b9fa7c272da2e1d7,504,,540.0,5.0,5,"['web', 'email']",20,10.0,discount,0,1
7b044f4a5a4d4a62a356f3bd4aae6c69,9b98b8c7a33c4b65b9aebfe6a799e6d9,576,,576.0,5.0,5,"['web', 'email', 'mobile']",5,7.0,bogo,0,1
7b08d79bc4104676b792f80ea4aeb332,2906b810c7d4411798c6938adc9daaa5,168,,324.0,2.0,2,"['web', 'email', 'mobile']",10,7.0,discount,0,1
7b249c93b5194a65911b9851729caa4b,0b1e1539f2cc45b7b9fa7c272da2e1d7,168,,372.0,5.0,5,"['web', 'email']",20,10.0,discount,0,1
7b249c93b5194a65911b9851729caa4b,9b98b8c7a33c4b65b9aebfe6a799e6d9,576,,630.0,5.0,5,"['web', 'email', 'mobile']",5,7.0,bogo,0,1
7b28112f90184eec8c38f7d7b2052a9d,9b98b8c7a33c4b65b9aebfe6a799e6d9,504,,636.0,5.0,5,"['web', 'email', 'mobile']",5,7.0,bogo,0,1
7b3aaef71abf4aa0b4e9c920c7f1940e,9b98b8c7a33c4b65b9aebfe6a799e6d9,336,,420.0,5.0,5,"['web', 'email', 'mobile']",5,7.0,bogo,0,1
7b52863118c2444ba6e9ab332f70c1bd,4d5c57ea9a6940dd891ad53e9dbe8da0,504,,528.0,10.0,10,"['web', 'email', 'mobile', 'social']",10,5.0,bogo,0,1
7b7f2e6d79f8480a9872535c492adec9,9b98b8c7a33c4b65b9aebfe6a799e6d9,168,,234.0,5.0,5,"['web', 'email', 'mobile']",5,7.0,bogo,0,1
7b83fb0794de40ea850c6c6653fcf244,2906b810c7d4411798c6938adc9daaa5,336,,438.0,2.0,2,"['web', 'email', 'mobile']",10,7.0,discount,0,1
7b83fb0794de40ea850c6c6653fcf244,9b98b8c7a33c4b65b9aebfe6a799e6d9,504,,636.0,5.0,5,"['web', 'email', 'mobile']",5,7.0,bogo,0,1
7b8d950572954f79b8f47809099c77e9,2906b810c7d4411798c6938adc9daaa5,504,,558.0,2.0,2,"['web', 'email', 'mobile']",10,7.0,discount,0,1
7b9d17a806b840ea9ca60c4fc83d9a9f,9b98b8c7a33c4b65b9aebfe6a799e6d9,336,,348.0,5.0,5,"['web', 'email', 'mobile']",5,7.0,bogo,0,1
7ba2327c339f4081b2a94293df048b4d,0b1e1539f2cc45b7b9fa7c272da2e1d7,168,,210.0,5.0,5,"['web', 'email']",20,10.0,discount,0,1
7bc193b923044908a09dcb938151de01,0b1e1539f2cc45b7b9fa7c272da2e1d7,168,,312.0,5.0,5,"['web', 'email']",20,10.0,discount,0,1
7bd1351f0f364e33a81e1e2736397a25,0b1e1539f2cc45b7b9fa7c272da2e1d7,504,,654.0,5.0,5,"['web', 'email']",20,10.0,discount,0,1
7bd5eb568781460c9d49a2a3e3e59494,0b1e1539f2cc45b7b9fa7c272da2e1d7,504,,540.0,5.0,5,"['web', 'email']",20,10.0,discount,0,1
7be5dd52d7d540429299a9ee454774e7,0b1e1539f2cc45b7b9fa7c272da2e1d7,504,,666.0,5.0,5,"['web', 'email']",20,10.0,discount,0,1
7be78ebad1ac4467bbe93813fe0b7d28,2298d6c36e964ae4a3e7e9706d1fb8c2,336,,420.0,3.0,3,"['web', 'email', 'mobile', 'social']",7,7.0,discount,0,1
7c03888c7d2442c3bf00bdc22716e534,0b1e1539f2cc45b7b9fa7c272da2e1d7,336,,522.0,5.0,5,"['web', 'email']",20,10.0,discount,0,1
7c17d1868a3b47fe9326f601a544a59e,0b1e1539f2cc45b7b9fa7c272da2e1d7,168,,390.0,5.0,5,"['web', 'email']",20,10.0,discount,0,1
7c17d1868a3b47fe9326f601a544a59e,9b98b8c7a33c4b65b9aebfe6a799e6d9,408,,534.0,5.0,5,"['web', 'email', 'mobile']",5,7.0,bogo,0,1
7c25d44106054da2887c0e8864b71185,ae264e3637204a6fb9bb56bc8210ddfd,0,,90.0,10.0,10,"['email', 'mobile', 'social']",10,7.0,bogo,0,1
7c25d44106054da2887c0e8864b71185,0b1e1539f2cc45b7b9fa7c272da2e1d7,504,,564.0,5.0,5,"['web', 'email']",20,10.0,discount,0,1
7c440751900c47b09434d4cf2695a392,0b1e1539f2cc45b7b9fa7c272da2e1d7,168,,168.0,5.0,5,"['web', 'email']",20,10.0,discount,0,1
7c4d81fe67c04d2a85a315b4c6f6b140,0b1e1539f2cc45b7b9fa7c272da2e1d7,168,,234.0,5.0,5,"['web', 'email']",20,10.0,discount,0,1
7c7a0ab010024560945dd156099f3e28,9b98b8c7a33c4b65b9aebfe6a799e6d9,504,,570.0,5.0,5,"['web', 'email', 'mobile']",5,7.0,bogo,0,1
7c8e3c3dcf2849ec90b7b45a53b34812,0b1e1539f2cc45b7b9fa7c272da2e1d7,336,,498.0,5.0,5,"['web', 'email']",20,10.0,discount,0,1
7c95e8f2829e4dea92e1b42a9a935bca,9b98b8c7a33c4b65b9aebfe6a799e6d9,576,,624.0,5.0,5,"['web', 'email', 'mobile']",5,7.0,bogo,0,1
7c96df2772e7475dbc39fdb0137635af,0b1e1539f2cc45b7b9fa7c272da2e1d7,504,,528.0,5.0,5,"['web', 'email']",20,10.0,discount,0,1
7ca436d899d34e97baa0ef25dcc7918e,0b1e1539f2cc45b7b9fa7c272da2e1d7,336,,570.0,5.0,5,"['web', 'email']",20,10.0,discount,0,1
7ca8a3cfaa7a4628a9523502c8af804f,0b1e1539f2cc45b7b9fa7c272da2e1d7,336,,414.0,5.0,5,"['web', 'email']",20,10.0,discount,0,1
7ca8a3cfaa7a4628a9523502c8af804f,ae264e3637204a6fb9bb56bc8210ddfd,408,,414.0,10.0,10,"['email', 'mobile', 'social']",10,7.0,bogo,0,1
7cb8642dbbd34261babbce3da1ab8e33,0b1e1539f2cc45b7b9fa7c272da2e1d7,336,,348.0,5.0,5,"['web', 'email']",20,10.0,discount,0,1
7cc4980b7d9448c29b6895350467afb5,9b98b8c7a33c4b65b9aebfe6a799e6d9,336,,468.0,5.0,5,"['web', 'email', 'mobile']",5,7.0,bogo,0,1
7ccf7223c7e74779942493f85fee6b6d,9b98b8c7a33c4b65b9aebfe6a799e6d9,408,,534.0,5.0,5,"['web', 'email', 'mobile']",5,7.0,bogo,0,1
7cf26de9d6324edab6b15e19bda2bec7,9b98b8c7a33c4b65b9aebfe6a799e6d9,0,,48.0,5.0,5,"['web', 'email', 'mobile']",5,7.0,bogo,0,1
7cf6b89464fb460c9b3a2458d2471ab7,2906b810c7d4411798c6938adc9daaa5,336,,624.0,2.0,2,"['web', 'email', 'mobile']",10,7.0,discount,0,1
7d074f93492e43e6aa923e6516b449ab,0b1e1539f2cc45b7b9fa7c272da2e1d7,0,,144.0,5.0,5,"['web', 'email']",20,10.0,discount,0,1
7d183634e42642e182e49f146a985fa0,ae264e3637204a6fb9bb56bc8210ddfd,168,,180.0,10.0,10,"['email', 'mobile', 'social']",10,7.0,bogo,0,1
7d1c2653fbf846d59a5dbedbeaadafa6,ae264e3637204a6fb9bb56bc8210ddfd,408,,504.0,10.0,10,"['email', 'mobile', 'social']",10,7.0,bogo,0,1
7d1dac0eb66147b89636f9e4aacb3d74,2906b810c7d4411798c6938adc9daaa5,0,,78.0,2.0,2,"['web', 'email', 'mobile']",10,7.0,discount,0,1
7d28b5aabc264034809df7217d8b371f,0b1e1539f2cc45b7b9fa7c272da2e1d7,168,,348.0,5.0,5,"['web', 'email']",20,10.0,discount,0,1
7d2d942131924c128c6374264dfd34ed,ae264e3637204a6fb9bb56bc8210ddfd,336,,420.0,10.0,10,"['email', 'mobile', 'social']",10,7.0,bogo,0,1
7d2f4592e232437d92e875ba21c03bc4,0b1e1539f2cc45b7b9fa7c272da2e1d7,576,,618.0,5.0,5,"['web', 'email']",20,10.0,discount,0,1
7d382450e3b241748bbe665661bc4273,ae264e3637204a6fb9bb56bc8210ddfd,408,,462.0,10.0,10,"['email', 'mobile', 'social']",10,7.0,bogo,0,1
7d47f3a573e34dadb223d70389da903f,f19421c1d4aa40978ebb69ca19b0e20d,408,,462.0,5.0,5,"['web', 'email', 'mobile', 'social']",5,5.0,bogo,0,1
7d54b36f7d65453094592e734f3b1f5d,0b1e1539f2cc45b7b9fa7c272da2e1d7,408,,438.0,5.0,5,"['web', 'email']",20,10.0,discount,0,1
7d7329e9dfa2463cb1ce7218e9ed3dd9,0b1e1539f2cc45b7b9fa7c272da2e1d7,0,,192.0,5.0,5,"['web', 'email']",20,10.0,discount,0,1
7d7329e9dfa2463cb1ce7218e9ed3dd9,2906b810c7d4411798c6938adc9daaa5,408,,552.0,2.0,2,"['web', 'email', 'mobile']",10,7.0,discount,0,1
7d7329e9dfa2463cb1ce7218e9ed3dd9,9b98b8c7a33c4b65b9aebfe6a799e6d9,504,,552.0,5.0,5,"['web', 'email', 'mobile']",5,7.0,bogo,0,1
7d91899d3b73484b9d23340fd04f7b83,2298d6c36e964ae4a3e7e9706d1fb8c2,504,,636.0,3.0,3,"['web', 'email', 'mobile', 'social']",7,7.0,discount,0,1
7da713655c874687a7faec49bb938e44,ae264e3637204a6fb9bb56bc8210ddfd,0,,492.0,10.0,10,"['email', 'mobile', 'social']",10,7.0,bogo,0,1
7da737495ffd4370be31a6871bef5eb8,0b1e1539f2cc45b7b9fa7c272da2e1d7,0,,588.0,5.0,5,"['web', 'email']",20,10.0,discount,0,1
7dac59962c6d45d7947c17cd997626a2,2906b810c7d4411798c6938adc9daaa5,0,,132.0,2.0,2,"['web', 'email', 'mobile']",10,7.0,discount,0,1
7dac59962c6d45d7947c17cd997626a2,0b1e1539f2cc45b7b9fa7c272da2e1d7,336,,480.0,5.0,5,"['web', 'email']",20,10.0,discount,0,1
7db3f8507200415eac97160ae57bc688,0b1e1539f2cc45b7b9fa7c272da2e1d7,336,,438.0,5.0,5,"['web', 'email']",20,10.0,discount,0,1
7dc97406d2ff4ae4a9fc049d988e9c15,9b98b8c7a33c4b65b9aebfe6a799e6d9,0,,36.0,5.0,5,"['web', 'email', 'mobile']",5,7.0,bogo,0,1
7dd5e5a95fea44f98af8c2c8d4c85e17,9b98b8c7a33c4b65b9aebfe6a799e6d9,504,,510.0,5.0,5,"['web', 'email', 'mobile']",5,7.0,bogo,0,1
7dfe7355623a45988127c78ac7504bbc,9b98b8c7a33c4b65b9aebfe6a799e6d9,336,,438.0,5.0,5,"['web', 'email', 'mobile']",5,7.0,bogo,0,1
7e083546bac84daf82bd16003aacc008,0b1e1539f2cc45b7b9fa7c272da2e1d7,168,,390.0,5.0,5,"['web', 'email']",20,10.0,discount,0,1
7e083546bac84daf82bd16003aacc008,ae264e3637204a6fb9bb56bc8210ddfd,336,,390.0,10.0,10,"['email', 'mobile', 'social']",10,7.0,bogo,0,1
7e083546bac84daf82bd16003aacc008,2906b810c7d4411798c6938adc9daaa5,576,,624.0,2.0,2,"['web', 'email', 'mobile']",10,7.0,discount,0,1
7e0b1114c08546b8b52e0980189ce292,9b98b8c7a33c4b65b9aebfe6a799e6d9,504,,534.0,5.0,5,"['web', 'email', 'mobile']",5,7.0,bogo,0,1
7e0d5afd8f7c44178185a363ae80801c,9b98b8c7a33c4b65b9aebfe6a799e6d9,168,,228.0,5.0,5,"['web', 'email', 'mobile']",5,7.0,bogo,0,1
7e26dcda0b9e44a7b3ea29d858324166,ae264e3637204a6fb9bb56bc8210ddfd,168,,180.0,10.0,10,"['email', 'mobile', 'social']",10,7.0,bogo,0,1
7e615c3c67df488ba50514e36189aeaa,0b1e1539f2cc45b7b9fa7c272da2e1d7,0,,240.0,5.0,5,"['web', 'email']",20,10.0,discount,0,1
7e8da1599cce45e4beaa2e0480636076,f19421c1d4aa40978ebb69ca19b0e20d,336,,360.0,5.0,5,"['web', 'email', 'mobile', 'social']",5,5.0,bogo,0,1
7e94edf82d51458a9972412f0befd1dd,0b1e1539f2cc45b7b9fa7c272da2e1d7,408,,606.0,5.0,5,"['web', 'email']",20,10.0,discount,0,1
7e9b24bdae7244bb87dfc730bea9112e,0b1e1539f2cc45b7b9fa7c272da2e1d7,504,,618.0,5.0,5,"['web', 'email']",20,10.0,discount,0,1
7eb42a9d454c4cb8b18d363026192959,0b1e1539f2cc45b7b9fa7c272da2e1d7,168,,192.0,5.0,5,"['web', 'email']",20,10.0,discount,0,1
7eb42a9d454c4cb8b18d363026192959,9b98b8c7a33c4b65b9aebfe6a799e6d9,576,,714.0,5.0,5,"['web', 'email', 'mobile']",5,7.0,bogo,0,1
7ebd228eba9d45a08d23932227fc551c,4d5c57ea9a6940dd891ad53e9dbe8da0,168,,282.0,10.0,10,"['web', 'email', 'mobile', 'social']",10,5.0,bogo,0,1
7ec292cf2eeb41288582c056fbe7775d,0b1e1539f2cc45b7b9fa7c272da2e1d7,0,,102.0,5.0,5,"['web', 'email']",20,10.0,discount,0,1
7ec5285f77754736a3a5720efae7a5ed,9b98b8c7a33c4b65b9aebfe6a799e6d9,408,,456.0,5.0,5,"['web', 'email', 'mobile']",5,7.0,bogo,0,1
7ec5285f77754736a3a5720efae7a5ed,2906b810c7d4411798c6938adc9daaa5,576,,714.0,2.0,2,"['web', 'email', 'mobile']",10,7.0,discount,0,1
7ed2f2883b4245beaf0d19d9af29aa01,2906b810c7d4411798c6938adc9daaa5,504,,594.0,2.0,2,"['web', 'email', 'mobile']",10,7.0,discount,0,1
7eda09a65f65444988ac102bc112ed5b,ae264e3637204a6fb9bb56bc8210ddfd,168,,174.0,10.0,10,"['email', 'mobile', 'social']",10,7.0,bogo,0,1
7eda9728df624f09b3aec88e0aebcf6a,0b1e1539f2cc45b7b9fa7c272da2e1d7,408,,456.0,5.0,5,"['web', 'email']",20,10.0,discount,0,1
7ef823f67ccd43a499f365d896e779b2,0b1e1539f2cc45b7b9fa7c272da2e1d7,168,,210.0,5.0,5,"['web', 'email']",20,10.0,discount,0,1
7f0124b2a6e94e8fba10c4055d8edde3,9b98b8c7a33c4b65b9aebfe6a799e6d9,576,,684.0,5.0,5,"['web', 'email', 'mobile']",5,7.0,bogo,0,1
7f078c43ff38496b9857c1c69de586e9,0b1e1539f2cc45b7b9fa7c272da2e1d7,0,,6.0,5.0,5,"['web', 'email']",20,10.0,discount,0,1
7f078c43ff38496b9857c1c69de586e9,2906b810c7d4411798c6938adc9daaa5,336,,402.0,2.0,2,"['web', 'email', 'mobile']",10,7.0,discount,0,1
7f0d9541dc284bb5b390c863644f04cd,9b98b8c7a33c4b65b9aebfe6a799e6d9,168,,192.0,5.0,5,"['web', 'email', 'mobile']",5,7.0,bogo,0,1
7f0df9ea520a40e2ad30d0c4f6f30161,9b98b8c7a33c4b65b9aebfe6a799e6d9,504,,540.0,5.0,5,"['web', 'email', 'mobile']",5,7.0,bogo,0,1
7f1384fd82e8409fac9bae5e07e23e63,0b1e1539f2cc45b7b9fa7c272da2e1d7,504,,576.0,5.0,5,"['web', 'email']",20,10.0,discount,0,1
7f1ac3e0d4944426b99adb55e3b74028,9b98b8c7a33c4b65b9aebfe6a799e6d9,336,,468.0,5.0,5,"['web', 'email', 'mobile']",5,7.0,bogo,0,1
7f27070d07eb44cb89b9a547074ca343,9b98b8c7a33c4b65b9aebfe6a799e6d9,168,,198.0,5.0,5,"['web', 'email', 'mobile']",5,7.0,bogo,0,1
7f40846c42db4c4db3c03080f9f476d7,2906b810c7d4411798c6938adc9daaa5,336,,348.0,2.0,2,"['web', 'email', 'mobile']",10,7.0,discount,0,1
7f40846c42db4c4db3c03080f9f476d7,9b98b8c7a33c4b65b9aebfe6a799e6d9,576,,582.0,5.0,5,"['web', 'email', 'mobile']",5,7.0,bogo,0,1
7f5d06ea8470483084f4b838227a6c7e,2906b810c7d4411798c6938adc9daaa5,168,,252.0,2.0,2,"['web', 'email', 'mobile']",10,7.0,discount,0,1
7f5d06ea8470483084f4b838227a6c7e,0b1e1539f2cc45b7b9fa7c272da2e1d7,576,,576.0,5.0,5,"['web', 'email']",20,10.0,discount,0,1
7f7278ffc3d44f85a1082dec893be26f,9b98b8c7a33c4b65b9aebfe6a799e6d9,336,,456.0,5.0,5,"['web', 'email', 'mobile']",5,7.0,bogo,0,1
7f8ca265c7b54f1592b8720a3d7a7c9e,0b1e1539f2cc45b7b9fa7c272da2e1d7,336,,426.0,5.0,5,"['web', 'email']",20,10.0,discount,0,1
7f8ca265c7b54f1592b8720a3d7a7c9e,9b98b8c7a33c4b65b9aebfe6a799e6d9,504,,528.0,5.0,5,"['web', 'email', 'mobile']",5,7.0,bogo,0,1
7f8ed4803bd74d96b7159959ec73a42e,9b98b8c7a33c4b65b9aebfe6a799e6d9,336,,336.0,5.0,5,"['web', 'email', 'mobile']",5,7.0,bogo,0,1
7fb2ca83a6e44523a9bd52760ca2a51e,f19421c1d4aa40978ebb69ca19b0e20d,504,,564.0,5.0,5,"['web', 'email', 'mobile', 'social']",5,5.0,bogo,0,1
7fba4434434a4872b4b98d3639a75de3,0b1e1539f2cc45b7b9fa7c272da2e1d7,504,,642.0,5.0,5,"['web', 'email']",20,10.0,discount,0,1
7fdae244f0904adda1fdd08edab20e9a,0b1e1539f2cc45b7b9fa7c272da2e1d7,0,,174.0,5.0,5,"['web', 'email']",20,10.0,discount,0,1
7fe873022c4749f88bb40c01bc5e1c8d,2906b810c7d4411798c6938adc9daaa5,0,,66.0,2.0,2,"['web', 'email', 'mobile']",10,7.0,discount,0,1
7fe873022c4749f88bb40c01bc5e1c8d,f19421c1d4aa40978ebb69ca19b0e20d,408,,408.0,5.0,5,"['web', 'email', 'mobile', 'social']",5,5.0,bogo,0,1
7ffb3da7ed254a35bea25b35d40c47b9,2906b810c7d4411798c6938adc9daaa5,336,,336.0,2.0,2,"['web', 'email', 'mobile']",10,7.0,discount,0,1
7ffb919d222447e2af22712b28cf1a60,f19421c1d4aa40978ebb69ca19b0e20d,336,,342.0,5.0,5,"['web', 'email', 'mobile', 'social']",5,5.0,bogo,0,1
80026cff61554dc7975051cf9f99d8a3,9b98b8c7a33c4b65b9aebfe6a799e6d9,408,,432.0,5.0,5,"['web', 'email', 'mobile']",5,7.0,bogo,0,1
800bd6ddc21449118a2c4b95a332c42b,ae264e3637204a6fb9bb56bc8210ddfd,504,,600.0,10.0,10,"['email', 'mobile', 'social']",10,7.0,bogo,0,1
800e86604d1f479884f25cb9b7230f20,0b1e1539f2cc45b7b9fa7c272da2e1d7,168,,390.0,5.0,5,"['web', 'email']",20,10.0,discount,0,1
801ce107d1d44aafa77237b6fd338672,9b98b8c7a33c4b65b9aebfe6a799e6d9,408,,534.0,5.0,5,"['web', 'email', 'mobile']",5,7.0,bogo,0,1
80277bc9a67b48a2868c740036d7cbd4,2906b810c7d4411798c6938adc9daaa5,0,,648.0,2.0,2,"['web', 'email', 'mobile']",10,7.0,discount,0,1
802a2012e6d74aba86a98c0322d20b19,9b98b8c7a33c4b65b9aebfe6a799e6d9,336,,384.0,5.0,5,"['web', 'email', 'mobile']",5,7.0,bogo,0,1
802a2012e6d74aba86a98c0322d20b19,ae264e3637204a6fb9bb56bc8210ddfd,504,,516.0,10.0,10,"['email', 'mobile', 'social']",10,7.0,bogo,0,1
802b43a3d74c44c9b79e86b022f5f136,0b1e1539f2cc45b7b9fa7c272da2e1d7,168,,282.0,5.0,5,"['web', 'email']",20,10.0,discount,0,1
802b43a3d74c44c9b79e86b022f5f136,9b98b8c7a33c4b65b9aebfe6a799e6d9,504,,606.0,5.0,5,"['web', 'email', 'mobile']",5,7.0,bogo,0,1
8048b38920d94ae687bd10f24028372f,9b98b8c7a33c4b65b9aebfe6a799e6d9,168,,252.0,5.0,5,"['web', 'email', 'mobile']",5,7.0,bogo,0,1
807199e7716f4d78974416f917582b78,0b1e1539f2cc45b7b9fa7c272da2e1d7,408,,474.0,5.0,5,"['web', 'email']",20,10.0,discount,0,1
8087bee1c6164205804a1e5459138752,0b1e1539f2cc45b7b9fa7c272da2e1d7,336,,426.0,5.0,5,"['web', 'email']",20,10.0,discount,0,1
8092493c92674dfabe1023681ae4f837,0b1e1539f2cc45b7b9fa7c272da2e1d7,0,,588.0,5.0,5,"['web', 'email']",20,10.0,discount,0,1
80940f2781e3428c922cd1fe2c8b490e,f19421c1d4aa40978ebb69ca19b0e20d,336,,438.0,5.0,5,"['web', 'email', 'mobile', 'social']",5,5.0,bogo,0,1
809a3b0436e1445bac1bdaa24ef7c982,9b98b8c7a33c4b65b9aebfe6a799e6d9,408,,540.0,5.0,5,"['web', 'email', 'mobile']",5,7.0,bogo,0,1
80b787ccf0a947ab9da3a982ef4a3f9a,2906b810c7d4411798c6938adc9daaa5,168,,522.0,2.0,2,"['web', 'email', 'mobile']",10,7.0,discount,0,1
80bc3a67e3ff43c491da0f3cd28bc3fa,0b1e1539f2cc45b7b9fa7c272da2e1d7,408,,432.0,5.0,5,"['web', 'email']",20,10.0,discount,0,1
80df0308856f4207be404ae750b73399,0b1e1539f2cc45b7b9fa7c272da2e1d7,0,,216.0,5.0,5,"['web', 'email']",20,10.0,discount,0,1
8105eb8d626e4ff48a26083d48256158,9b98b8c7a33c4b65b9aebfe6a799e6d9,0,,54.0,5.0,5,"['web', 'email', 'mobile']",5,7.0,bogo,0,1
8105eb8d626e4ff48a26083d48256158,2906b810c7d4411798c6938adc9daaa5,504,,546.0,2.0,2,"['web', 'email', 'mobile']",10,7.0,discount,0,1
8119a36f32e94a8ab2d1e94cd5df0a99,2906b810c7d4411798c6938adc9daaa5,0,,54.0,2.0,2,"['web', 'email', 'mobile']",10,7.0,discount,0,1
8121823454154aca8766a4753fe0c26d,2298d6c36e964ae4a3e7e9706d1fb8c2,504,,558.0,3.0,3,"['web', 'email', 'mobile', 'social']",7,7.0,discount,0,1
8121823454154aca8766a4753fe0c26d,9b98b8c7a33c4b65b9aebfe6a799e6d9,576,,636.0,5.0,5,"['web', 'email', 'mobile']",5,7.0,bogo,0,1
8137f5769cc64efe8cec7a0c4430e5f9,0b1e1539f2cc45b7b9fa7c272da2e1d7,0,,186.0,5.0,5,"['web', 'email']",20,10.0,discount,0,1
8137f5769cc64efe8cec7a0c4430e5f9,9b98b8c7a33c4b65b9aebfe6a799e6d9,504,,600.0,5.0,5,"['web', 'email', 'mobile']",5,7.0,bogo,0,1
814182679a48426f9a1a6db0e7b1799a,ae264e3637204a6fb9bb56bc8210ddfd,408,,438.0,10.0,10,"['email', 'mobile', 'social']",10,7.0,bogo,0,1
814cc407a8c848f3a5e81d786ed6d356,0b1e1539f2cc45b7b9fa7c272da2e1d7,336,,462.0,5.0,5,"['web', 'email']",20,10.0,discount,0,1
815a706d3ee74c0d83f66c1967221f2a,2298d6c36e964ae4a3e7e9706d1fb8c2,336,,462.0,3.0,3,"['web', 'email', 'mobile', 'social']",7,7.0,discount,0,1
815e75930aed488cb61d56afb4627457,0b1e1539f2cc45b7b9fa7c272da2e1d7,408,,606.0,5.0,5,"['web', 'email']",20,10.0,discount,0,1
816d4d12cff3412e9083f034badcf201,2906b810c7d4411798c6938adc9daaa5,408,,546.0,2.0,2,"['web', 'email', 'mobile']",10,7.0,discount,0,1
816f33d96b624c84a890f87694ac4172,9b98b8c7a33c4b65b9aebfe6a799e6d9,408,,408.0,5.0,5,"['web', 'email', 'mobile']",5,7.0,bogo,0,1
81848348d5584aef9e7374a07ebe6ea1,9b98b8c7a33c4b65b9aebfe6a799e6d9,0,,12.0,5.0,5,"['web', 'email', 'mobile']",5,7.0,bogo,0,1
8184c15e16704a54a32705a4f10caec6,ae264e3637204a6fb9bb56bc8210ddfd,336,,378.0,10.0,10,"['email', 'mobile', 'social']",10,7.0,bogo,0,1
81af83e08a7d48deaaf764753e2810b3,2906b810c7d4411798c6938adc9daaa5,408,,414.0,2.0,2,"['web', 'email', 'mobile']",10,7.0,discount,0,1
81b07b3a6150443f9d0fece90b754d4c,2906b810c7d4411798c6938adc9daaa5,408,,546.0,2.0,2,"['web', 'email', 'mobile']",10,7.0,discount,0,1
81dde9589b9e417f94565accd54c50e4,0b1e1539f2cc45b7b9fa7c272da2e1d7,168,,504.0,5.0,5,"['web', 'email']",20,10.0,discount,0,1
81e9b730f99948d1908d1370bd87e58d,2906b810c7d4411798c6938adc9daaa5,336,,390.0,2.0,2,"['web', 'email', 'mobile']",10,7.0,discount,0,1
81e9b730f99948d1908d1370bd87e58d,9b98b8c7a33c4b65b9aebfe6a799e6d9,408,,528.0,5.0,5,"['web', 'email', 'mobile']",5,7.0,bogo,0,1
81f18e0b118342069adfe3c16be8dc2e,9b98b8c7a33c4b65b9aebfe6a799e6d9,504,,516.0,5.0,5,"['web', 'email', 'mobile']",5,7.0,bogo,0,1
821da2e4b19a4807ab2e68a7c0112789,2906b810c7d4411798c6938adc9daaa5,336,,504.0,2.0,2,"['web', 'email', 'mobile']",10,7.0,discount,0,1
82212ba0e8a74861bf1e20cd6f2e41ba,2906b810c7d4411798c6938adc9daaa5,408,,414.0,2.0,2,"['web', 'email', 'mobile']",10,7.0,discount,0,1
824359f40dec4e3e93835b62d466efbb,2906b810c7d4411798c6938adc9daaa5,576,,672.0,2.0,2,"['web', 'email', 'mobile']",10,7.0,discount,0,1
824f23da8cf2499ca499d8a8ca068842,0b1e1539f2cc45b7b9fa7c272da2e1d7,408,,558.0,5.0,5,"['web', 'email']",20,10.0,discount,0,1
8250c64315774018ad3e61d9da2e318e,0b1e1539f2cc45b7b9fa7c272da2e1d7,336,,480.0,5.0,5,"['web', 'email']",20,10.0,discount,0,1
8252f22e50cd4b24a453713c61b1c236,0b1e1539f2cc45b7b9fa7c272da2e1d7,0,,90.0,5.0,5,"['web', 'email']",20,10.0,discount,0,1
825af41b833a4bcfb41a5a11005dbb48,2906b810c7d4411798c6938adc9daaa5,0,,114.0,2.0,2,"['web', 'email', 'mobile']",10,7.0,discount,0,1
827cab95d40d4336ab0d1cd38172d755,0b1e1539f2cc45b7b9fa7c272da2e1d7,408,,642.0,5.0,5,"['web', 'email']",20,10.0,discount,0,1
8284624d7cda4e2aaefc2e24c0031e51,0b1e1539f2cc45b7b9fa7c272da2e1d7,504,,642.0,5.0,5,"['web', 'email']",20,10.0,discount,0,1
8286ac169418406d8845180f46634ade,0b1e1539f2cc45b7b9fa7c272da2e1d7,168,,240.0,5.0,5,"['web', 'email']",20,10.0,discount,0,1
828f238d7f554fff94d07de50faff45c,0b1e1539f2cc45b7b9fa7c272da2e1d7,336,,438.0,5.0,5,"['web', 'email']",20,10.0,discount,0,1
82971acb386c480bb8e0e7644b1e380b,9b98b8c7a33c4b65b9aebfe6a799e6d9,408,,420.0,5.0,5,"['web', 'email', 'mobile']",5,7.0,bogo,0,1
829a8d14daf34f9299b21440c085ff49,0b1e1539f2cc45b7b9fa7c272da2e1d7,336,,468.0,5.0,5,"['web', 'email']",20,10.0,discount,0,1
82bdb81319ec44bebe29907b8d1afb69,9b98b8c7a33c4b65b9aebfe6a799e6d9,0,,168.0,5.0,5,"['web', 'email', 'mobile']",5,7.0,bogo,0,1
82db188ed88e4737abc50f4b5bfc3a72,0b1e1539f2cc45b7b9fa7c272da2e1d7,336,,552.0,5.0,5,"['web', 'email']",20,10.0,discount,0,1
82dba81cc2c04623bb1cf3c0b1fe8e17,9b98b8c7a33c4b65b9aebfe6a799e6d9,168,,306.0,5.0,5,"['web', 'email', 'mobile']",5,7.0,bogo,0,1
82ddc1fd11034218843be79a8598816f,2906b810c7d4411798c6938adc9daaa5,576,,672.0,2.0,2,"['web', 'email', 'mobile']",10,7.0,discount,0,1
83050d3e8f1841469a596565018383f1,0b1e1539f2cc45b7b9fa7c272da2e1d7,0,,234.0,5.0,5,"['web', 'email']",20,10.0,discount,0,1
8314fd32f6a14efe9c47e79005fbe795,9b98b8c7a33c4b65b9aebfe6a799e6d9,336,,408.0,5.0,5,"['web', 'email', 'mobile']",5,7.0,bogo,0,1
83313f9487fe41ca990d393127406161,0b1e1539f2cc45b7b9fa7c272da2e1d7,168,,264.0,5.0,5,"['web', 'email']",20,10.0,discount,0,1
83313f9487fe41ca990d393127406161,2906b810c7d4411798c6938adc9daaa5,336,,342.0,2.0,2,"['web', 'email', 'mobile']",10,7.0,discount,0,1
83329bdf308e466482cbeeebcd4979dc,9b98b8c7a33c4b65b9aebfe6a799e6d9,408,,546.0,5.0,5,"['web', 'email', 'mobile']",5,7.0,bogo,0,1
833eb5f0337f4537ae99588663b3a370,0b1e1539f2cc45b7b9fa7c272da2e1d7,504,,642.0,5.0,5,"['web', 'email']",20,10.0,discount,0,1
8342730171dc4deb8e6ee3804fa34b5b,9b98b8c7a33c4b65b9aebfe6a799e6d9,576,,654.0,5.0,5,"['web', 'email', 'mobile']",5,7.0,bogo,0,1
834911fe7c4b4f418817c5e51f2e99e7,2906b810c7d4411798c6938adc9daaa5,168,,216.0,2.0,2,"['web', 'email', 'mobile']",10,7.0,discount,0,1
834911fe7c4b4f418817c5e51f2e99e7,0b1e1539f2cc45b7b9fa7c272da2e1d7,576,,642.0,5.0,5,"['web', 'email']",20,10.0,discount,0,1
834a55ab031d486791547c954124bd70,0b1e1539f2cc45b7b9fa7c272da2e1d7,0,,66.0,5.0,5,"['web', 'email']",20,10.0,discount,0,1
834a55ab031d486791547c954124bd70,ae264e3637204a6fb9bb56bc8210ddfd,168,,204.0,10.0,10,"['email', 'mobile', 'social']",10,7.0,bogo,0,1
834f038d4c50414892ada61f7437ad3f,ae264e3637204a6fb9bb56bc8210ddfd,168,,198.0,10.0,10,"['email', 'mobile', 'social']",10,7.0,bogo,0,1
8353ac3c08714ad2912302ac5c7868e5,0b1e1539f2cc45b7b9fa7c272da2e1d7,504,,636.0,5.0,5,"['web', 'email']",20,10.0,discount,0,1
8385b27841f341428fe6d2d5fe4fb50d,0b1e1539f2cc45b7b9fa7c272da2e1d7,408,,636.0,5.0,5,"['web', 'email']",20,10.0,discount,0,1
83998670898c4604af38d23e74e52269,2906b810c7d4411798c6938adc9daaa5,168,,666.0,2.0,2,"['web', 'email', 'mobile']",10,7.0,discount,0,1
83d25e2f43e1468eae4fc9111b61a9df,0b1e1539f2cc45b7b9fa7c272da2e1d7,168,,354.0,5.0,5,"['web', 'email']",20,10.0,discount,0,1
83e65dfdda80471991a6f1fa12c76b19,2906b810c7d4411798c6938adc9daaa5,0,,138.0,2.0,2,"['web', 'email', 'mobile']",10,7.0,discount,0,1
840cc4f0ccbb4ba7af0c511ec023ee85,0b1e1539f2cc45b7b9fa7c272da2e1d7,408,,594.0,5.0,5,"['web', 'email']",20,10.0,discount,0,1
840cc4f0ccbb4ba7af0c511ec023ee85,9b98b8c7a33c4b65b9aebfe6a799e6d9,504,,594.0,5.0,5,"['web', 'email', 'mobile']",5,7.0,bogo,0,1
841b3d5eb0c4435e95161cb47da4e0d7,9b98b8c7a33c4b65b9aebfe6a799e6d9,504,,654.0,5.0,5,"['web', 'email', 'mobile']",5,7.0,bogo,0,1
8422716ca87044e794939f102092c428,0b1e1539f2cc45b7b9fa7c272da2e1d7,336,,402.0,5.0,5,"['web', 'email']",20,10.0,discount,0,1
84615238da124844bef52a983d1a2ec3,9b98b8c7a33c4b65b9aebfe6a799e6d9,336,,348.0,5.0,5,"['web', 'email', 'mobile']",5,7.0,bogo,0,1
8465309631bd485dabc3b1c207f7dfd6,0b1e1539f2cc45b7b9fa7c272da2e1d7,576,,696.0,5.0,5,"['web', 'email']",20,10.0,discount,0,1
84771b14c92d4c299f9295d9a4ea0a14,9b98b8c7a33c4b65b9aebfe6a799e6d9,504,,642.0,5.0,5,"['web', 'email', 'mobile']",5,7.0,bogo,0,1
848aafbe1942420988505c4670838a41,9b98b8c7a33c4b65b9aebfe6a799e6d9,168,,174.0,5.0,5,"['web', 'email', 'mobile']",5,7.0,bogo,0,1
848aafbe1942420988505c4670838a41,0b1e1539f2cc45b7b9fa7c272da2e1d7,504,,522.0,5.0,5,"['web', 'email']",20,10.0,discount,0,1
849233fe4a5946f39969dbb008b4b8d0,2906b810c7d4411798c6938adc9daaa5,504,,588.0,2.0,2,"['web', 'email', 'mobile']",10,7.0,discount,0,1
84a43ae3265546f7a39950f9d321ca71,2906b810c7d4411798c6938adc9daaa5,336,,408.0,2.0,2,"['web', 'email', 'mobile']",10,7.0,discount,0,1
84ad352984b04b73b6dbff8d719de321,9b98b8c7a33c4b65b9aebfe6a799e6d9,576,,714.0,5.0,5,"['web', 'email', 'mobile']",5,7.0,bogo,0,1
84be43a1f66b4abfa2d57321036e2559,f19421c1d4aa40978ebb69ca19b0e20d,336,,336.0,5.0,5,"['web', 'email', 'mobile', 'social']",5,5.0,bogo,0,1
84c428f8c96e47738f53fc6a63ecb776,2906b810c7d4411798c6938adc9daaa5,408,,426.0,2.0,2,"['web', 'email', 'mobile']",10,7.0,discount,0,1
84c5b62c4f4c405dbc338315dc07309f,9b98b8c7a33c4b65b9aebfe6a799e6d9,576,,666.0,5.0,5,"['web', 'email', 'mobile']",5,7.0,bogo,0,1
84d9707ab6fe4f36a4b19a7a4a1c0cc8,2906b810c7d4411798c6938adc9daaa5,336,,378.0,2.0,2,"['web', 'email', 'mobile']",10,7.0,discount,0,1
84e1bb6e797041729b43d0be2607081f,0b1e1539f2cc45b7b9fa7c272da2e1d7,336,,420.0,5.0,5,"['web', 'email']",20,10.0,discount,0,1
84e1bb6e797041729b43d0be2607081f,2906b810c7d4411798c6938adc9daaa5,408,,420.0,2.0,2,"['web', 'email', 'mobile']",10,7.0,discount,0,1
84f92efc819047ec88e3544570c8da30,0b1e1539f2cc45b7b9fa7c272da2e1d7,408,,438.0,5.0,5,"['web', 'email']",20,10.0,discount,0,1
84f92efc819047ec88e3544570c8da30,2298d6c36e964ae4a3e7e9706d1fb8c2,504,,546.0,3.0,3,"['web', 'email', 'mobile', 'social']",7,7.0,discount,0,1
850e5abd6b5346708926727e82579e94,9b98b8c7a33c4b65b9aebfe6a799e6d9,0,,144.0,5.0,5,"['web', 'email', 'mobile']",5,7.0,bogo,0,1
8546af2069ef41d2adbb52db78b93e47,9b98b8c7a33c4b65b9aebfe6a799e6d9,336,,498.0,5.0,5,"['web', 'email', 'mobile']",5,7.0,bogo,0,1
85471205af46440093b68bf72f1c2a93,2906b810c7d4411798c6938adc9daaa5,336,,456.0,2.0,2,"['web', 'email', 'mobile']",10,7.0,discount,0,1
856a6b35bd6d428591546ccea00cfb29,9b98b8c7a33c4b65b9aebfe6a799e6d9,336,,396.0,5.0,5,"['web', 'email', 'mobile']",5,7.0,bogo,0,1
8571868385524806bcacd7e73c1ae5e1,0b1e1539f2cc45b7b9fa7c272da2e1d7,336,,462.0,5.0,5,"['web', 'email']",20,10.0,discount,0,1
85946e9f691445c08d4b60de426c0247,0b1e1539f2cc45b7b9fa7c272da2e1d7,0,,150.0,5.0,5,"['web', 'email']",20,10.0,discount,0,1
85ba695920eb4109ab70f17385ed590d,9b98b8c7a33c4b65b9aebfe6a799e6d9,576,,630.0,5.0,5,"['web', 'email', 'mobile']",5,7.0,bogo,0,1
85c02c202b7548e096b4a742368b7e5e,0b1e1539f2cc45b7b9fa7c272da2e1d7,0,,222.0,5.0,5,"['web', 'email']",20,10.0,discount,0,1
85c02c202b7548e096b4a742368b7e5e,9b98b8c7a33c4b65b9aebfe6a799e6d9,408,,570.0,5.0,5,"['web', 'email', 'mobile']",5,7.0,bogo,0,1
85cea1156af244d58a343f7f808b144a,9b98b8c7a33c4b65b9aebfe6a799e6d9,504,,618.0,5.0,5,"['web', 'email', 'mobile']",5,7.0,bogo,0,1
85d51ac3c81f49b9a179e80cf11d41f1,0b1e1539f2cc45b7b9fa7c272da2e1d7,408,,594.0,5.0,5,"['web', 'email']",20,10.0,discount,0,1
85d51ac3c81f49b9a179e80cf11d41f1,9b98b8c7a33c4b65b9aebfe6a799e6d9,504,,594.0,5.0,5,"['web', 'email', 'mobile']",5,7.0,bogo,0,1
85d67cfaf71f4a41b9598c1cfd7934cb,ae264e3637204a6fb9bb56bc8210ddfd,504,,588.0,10.0,10,"['email', 'mobile', 'social']",10,7.0,bogo,0,1
85da22ce7b74421090ebe459efef9958,0b1e1539f2cc45b7b9fa7c272da2e1d7,168,,312.0,5.0,5,"['web', 'email']",20,10.0,discount,0,1
85f4e5ea5c0044619482bfe16ae32c01,2906b810c7d4411798c6938adc9daaa5,0,,444.0,2.0,2,"['web', 'email', 'mobile']",10,7.0,discount,0,1
860bff95cb66440e864321194558bc89,0b1e1539f2cc45b7b9fa7c272da2e1d7,408,,408.0,5.0,5,"['web', 'email']",20,10.0,discount,0,1
8628ceaae12a465f8172aff1071a4438,9b98b8c7a33c4b65b9aebfe6a799e6d9,336,,414.0,5.0,5,"['web', 'email', 'mobile']",5,7.0,bogo,0,1
86393faabf374030a53989634fd94933,2906b810c7d4411798c6938adc9daaa5,576,,636.0,2.0,2,"['web', 'email', 'mobile']",10,7.0,discount,0,1
8643949d9b514915a52701d974bc34e9,0b1e1539f2cc45b7b9fa7c272da2e1d7,168,,240.0,5.0,5,"['web', 'email']",20,10.0,discount,0,1
86545afdcdd543b4adbd6c0c4961db1b,ae264e3637204a6fb9bb56bc8210ddfd,0,,60.0,10.0,10,"['email', 'mobile', 'social']",10,7.0,bogo,0,1
86545afdcdd543b4adbd6c0c4961db1b,2906b810c7d4411798c6938adc9daaa5,336,,378.0,2.0,2,"['web', 'email', 'mobile']",10,7.0,discount,0,1
8654992551964472a654f68702ee5156,9b98b8c7a33c4b65b9aebfe6a799e6d9,0,,168.0,5.0,5,"['web', 'email', 'mobile']",5,7.0,bogo,0,1
867702310b6f44578ba40450198dfc55,2906b810c7d4411798c6938adc9daaa5,168,,294.0,2.0,2,"['web', 'email', 'mobile']",10,7.0,discount,0,1
868317b9be554cb18e50bc68484749a2,2906b810c7d4411798c6938adc9daaa5,0,,132.0,2.0,2,"['web', 'email', 'mobile']",10,7.0,discount,0,1
868317b9be554cb18e50bc68484749a2,9b98b8c7a33c4b65b9aebfe6a799e6d9,408,,468.0,5.0,5,"['web', 'email', 'mobile']",5,7.0,bogo,0,1
868317b9be554cb18e50bc68484749a2,2298d6c36e964ae4a3e7e9706d1fb8c2,576,,612.0,3.0,3,"['web', 'email', 'mobile', 'social']",7,7.0,discount,0,1
86b493a2b7554a11aedf51eca0c6b033,2906b810c7d4411798c6938adc9daaa5,168,,240.0,2.0,2,"['web', 'email', 'mobile']",10,7.0,discount,0,1
86cd0fa338aa4d73a57d55c3801d7f2a,0b1e1539f2cc45b7b9fa7c272da2e1d7,0,,204.0,5.0,5,"['web', 'email']",20,10.0,discount,0,1
86cd0fa338aa4d73a57d55c3801d7f2a,9b98b8c7a33c4b65b9aebfe6a799e6d9,336,,360.0,5.0,5,"['web', 'email', 'mobile']",5,7.0,bogo,0,1
86dd79d82f244f10ba7e7b92e567af14,2906b810c7d4411798c6938adc9daaa5,336,,504.0,2.0,2,"['web', 'email', 'mobile']",10,7.0,discount,0,1
86e247f4637741d698eade285d30fa73,0b1e1539f2cc45b7b9fa7c272da2e1d7,336,,576.0,5.0,5,"['web', 'email']",20,10.0,discount,0,1
86e9bda5c9ef4d70a54dc708266dafe2,2906b810c7d4411798c6938adc9daaa5,504,,648.0,2.0,2,"['web', 'email', 'mobile']",10,7.0,discount,0,1
86e9d338b85b4177b369fe6b0ad4fed3,2906b810c7d4411798c6938adc9daaa5,576,,606.0,2.0,2,"['web', 'email', 'mobile']",10,7.0,discount,0,1
86ee5a4052274038a6eb8f22838e2438,9b98b8c7a33c4b65b9aebfe6a799e6d9,576,,696.0,5.0,5,"['web', 'email', 'mobile']",5,7.0,bogo,0,1
86fe51a6a415402f879ce912fc678f1e,9b98b8c7a33c4b65b9aebfe6a799e6d9,576,,708.0,5.0,5,"['web', 'email', 'mobile']",5,7.0,bogo,0,1
86ff8cbc870d4dbfabd9122c64cc9c6c,0b1e1539f2cc45b7b9fa7c272da2e1d7,0,,180.0,5.0,5,"['web', 'email']",20,10.0,discount,0,1
86ff8cbc870d4dbfabd9122c64cc9c6c,9b98b8c7a33c4b65b9aebfe6a799e6d9,408,,420.0,5.0,5,"['web', 'email', 'mobile']",5,7.0,bogo,0,1
871459b0d34542dfb159773a95d5adb9,2906b810c7d4411798c6938adc9daaa5,0,,54.0,2.0,2,"['web', 'email', 'mobile']",10,7.0,discount,0,1
871f839ad65c4bb9bfd6ed4baf7b4193,9b98b8c7a33c4b65b9aebfe6a799e6d9,336,,396.0,5.0,5,"['web', 'email', 'mobile']",5,7.0,bogo,0,1
872b4afbb72f4aed8629e5ac9d81ed57,2906b810c7d4411798c6938adc9daaa5,0,,612.0,2.0,2,"['web', 'email', 'mobile']",10,7.0,discount,0,1
872b4afbb72f4aed8629e5ac9d81ed57,0b1e1539f2cc45b7b9fa7c272da2e1d7,408,,606.0,5.0,5,"['web', 'email']",20,10.0,discount,0,1
872d1991ddc74b8081fcea3482a6526c,2298d6c36e964ae4a3e7e9706d1fb8c2,336,,486.0,3.0,3,"['web', 'email', 'mobile', 'social']",7,7.0,discount,0,1
874882329892408b82c97732674db8cb,0b1e1539f2cc45b7b9fa7c272da2e1d7,336,,360.0,5.0,5,"['web', 'email']",20,10.0,discount,0,1
874882329892408b82c97732674db8cb,2906b810c7d4411798c6938adc9daaa5,504,,510.0,2.0,2,"['web', 'email', 'mobile']",10,7.0,discount,0,1
876b9e48f855451dab78445f28381fed,2298d6c36e964ae4a3e7e9706d1fb8c2,168,,192.0,3.0,3,"['web', 'email', 'mobile', 'social']",7,7.0,discount,0,1
876d0b304eca45a496e7fcdc8e37af02,0b1e1539f2cc45b7b9fa7c272da2e1d7,408,,588.0,5.0,5,"['web', 'email']",20,10.0,discount,0,1
876d0b304eca45a496e7fcdc8e37af02,4d5c57ea9a6940dd891ad53e9dbe8da0,504,,588.0,10.0,10,"['web', 'email', 'mobile', 'social']",10,5.0,bogo,0,1
877863724c474a61a11755c97640f48d,fafdcd668e3743c1bb461111dcafc2a4,504,,558.0,2.0,2,"['web', 'email', 'mobile', 'social']",10,10.0,discount,0,1
87945e8bfd1c46d69cfb85c2030616db,2906b810c7d4411798c6938adc9daaa5,408,,408.0,2.0,2,"['web', 'email', 'mobile']",10,7.0,discount,0,1
879be03973684f469619e086feba5b86,2906b810c7d4411798c6938adc9daaa5,408,,510.0,2.0,2,"['web', 'email', 'mobile']",10,7.0,discount,0,1
87b2124d7bb04ec1b1cbca7942261d91,9b98b8c7a33c4b65b9aebfe6a799e6d9,336,,438.0,5.0,5,"['web', 'email', 'mobile']",5,7.0,bogo,0,1
87b2124d7bb04ec1b1cbca7942261d91,2906b810c7d4411798c6938adc9daaa5,576,,600.0,2.0,2,"['web', 'email', 'mobile']",10,7.0,discount,0,1
87b495683ce645ea96131505c5855947,0b1e1539f2cc45b7b9fa7c272da2e1d7,336,,438.0,5.0,5,"['web', 'email']",20,10.0,discount,0,1
87c14d061aad41638bc2d153158b008f,4d5c57ea9a6940dd891ad53e9dbe8da0,504,,528.0,10.0,10,"['web', 'email', 'mobile', 'social']",10,5.0,bogo,0,1
87cd8024319544c18c17e3045ddfd83a,9b98b8c7a33c4b65b9aebfe6a799e6d9,0,,144.0,5.0,5,"['web', 'email', 'mobile']",5,7.0,bogo,0,1
87efa556dd48400cb4231a273e088bcf,2906b810c7d4411798c6938adc9daaa5,408,,492.0,2.0,2,"['web', 'email', 'mobile']",10,7.0,discount,0,1
87fe85865202490f86637755fa438f54,4d5c57ea9a6940dd891ad53e9dbe8da0,504,,516.0,10.0,10,"['web', 'email', 'mobile', 'social']",10,5.0,bogo,0,1
88159d335dab4d4f8d75d49e0de29dcf,0b1e1539f2cc45b7b9fa7c272da2e1d7,336,,516.0,5.0,5,"['web', 'email']",20,10.0,discount,0,1
8836295fb69f4c53aa23c7b614cff7bf,0b1e1539f2cc45b7b9fa7c272da2e1d7,0,,72.0,5.0,5,"['web', 'email']",20,10.0,discount,0,1
8836295fb69f4c53aa23c7b614cff7bf,9b98b8c7a33c4b65b9aebfe6a799e6d9,168,,270.0,5.0,5,"['web', 'email', 'mobile']",5,7.0,bogo,0,1
885f2524dae5453680f8767a3816ac23,0b1e1539f2cc45b7b9fa7c272da2e1d7,336,,414.0,5.0,5,"['web', 'email']",20,10.0,discount,0,1
8862db7534f44d65bd9e6ba75e899a94,2906b810c7d4411798c6938adc9daaa5,336,,486.0,2.0,2,"['web', 'email', 'mobile']",10,7.0,discount,0,1
886a279ebca346daa13bcfd1aa0d8fae,ae264e3637204a6fb9bb56bc8210ddfd,408,,408.0,10.0,10,"['email', 'mobile', 'social']",10,7.0,bogo,0,1
889aaae24e8a4df7a128f20029aa8422,0b1e1539f2cc45b7b9fa7c272da2e1d7,0,,210.0,5.0,5,"['web', 'email']",20,10.0,discount,0,1
889d81fe350643e280f90c0faff01118,2906b810c7d4411798c6938adc9daaa5,504,,528.0,2.0,2,"['web', 'email', 'mobile']",10,7.0,discount,0,1
88aa10c94fe343c3af26533143dcd1f2,2298d6c36e964ae4a3e7e9706d1fb8c2,408,,438.0,3.0,3,"['web', 'email', 'mobile', 'social']",7,7.0,discount,0,1
88aa10c94fe343c3af26533143dcd1f2,2906b810c7d4411798c6938adc9daaa5,504,,576.0,2.0,2,"['web', 'email', 'mobile']",10,7.0,discount,0,1
88baa20c29a94178a43a7d68e5f039d4,0b1e1539f2cc45b7b9fa7c272da2e1d7,0,,132.0,5.0,5,"['web', 'email']",20,10.0,discount,0,1
88f63e6b5de440cfa91a609403fc6993,9b98b8c7a33c4b65b9aebfe6a799e6d9,504,,528.0,5.0,5,"['web', 'email', 'mobile']",5,7.0,bogo,0,1
8926b53cd61d466db79a40b007183a46,9b98b8c7a33c4b65b9aebfe6a799e6d9,336,,342.0,5.0,5,"['web', 'email', 'mobile']",5,7.0,bogo,0,1
892a5522371f4e199fc5b9cc514c1ff9,0b1e1539f2cc45b7b9fa7c272da2e1d7,0,,234.0,5.0,5,"['web', 'email']",20,10.0,discount,0,1
893131691a9a492585d9ea3afbdb37a0,0b1e1539f2cc45b7b9fa7c272da2e1d7,504,,624.0,5.0,5,"['web', 'email']",20,10.0,discount,0,1
893b57dbbabb48e38e1746b3710cdcff,9b98b8c7a33c4b65b9aebfe6a799e6d9,168,,426.0,5.0,5,"['web', 'email', 'mobile']",5,7.0,bogo,0,1
89471970d2fc4f5ebe1712424467d0b5,0b1e1539f2cc45b7b9fa7c272da2e1d7,0,,0.0,5.0,5,"['web', 'email']",20,10.0,discount,0,1
89471970d2fc4f5ebe1712424467d0b5,9b98b8c7a33c4b65b9aebfe6a799e6d9,168,,294.0,5.0,5,"['web', 'email', 'mobile']",5,7.0,bogo,0,1
894777c790cc4a13b4e7b0a6ce0b138e,0b1e1539f2cc45b7b9fa7c272da2e1d7,336,,468.0,5.0,5,"['web', 'email']",20,10.0,discount,0,1
894777c790cc4a13b4e7b0a6ce0b138e,2906b810c7d4411798c6938adc9daaa5,576,,600.0,2.0,2,"['web', 'email', 'mobile']",10,7.0,discount,0,1
894aeaa49f19443db64c880ae47cea93,2906b810c7d4411798c6938adc9daaa5,168,,228.0,2.0,2,"['web', 'email', 'mobile']",10,7.0,discount,0,1
894aeaa49f19443db64c880ae47cea93,0b1e1539f2cc45b7b9fa7c272da2e1d7,576,,702.0,5.0,5,"['web', 'email']",20,10.0,discount,0,1
89642012bc3d47ed87d655ae269a7989,2906b810c7d4411798c6938adc9daaa5,408,,540.0,2.0,2,"['web', 'email', 'mobile']",10,7.0,discount,0,1
89719ea684b3419a92c79a4660985a15,9b98b8c7a33c4b65b9aebfe6a799e6d9,0,,84.0,5.0,5,"['web', 'email', 'mobile']",5,7.0,bogo,0,1
8974fc5686fe429db53ddde067b88302,9b98b8c7a33c4b65b9aebfe6a799e6d9,408,,462.0,5.0,5,"['web', 'email', 'mobile']",5,7.0,bogo,0,1
89753fc1ad8640108a21cba0606e0050,9b98b8c7a33c4b65b9aebfe6a799e6d9,0,,96.0,5.0,5,"['web', 'email', 'mobile']",5,7.0,bogo,0,1
89753fc1ad8640108a21cba0606e0050,2906b810c7d4411798c6938adc9daaa5,504,,540.0,2.0,2,"['web', 'email', 'mobile']",10,7.0,discount,0,1
8978c47b823e465a82a576a32680585f,2906b810c7d4411798c6938adc9daaa5,408,,522.0,2.0,2,"['web', 'email', 'mobile']",10,7.0,discount,0,1
8997d5d133d54e91b320923db642dc42,9b98b8c7a33c4b65b9aebfe6a799e6d9,336,,360.0,5.0,5,"['web', 'email', 'mobile']",5,7.0,bogo,0,1
89c233f3e4f04464ac5cc15e55caa1a1,0b1e1539f2cc45b7b9fa7c272da2e1d7,0,,192.0,5.0,5,"['web', 'email']",20,10.0,discount,0,1
89c8755ad5ec49daa18dc0a680532341,2906b810c7d4411798c6938adc9daaa5,504,,666.0,2.0,2,"['web', 'email', 'mobile']",10,7.0,discount,0,1
89d303af649a4e679955cd25733977c4,9b98b8c7a33c4b65b9aebfe6a799e6d9,408,,516.0,5.0,5,"['web', 'email', 'mobile']",5,7.0,bogo,0,1
89d8a13cb46b40c59407f5c02b1a8696,0b1e1539f2cc45b7b9fa7c272da2e1d7,336,,420.0,5.0,5,"['web', 'email']",20,10.0,discount,0,1
89db9e6efae9458cb649a6474671d039,9b98b8c7a33c4b65b9aebfe6a799e6d9,504,,522.0,5.0,5,"['web', 'email', 'mobile']",5,7.0,bogo,0,1
89f451a5a8c64683b57aca2a334117ef,2906b810c7d4411798c6938adc9daaa5,336,,468.0,2.0,2,"['web', 'email', 'mobile']",10,7.0,discount,0,1
89f9b9f794f34b34b0f1b6bceac07883,0b1e1539f2cc45b7b9fa7c272da2e1d7,168,,168.0,5.0,5,"['web', 'email']",20,10.0,discount,0,1
89f9b9f794f34b34b0f1b6bceac07883,2906b810c7d4411798c6938adc9daaa5,408,,474.0,2.0,2,"['web', 'email', 'mobile']",10,7.0,discount,0,1
8a0b4d0294d4466eb708bd52a6852821,ae264e3637204a6fb9bb56bc8210ddfd,408,,456.0,10.0,10,"['email', 'mobile', 'social']",10,7.0,bogo,0,1
8a1b1c081de1473b8b0712b093fee49f,9b98b8c7a33c4b65b9aebfe6a799e6d9,504,,510.0,5.0,5,"['web', 'email', 'mobile']",5,7.0,bogo,0,1
8a37057f57c4495fb98dfcc8b909b09f,0b1e1539f2cc45b7b9fa7c272da2e1d7,576,,618.0,5.0,5,"['web', 'email']",20,10.0,discount,0,1
8a4bc602e4424ab6b16f0b907f2f22af,9b98b8c7a33c4b65b9aebfe6a799e6d9,336,,396.0,5.0,5,"['web', 'email', 'mobile']",5,7.0,bogo,0,1
8a60eeb9a6184dd9a19075aebbc1ec71,2298d6c36e964ae4a3e7e9706d1fb8c2,408,,468.0,3.0,3,"['web', 'email', 'mobile', 'social']",7,7.0,discount,0,1
8a766d047c674575932b88d3095e33fa,9b98b8c7a33c4b65b9aebfe6a799e6d9,504,,528.0,5.0,5,"['web', 'email', 'mobile']",5,7.0,bogo,0,1
8a776d222f174aa089866b2725721eec,9b98b8c7a33c4b65b9aebfe6a799e6d9,336,,342.0,5.0,5,"['web', 'email', 'mobile']",5,7.0,bogo,0,1
8a87d8d7ec2b4946b6e935bcdab873ba,0b1e1539f2cc45b7b9fa7c272da2e1d7,408,,552.0,5.0,5,"['web', 'email']",20,10.0,discount,0,1
8a87fda1a6644337b4394a4c3cd0946c,0b1e1539f2cc45b7b9fa7c272da2e1d7,168,,354.0,5.0,5,"['web', 'email']",20,10.0,discount,0,1
8a996d5d5b444fad9f5d36c7673cdbe5,9b98b8c7a33c4b65b9aebfe6a799e6d9,504,,666.0,5.0,5,"['web', 'email', 'mobile']",5,7.0,bogo,0,1
8a9994eaa2164d08a8a21488139b2239,0b1e1539f2cc45b7b9fa7c272da2e1d7,168,,354.0,5.0,5,"['web', 'email']",20,10.0,discount,0,1
8aadb3b013e84e0fa3c3aad6f8e372a2,ae264e3637204a6fb9bb56bc8210ddfd,504,,606.0,10.0,10,"['email', 'mobile', 'social']",10,7.0,bogo,0,1
8abc4447ac6a4ca999853e166b710f2d,ae264e3637204a6fb9bb56bc8210ddfd,504,,516.0,10.0,10,"['email', 'mobile', 'social']",10,7.0,bogo,0,1
8acf438172ca4227a316f54b8f4d5477,9b98b8c7a33c4b65b9aebfe6a799e6d9,504,,612.0,5.0,5,"['web', 'email', 'mobile']",5,7.0,bogo,0,1
8af6963021ce40e78a2281e17fb186f7,0b1e1539f2cc45b7b9fa7c272da2e1d7,336,,684.0,5.0,5,"['web', 'email']",20,10.0,discount,0,1
8af6963021ce40e78a2281e17fb186f7,9b98b8c7a33c4b65b9aebfe6a799e6d9,408,,570.0,5.0,5,"['web', 'email', 'mobile']",5,7.0,bogo,0,1
8af85470a76f4caa8f9db515a71df7e2,2906b810c7d4411798c6938adc9daaa5,576,,696.0,2.0,2,"['web', 'email', 'mobile']",10,7.0,discount,0,1
8b15b7b0e20a4ee7b6c0104a4347056b,2906b810c7d4411798c6938adc9daaa5,168,,294.0,2.0,2,"['web', 'email', 'mobile']",10,7.0,discount,0,1
8b187db07b274a9583550f15a397c0d0,fafdcd668e3743c1bb461111dcafc2a4,336,,348.0,2.0,2,"['web', 'email', 'mobile', 'social']",10,10.0,discount,0,1
8b368de8525b4af69cfe1e06a191bb95,0b1e1539f2cc45b7b9fa7c272da2e1d7,0,,156.0,5.0,5,"['web', 'email']",20,10.0,discount,0,1
8b4c51c57f8348008a1f063e6ec2e079,0b1e1539f2cc45b7b9fa7c272da2e1d7,408,,546.0,5.0,5,"['web', 'email']",20,10.0,discount,0,1
8b70ca1f5f5a45bdac2ac2f990b71526,2906b810c7d4411798c6938adc9daaa5,0,,168.0,2.0,2,"['web', 'email', 'mobile']",10,7.0,discount,0,1
8b7f0794dd894757bb6ca592bd3fce39,ae264e3637204a6fb9bb56bc8210ddfd,336,,462.0,10.0,10,"['email', 'mobile', 'social']",10,7.0,bogo,0,1
8b806f1d213f4204bcfc71b8a636fe7c,2906b810c7d4411798c6938adc9daaa5,168,,312.0,2.0,2,"['web', 'email', 'mobile']",10,7.0,discount,0,1
8b806f1d213f4204bcfc71b8a636fe7c,fafdcd668e3743c1bb461111dcafc2a4,336,,426.0,2.0,2,"['web', 'email', 'mobile', 'social']",10,10.0,discount,0,1
8b9d3f738e7e499b9e820de07c16bc62,2906b810c7d4411798c6938adc9daaa5,504,,630.0,2.0,2,"['web', 'email', 'mobile']",10,7.0,discount,0,1
8ba1268e963c48ddaebbe453bb9d3cb4,2298d6c36e964ae4a3e7e9706d1fb8c2,336,,342.0,3.0,3,"['web', 'email', 'mobile', 'social']",7,7.0,discount,0,1
8bb69effdb0140a2b18280fc70814315,2906b810c7d4411798c6938adc9daaa5,0,,60.0,2.0,2,"['web', 'email', 'mobile']",10,7.0,discount,0,1
8bc3f515046a4d56917e6876238ad8f1,9b98b8c7a33c4b65b9aebfe6a799e6d9,336,,372.0,5.0,5,"['web', 'email', 'mobile']",5,7.0,bogo,0,1
8bd4f1323743436a8cd57db497090a2d,9b98b8c7a33c4b65b9aebfe6a799e6d9,336,,618.0,5.0,5,"['web', 'email', 'mobile']",5,7.0,bogo,0,1
8be58f600459402b9ec6f2c80bd7d364,9b98b8c7a33c4b65b9aebfe6a799e6d9,0,,102.0,5.0,5,"['web', 'email', 'mobile']",5,7.0,bogo,0,1
8bebee2768f2436abcf9cffc1a777ecc,0b1e1539f2cc45b7b9fa7c272da2e1d7,336,,402.0,5.0,5,"['web', 'email']",20,10.0,discount,0,1
8bf4d373bdff4dbfbe230364ad2b1fa4,9b98b8c7a33c4b65b9aebfe6a799e6d9,576,,636.0,5.0,5,"['web', 'email', 'mobile']",5,7.0,bogo,0,1
8c0641caa08e4a38b8a58c7643f3698e,0b1e1539f2cc45b7b9fa7c272da2e1d7,408,,594.0,5.0,5,"['web', 'email']",20,10.0,discount,0,1
8c0b5eb519bb497783bdc41ebddefa04,0b1e1539f2cc45b7b9fa7c272da2e1d7,408,,540.0,5.0,5,"['web', 'email']",20,10.0,discount,0,1
8c0f4174520148829ec36fbc7444204a,0b1e1539f2cc45b7b9fa7c272da2e1d7,168,,270.0,5.0,5,"['web', 'email']",20,10.0,discount,0,1
8c1a6686814e46e28bd23d8608e12b52,0b1e1539f2cc45b7b9fa7c272da2e1d7,0,,378.0,5.0,5,"['web', 'email']",20,10.0,discount,0,1
8c23570c3e4849e09e84dec8908ae404,2906b810c7d4411798c6938adc9daaa5,336,,408.0,2.0,2,"['web', 'email', 'mobile']",10,7.0,discount,0,1
8c3375bdfa3348f2a69dafbb675f034d,2906b810c7d4411798c6938adc9daaa5,336,,336.0,2.0,2,"['web', 'email', 'mobile']",10,7.0,discount,0,1
8c3be843043c4ed9893ad9aef2a3c71a,2906b810c7d4411798c6938adc9daaa5,168,,216.0,2.0,2,"['web', 'email', 'mobile']",10,7.0,discount,0,1
8c3c10f681674fd798b5957060bbf302,0b1e1539f2cc45b7b9fa7c272da2e1d7,576,,702.0,5.0,5,"['web', 'email']",20,10.0,discount,0,1
8c410d84af08408fb41f953c93ffac27,fafdcd668e3743c1bb461111dcafc2a4,336,,528.0,2.0,2,"['web', 'email', 'mobile', 'social']",10,10.0,discount,0,1
8c53deaf7e8f4e8b88a8fc09dd9221f4,2906b810c7d4411798c6938adc9daaa5,408,,414.0,2.0,2,"['web', 'email', 'mobile']",10,7.0,discount,0,1
8c764c8fef2e43c8a7d7f1a1a97f1760,0b1e1539f2cc45b7b9fa7c272da2e1d7,408,,642.0,5.0,5,"['web', 'email']",20,10.0,discount,0,1
8c764c8fef2e43c8a7d7f1a1a97f1760,ae264e3637204a6fb9bb56bc8210ddfd,504,,642.0,10.0,10,"['email', 'mobile', 'social']",10,7.0,bogo,0,1
8c7874ebd0514c6aaff6577c5cd8e873,9b98b8c7a33c4b65b9aebfe6a799e6d9,336,,414.0,5.0,5,"['web', 'email', 'mobile']",5,7.0,bogo,0,1
8c7992591b48435f828fad20fa83f5fa,9b98b8c7a33c4b65b9aebfe6a799e6d9,0,,144.0,5.0,5,"['web', 'email', 'mobile']",5,7.0,bogo,0,1
8c7df0c393db488aac3e58b06a7ea5f9,2906b810c7d4411798c6938adc9daaa5,336,,420.0,2.0,2,"['web', 'email', 'mobile']",10,7.0,discount,0,1
8c80570b7dfb49629e86042c17e659dc,9b98b8c7a33c4b65b9aebfe6a799e6d9,336,,492.0,5.0,5,"['web', 'email', 'mobile']",5,7.0,bogo,0,1
8c80570b7dfb49629e86042c17e659dc,2906b810c7d4411798c6938adc9daaa5,408,,492.0,2.0,2,"['web', 'email', 'mobile']",10,7.0,discount,0,1
8c8b73983add4a828052e98775745f27,0b1e1539f2cc45b7b9fa7c272da2e1d7,408,,534.0,5.0,5,"['web', 'email']",20,10.0,discount,0,1
8c8c323df8e2415fbda5b2bbf253ca7b,2906b810c7d4411798c6938adc9daaa5,504,,510.0,2.0,2,"['web', 'email', 'mobile']",10,7.0,discount,0,1
8c92804710134e7fa82370529f5f8a9e,fafdcd668e3743c1bb461111dcafc2a4,408,,606.0,2.0,2,"['web', 'email', 'mobile', 'social']",10,10.0,discount,0,1
8c92804710134e7fa82370529f5f8a9e,0b1e1539f2cc45b7b9fa7c272da2e1d7,504,,606.0,5.0,5,"['web', 'email']",20,10.0,discount,0,1
8ca29d07b300474786a6016fe76174dd,9b98b8c7a33c4b65b9aebfe6a799e6d9,408,,462.0,5.0,5,"['web', 'email', 'mobile']",5,7.0,bogo,0,1
8cb835dd91384cbba5d0b069da2528c7,0b1e1539f2cc45b7b9fa7c272da2e1d7,408,,420.0,5.0,5,"['web', 'email']",20,10.0,discount,0,1
8cc0db430879405898d8390ca74ad13a,0b1e1539f2cc45b7b9fa7c272da2e1d7,0,,216.0,5.0,5,"['web', 'email']",20,10.0,discount,0,1
8cc0db430879405898d8390ca74ad13a,ae264e3637204a6fb9bb56bc8210ddfd,336,,378.0,10.0,10,"['email', 'mobile', 'social']",10,7.0,bogo,0,1
8ccbd5f172654e7cb4631a8b8ad03314,2906b810c7d4411798c6938adc9daaa5,168,,240.0,2.0,2,"['web', 'email', 'mobile']",10,7.0,discount,0,1
8ccbd5f172654e7cb4631a8b8ad03314,9b98b8c7a33c4b65b9aebfe6a799e6d9,504,,510.0,5.0,5,"['web', 'email', 'mobile']",5,7.0,bogo,0,1
8cd823fa04574d1eaa92397ad94ee9e4,9b98b8c7a33c4b65b9aebfe6a799e6d9,336,,444.0,5.0,5,"['web', 'email', 'mobile']",5,7.0,bogo,0,1
8ce70caaa04a4c7d981deee64f4282a5,0b1e1539f2cc45b7b9fa7c272da2e1d7,504,,606.0,5.0,5,"['web', 'email']",20,10.0,discount,0,1
8cf585e5a4844d90bcfbf10556a5bc51,ae264e3637204a6fb9bb56bc8210ddfd,336,,438.0,10.0,10,"['email', 'mobile', 'social']",10,7.0,bogo,0,1
8cfb612c98eb4f288955d1ca99dcdc2e,ae264e3637204a6fb9bb56bc8210ddfd,0,,30.0,10.0,10,"['email', 'mobile', 'social']",10,7.0,bogo,0,1
8cfb612c98eb4f288955d1ca99dcdc2e,0b1e1539f2cc45b7b9fa7c272da2e1d7,336,,456.0,5.0,5,"['web', 'email']",20,10.0,discount,0,1
8d099354ae6a46d383876232f54f20b7,9b98b8c7a33c4b65b9aebfe6a799e6d9,408,,534.0,5.0,5,"['web', 'email', 'mobile']",5,7.0,bogo,0,1
8d15aa457a7e44abae865712ac06afbd,2906b810c7d4411798c6938adc9daaa5,504,,624.0,2.0,2,"['web', 'email', 'mobile']",10,7.0,discount,0,1
8d2fcfbd61e74c87adc8ec3c59b29f30,2906b810c7d4411798c6938adc9daaa5,408,,450.0,2.0,2,"['web', 'email', 'mobile']",10,7.0,discount,0,1
8d30c524932649a5b4021e56f6ad9580,9b98b8c7a33c4b65b9aebfe6a799e6d9,504,,642.0,5.0,5,"['web', 'email', 'mobile']",5,7.0,bogo,0,1
8d31a8a4b5d24b10a54da118855f7132,0b1e1539f2cc45b7b9fa7c272da2e1d7,336,,486.0,5.0,5,"['web', 'email']",20,10.0,discount,0,1
8d47cbb1da6a4503b2e3b7abdebf6ecb,2298d6c36e964ae4a3e7e9706d1fb8c2,504,,510.0,3.0,3,"['web', 'email', 'mobile', 'social']",7,7.0,discount,0,1
8d501b5bda454c188e837579f8a1c50d,0b1e1539f2cc45b7b9fa7c272da2e1d7,168,,558.0,5.0,5,"['web', 'email']",20,10.0,discount,0,1
8d501b5bda454c188e837579f8a1c50d,2906b810c7d4411798c6938adc9daaa5,504,,558.0,2.0,2,"['web', 'email', 'mobile']",10,7.0,discount,0,1
8d50d555f002482bacd7d80c68ae452c,2906b810c7d4411798c6938adc9daaa5,336,,438.0,2.0,2,"['web', 'email', 'mobile']",10,7.0,discount,0,1
8d64530bed704d2285f1e3abc7057436,0b1e1539f2cc45b7b9fa7c272da2e1d7,336,,486.0,5.0,5,"['web', 'email']",20,10.0,discount,0,1
8d87b4721b494123b655374a403a75ed,0b1e1539f2cc45b7b9fa7c272da2e1d7,576,,678.0,5.0,5,"['web', 'email']",20,10.0,discount,0,1
8d8eae1054a84ecd9ec8879fbc0858f9,2906b810c7d4411798c6938adc9daaa5,504,,546.0,2.0,2,"['web', 'email', 'mobile']",10,7.0,discount,0,1
8d8eae1054a84ecd9ec8879fbc0858f9,9b98b8c7a33c4b65b9aebfe6a799e6d9,576,,666.0,5.0,5,"['web', 'email', 'mobile']",5,7.0,bogo,0,1
8d8eb830eb21469a98fc037cbf5ebdcc,0b1e1539f2cc45b7b9fa7c272da2e1d7,408,,486.0,5.0,5,"['web', 'email']",20,10.0,discount,0,1
8d96c3ad478243dc85d2767d65458372,9b98b8c7a33c4b65b9aebfe6a799e6d9,168,,288.0,5.0,5,"['web', 'email', 'mobile']",5,7.0,bogo,0,1
8db30a2bb6834567885d0ba2c442774e,0b1e1539f2cc45b7b9fa7c272da2e1d7,168,,210.0,5.0,5,"['web', 'email']",20,10.0,discount,0,1
8db6b535086043c8ad6e919f513d1ce5,9b98b8c7a33c4b65b9aebfe6a799e6d9,336,,390.0,5.0,5,"['web', 'email', 'mobile']",5,7.0,bogo,0,1
8dbd514f2c2e41eb91c3b6cca4292787,ae264e3637204a6fb9bb56bc8210ddfd,168,,168.0,10.0,10,"['email', 'mobile', 'social']",10,7.0,bogo,0,1
8dde4b781285452389601b43a0ff09b0,0b1e1539f2cc45b7b9fa7c272da2e1d7,408,,564.0,5.0,5,"['web', 'email']",20,10.0,discount,0,1
8df06dd9393c4268949244071f1c2dfe,2906b810c7d4411798c6938adc9daaa5,336,,360.0,2.0,2,"['web', 'email', 'mobile']",10,7.0,discount,0,1
8df451b46a79479e8235ff07fe15871f,ae264e3637204a6fb9bb56bc8210ddfd,336,,456.0,10.0,10,"['email', 'mobile', 'social']",10,7.0,bogo,0,1
8e1c2a8b7d7f4bc695ef755c2d2e6df1,9b98b8c7a33c4b65b9aebfe6a799e6d9,504,,558.0,5.0,5,"['web', 'email', 'mobile']",5,7.0,bogo,0,1
8e3a21fbcf7c417e9ad84aec4d60333b,0b1e1539f2cc45b7b9fa7c272da2e1d7,168,,288.0,5.0,5,"['web', 'email']",20,10.0,discount,0,1
8e69524a95744014b8ac926abb995486,0b1e1539f2cc45b7b9fa7c272da2e1d7,0,,48.0,5.0,5,"['web', 'email']",20,10.0,discount,0,1
8e6a1fd8b5fb499ba8e765db85803e7d,2906b810c7d4411798c6938adc9daaa5,408,,462.0,2.0,2,"['web', 'email', 'mobile']",10,7.0,discount,0,1
8e719931317d485da04f40c8547e0b7a,0b1e1539f2cc45b7b9fa7c272da2e1d7,336,,522.0,5.0,5,"['web', 'email']",20,10.0,discount,0,1
8e72ac4ba0284eaaad4de2aac41287b4,2906b810c7d4411798c6938adc9daaa5,408,,516.0,2.0,2,"['web', 'email', 'mobile']",10,7.0,discount,0,1
8e7c7465e98c43d8a01f51e2b5c29542,0b1e1539f2cc45b7b9fa7c272da2e1d7,504,,690.0,5.0,5,"['web', 'email']",20,10.0,discount,0,1
8e7c87c1927d4f05ad25b0cbfc1cce54,2906b810c7d4411798c6938adc9daaa5,408,,420.0,2.0,2,"['web', 'email', 'mobile']",10,7.0,discount,0,1
8e92f0cd54c24f87b8405fa73b818529,ae264e3637204a6fb9bb56bc8210ddfd,168,,192.0,10.0,10,"['email', 'mobile', 'social']",10,7.0,bogo,0,1
8ea0513ddaa34071be030721b66d0536,ae264e3637204a6fb9bb56bc8210ddfd,336,,396.0,10.0,10,"['email', 'mobile', 'social']",10,7.0,bogo,0,1
8ea0513ddaa34071be030721b66d0536,0b1e1539f2cc45b7b9fa7c272da2e1d7,504,,600.0,5.0,5,"['web', 'email']",20,10.0,discount,0,1
8ebb4b878bae43feacae47f0fad3654a,9b98b8c7a33c4b65b9aebfe6a799e6d9,576,,654.0,5.0,5,"['web', 'email', 'mobile']",5,7.0,bogo,0,1
8ecb286416264dd8bc91cb58d209224e,0b1e1539f2cc45b7b9fa7c272da2e1d7,0,,156.0,5.0,5,"['web', 'email']",20,10.0,discount,0,1
8ed64cd9600948b89eb41be4de183788,2906b810c7d4411798c6938adc9daaa5,336,,342.0,2.0,2,"['web', 'email', 'mobile']",10,7.0,discount,0,1
8ede89b780e9419aac2ae07f9c5bc056,9b98b8c7a33c4b65b9aebfe6a799e6d9,408,,522.0,5.0,5,"['web', 'email', 'mobile']",5,7.0,bogo,0,1
8eecf3a6faf84c2d8ece8898c91c86b3,9b98b8c7a33c4b65b9aebfe6a799e6d9,408,,528.0,5.0,5,"['web', 'email', 'mobile']",5,7.0,bogo,0,1
8eecf3a6faf84c2d8ece8898c91c86b3,0b1e1539f2cc45b7b9fa7c272da2e1d7,504,,528.0,5.0,5,"['web', 'email']",20,10.0,discount,0,1
8eff47d0d9164301982fac938da935e0,2906b810c7d4411798c6938adc9daaa5,408,,558.0,2.0,2,"['web', 'email', 'mobile']",10,7.0,discount,0,1
8f3d34f0adde4c659a1d8ab887637ba5,9b98b8c7a33c4b65b9aebfe6a799e6d9,576,,648.0,5.0,5,"['web', 'email', 'mobile']",5,7.0,bogo,0,1
8f432063d9b140e98901b585ff0bed5f,0b1e1539f2cc45b7b9fa7c272da2e1d7,0,,240.0,5.0,5,"['web', 'email']",20,10.0,discount,0,1
8f5430f8f2f442abaf2e6661a26a22a4,ae264e3637204a6fb9bb56bc8210ddfd,576,,612.0,10.0,10,"['email', 'mobile', 'social']",10,7.0,bogo,0,1
8f640d43c9724dd5979461559671a541,0b1e1539f2cc45b7b9fa7c272da2e1d7,504,,672.0,5.0,5,"['web', 'email']",20,10.0,discount,0,1
8f6cd6d39d694147bda234a38368d99d,0b1e1539f2cc45b7b9fa7c272da2e1d7,0,,60.0,5.0,5,"['web', 'email']",20,10.0,discount,0,1
8f808e51d5614c859a4cd1ea857ba917,2906b810c7d4411798c6938adc9daaa5,0,,48.0,2.0,2,"['web', 'email', 'mobile']",10,7.0,discount,0,1
8f96205fd4b5417f8ad3771926ce0c79,0b1e1539f2cc45b7b9fa7c272da2e1d7,504,,618.0,5.0,5,"['web', 'email']",20,10.0,discount,0,1
8f99435bebc2455bb4d3a2c931399f37,9b98b8c7a33c4b65b9aebfe6a799e6d9,0,,12.0,5.0,5,"['web', 'email', 'mobile']",5,7.0,bogo,0,1
8f99435bebc2455bb4d3a2c931399f37,0b1e1539f2cc45b7b9fa7c272da2e1d7,576,,660.0,5.0,5,"['web', 'email']",20,10.0,discount,0,1
8fb9ce41cedb4a34bcbb56836d3bf622,9b98b8c7a33c4b65b9aebfe6a799e6d9,168,,240.0,5.0,5,"['web', 'email', 'mobile']",5,7.0,bogo,0,1
8fbc24ca2c8a4f16873fbdfe6b29f5e9,2906b810c7d4411798c6938adc9daaa5,504,,534.0,2.0,2,"['web', 'email', 'mobile']",10,7.0,discount,0,1
8fc40f08bcc7442796802b19ffcc9e04,0b1e1539f2cc45b7b9fa7c272da2e1d7,0,,180.0,5.0,5,"['web', 'email']",20,10.0,discount,0,1
8fc40f08bcc7442796802b19ffcc9e04,2906b810c7d4411798c6938adc9daaa5,504,,510.0,2.0,2,"['web', 'email', 'mobile']",10,7.0,discount,0,1
8fecd95fe7b54cc2a130e35ba5a77f48,ae264e3637204a6fb9bb56bc8210ddfd,576,,576.0,10.0,10,"['email', 'mobile', 'social']",10,7.0,bogo,0,1
8fef088adc7f4d9e942bab5a229eed42,2906b810c7d4411798c6938adc9daaa5,0,,96.0,2.0,2,"['web', 'email', 'mobile']",10,7.0,discount,0,1
900e1382081b49b6ac7512fc02775d0f,2906b810c7d4411798c6938adc9daaa5,408,,522.0,2.0,2,"['web', 'email', 'mobile']",10,7.0,discount,0,1
9036c74e796741abadcd03cdede004b5,9b98b8c7a33c4b65b9aebfe6a799e6d9,576,,576.0,5.0,5,"['web', 'email', 'mobile']",5,7.0,bogo,0,1
9051ff3eaf2947038a6d716fd7a076cd,2906b810c7d4411798c6938adc9daaa5,408,,534.0,2.0,2,"['web', 'email', 'mobile']",10,7.0,discount,0,1
9061463d5dca462e929d07a3481417ec,0b1e1539f2cc45b7b9fa7c272da2e1d7,408,,534.0,5.0,5,"['web', 'email']",20,10.0,discount,0,1
906cd9cfb5664a42a8d5b878b7fa4787,0b1e1539f2cc45b7b9fa7c272da2e1d7,336,,486.0,5.0,5,"['web', 'email']",20,10.0,discount,0,1
906e0eeff3bc43d79e3686adf7232594,0b1e1539f2cc45b7b9fa7c272da2e1d7,408,,540.0,5.0,5,"['web', 'email']",20,10.0,discount,0,1
908ed9c56d3c43aa9a644a56595f70d0,2906b810c7d4411798c6938adc9daaa5,0,,36.0,2.0,2,"['web', 'email', 'mobile']",10,7.0,discount,0,1
908ed9c56d3c43aa9a644a56595f70d0,9b98b8c7a33c4b65b9aebfe6a799e6d9,336,,354.0,5.0,5,"['web', 'email', 'mobile']",5,7.0,bogo,0,1
90939ddaed134ce9b21590c319154395,9b98b8c7a33c4b65b9aebfe6a799e6d9,576,,576.0,5.0,5,"['web', 'email', 'mobile']",5,7.0,bogo,0,1
90b1cb2159f94783b0e642b549f593a5,0b1e1539f2cc45b7b9fa7c272da2e1d7,336,,546.0,5.0,5,"['web', 'email']",20,10.0,discount,0,1
90bc48f7e27d4ad8b2c9044f98009978,0b1e1539f2cc45b7b9fa7c272da2e1d7,336,,390.0,5.0,5,"['web', 'email']",20,10.0,discount,0,1
90c964405bd74fa68a29af133eabe0ba,0b1e1539f2cc45b7b9fa7c272da2e1d7,0,,414.0,5.0,5,"['web', 'email']",20,10.0,discount,0,1
90c964405bd74fa68a29af133eabe0ba,2906b810c7d4411798c6938adc9daaa5,504,,552.0,2.0,2,"['web', 'email', 'mobile']",10,7.0,discount,0,1
90cfba91804d4402a284481e53f50efc,0b1e1539f2cc45b7b9fa7c272da2e1d7,336,,552.0,5.0,5,"['web', 'email']",20,10.0,discount,0,1
90cfba91804d4402a284481e53f50efc,2906b810c7d4411798c6938adc9daaa5,504,,516.0,2.0,2,"['web', 'email', 'mobile']",10,7.0,discount,0,1
90dfdd37a816473ca7fd1fc806c657e2,9b98b8c7a33c4b65b9aebfe6a799e6d9,168,,324.0,5.0,5,"['web', 'email', 'mobile']",5,7.0,bogo,0,1
90e9f6de2d6f4830b544b4524a509f84,0b1e1539f2cc45b7b9fa7c272da2e1d7,168,,192.0,5.0,5,"['web', 'email']",20,10.0,discount,0,1
90e9f6de2d6f4830b544b4524a509f84,9b98b8c7a33c4b65b9aebfe6a799e6d9,576,,582.0,5.0,5,"['web', 'email', 'mobile']",5,7.0,bogo,0,1
90f8ee85ce1c47d5a4d9a28e7545b356,0b1e1539f2cc45b7b9fa7c272da2e1d7,168,,396.0,5.0,5,"['web', 'email']",20,10.0,discount,0,1
9101b26c40b14569a605714740c8b355,2906b810c7d4411798c6938adc9daaa5,336,,474.0,2.0,2,"['web', 'email', 'mobile']",10,7.0,discount,0,1
9147b2cb3dff4a7ebb9a21bb955fee44,9b98b8c7a33c4b65b9aebfe6a799e6d9,576,,624.0,5.0,5,"['web', 'email', 'mobile']",5,7.0,bogo,0,1
91500f8c94464be0ae271ab021aea6b9,fafdcd668e3743c1bb461111dcafc2a4,336,,450.0,2.0,2,"['web', 'email', 'mobile', 'social']",10,10.0,discount,0,1
916bae5b5bdf49ad80b2edfbdd763e14,2906b810c7d4411798c6938adc9daaa5,168,,282.0,2.0,2,"['web', 'email', 'mobile']",10,7.0,discount,0,1
916bae5b5bdf49ad80b2edfbdd763e14,9b98b8c7a33c4b65b9aebfe6a799e6d9,336,,396.0,5.0,5,"['web', 'email', 'mobile']",5,7.0,bogo,0,1
9180f430f01246179974362609f258b0,2906b810c7d4411798c6938adc9daaa5,168,,222.0,2.0,2,"['web', 'email', 'mobile']",10,7.0,discount,0,1
918a8c25939b446b8d906e335724c31d,2906b810c7d4411798c6938adc9daaa5,336,,402.0,2.0,2,"['web', 'email', 'mobile']",10,7.0,discount,0,1
918a8c25939b446b8d906e335724c31d,9b98b8c7a33c4b65b9aebfe6a799e6d9,504,,600.0,5.0,5,"['web', 'email', 'mobile']",5,7.0,bogo,0,1
9196c2bfb739494f902a13bab46199d2,2906b810c7d4411798c6938adc9daaa5,576,,606.0,2.0,2,"['web', 'email', 'mobile']",10,7.0,discount,0,1
919f3f6565a544d8a06eaef8e6a86d9d,2906b810c7d4411798c6938adc9daaa5,0,,96.0,2.0,2,"['web', 'email', 'mobile']",10,7.0,discount,0,1
919f3f6565a544d8a06eaef8e6a86d9d,0b1e1539f2cc45b7b9fa7c272da2e1d7,168,,282.0,5.0,5,"['web', 'email']",20,10.0,discount,0,1
91a2e177e57a4a2287e02a4fc8efa6bb,0b1e1539f2cc45b7b9fa7c272da2e1d7,504,,546.0,5.0,5,"['web', 'email']",20,10.0,discount,0,1
91a5f86f02964fa5b6a41b531547815d,2906b810c7d4411798c6938adc9daaa5,168,,192.0,2.0,2,"['web', 'email', 'mobile']",10,7.0,discount,0,1
91aef7566d8c4965aa29687a05a9ab25,4d5c57ea9a6940dd891ad53e9dbe8da0,504,,546.0,10.0,10,"['web', 'email', 'mobile', 'social']",10,5.0,bogo,0,1
91aef7566d8c4965aa29687a05a9ab25,2906b810c7d4411798c6938adc9daaa5,576,,600.0,2.0,2,"['web', 'email', 'mobile']",10,7.0,discount,0,1
91b4ec7019ad47538ba7a3b82f1119af,0b1e1539f2cc45b7b9fa7c272da2e1d7,576,,576.0,5.0,5,"['web', 'email']",20,10.0,discount,0,1
91b8bd3486414b79a3cf714f2f63d51b,0b1e1539f2cc45b7b9fa7c272da2e1d7,0,,12.0,5.0,5,"['web', 'email']",20,10.0,discount,0,1
91cec8d70c5a4c5aa04a0ee01653e5ad,ae264e3637204a6fb9bb56bc8210ddfd,408,,492.0,10.0,10,"['email', 'mobile', 'social']",10,7.0,bogo,0,1
91d9e3da49d948c6b5df97d390d91a38,0b1e1539f2cc45b7b9fa7c272da2e1d7,336,,492.0,5.0,5,"['web', 'email']",20,10.0,discount,0,1
91e8ec094d0a4e1ba88bf1b346c62762,9b98b8c7a33c4b65b9aebfe6a799e6d9,408,,516.0,5.0,5,"['web', 'email', 'mobile']",5,7.0,bogo,0,1
91f94a5f78434d63803c89c44cef567e,9b98b8c7a33c4b65b9aebfe6a799e6d9,168,,300.0,5.0,5,"['web', 'email', 'mobile']",5,7.0,bogo,0,1
9200d40708ca42fdbb9c42ba1b0899ec,2906b810c7d4411798c6938adc9daaa5,336,,456.0,2.0,2,"['web', 'email', 'mobile']",10,7.0,discount,0,1
9200d40708ca42fdbb9c42ba1b0899ec,9b98b8c7a33c4b65b9aebfe6a799e6d9,408,,456.0,5.0,5,"['web', 'email', 'mobile']",5,7.0,bogo,0,1
9215974995e746d79398eb22de1c9742,9b98b8c7a33c4b65b9aebfe6a799e6d9,168,,186.0,5.0,5,"['web', 'email', 'mobile']",5,7.0,bogo,0,1
9231358f6bcb4e2cbc83658d4153f932,0b1e1539f2cc45b7b9fa7c272da2e1d7,504,,684.0,5.0,5,"['web', 'email']",20,10.0,discount,0,1
923221df63774ab78306eaae67a86082,9b98b8c7a33c4b65b9aebfe6a799e6d9,0,,450.0,5.0,5,"['web', 'email', 'mobile']",5,7.0,bogo,0,1
923387ca2d04480fba075dec7fb7c535,2906b810c7d4411798c6938adc9daaa5,0,,24.0,2.0,2,"['web', 'email', 'mobile']",10,7.0,discount,0,1
923387ca2d04480fba075dec7fb7c535,0b1e1539f2cc45b7b9fa7c272da2e1d7,504,,552.0,5.0,5,"['web', 'email']",20,10.0,discount,0,1
92481d2ef5584daa9d4a17725a31792d,2298d6c36e964ae4a3e7e9706d1fb8c2,408,,444.0,3.0,3,"['web', 'email', 'mobile', 'social']",7,7.0,discount,0,1
9276c945535641e298e84ef79f821851,0b1e1539f2cc45b7b9fa7c272da2e1d7,504,,648.0,5.0,5,"['web', 'email']",20,10.0,discount,0,1
9289e65861794b46976c13aa27fdf762,0b1e1539f2cc45b7b9fa7c272da2e1d7,336,,360.0,5.0,5,"['web', 'email']",20,10.0,discount,0,1
929464b411144357844a637642af2e2b,9b98b8c7a33c4b65b9aebfe6a799e6d9,336,,438.0,5.0,5,"['web', 'email', 'mobile']",5,7.0,bogo,0,1
9299c46942f84bb6b5e98fd78fbb9d41,9b98b8c7a33c4b65b9aebfe6a799e6d9,168,,228.0,5.0,5,"['web', 'email', 'mobile']",5,7.0,bogo,0,1
92a29f69b0774e9fb4057bc96ec6cdbd,9b98b8c7a33c4b65b9aebfe6a799e6d9,168,,198.0,5.0,5,"['web', 'email', 'mobile']",5,7.0,bogo,0,1
92a6eba09c12481bbe35312855cae95e,0b1e1539f2cc45b7b9fa7c272da2e1d7,168,,216.0,5.0,5,"['web', 'email']",20,10.0,discount,0,1
92dc99da6df84cd8ab45f30e548bda2c,9b98b8c7a33c4b65b9aebfe6a799e6d9,408,,534.0,5.0,5,"['web', 'email', 'mobile']",5,7.0,bogo,0,1
92e13d9868b4414ab1aa3fe67f210bf4,ae264e3637204a6fb9bb56bc8210ddfd,504,,540.0,10.0,10,"['email', 'mobile', 'social']",10,7.0,bogo,0,1
92e827e35aff491584329ab1609e1881,9b98b8c7a33c4b65b9aebfe6a799e6d9,168,,246.0,5.0,5,"['web', 'email', 'mobile']",5,7.0,bogo,0,1
92ef36388eb949938fd0cc8155ed300a,0b1e1539f2cc45b7b9fa7c272da2e1d7,336,,498.0,5.0,5,"['web', 'email']",20,10.0,discount,0,1
92f3cc3dfaec453aa262158b723b9263,2906b810c7d4411798c6938adc9daaa5,0,,12.0,2.0,2,"['web', 'email', 'mobile']",10,7.0,discount,0,1
93072fa73b5e4cc799db427da2488a3a,9b98b8c7a33c4b65b9aebfe6a799e6d9,504,,534.0,5.0,5,"['web', 'email', 'mobile']",5,7.0,bogo,0,1
9309298c2fd44fd68cc7d0eb1475e909,2906b810c7d4411798c6938adc9daaa5,336,,558.0,2.0,2,"['web', 'email', 'mobile']",10,7.0,discount,0,1
9326fc2e01cd4496808eafe54916cc53,0b1e1539f2cc45b7b9fa7c272da2e1d7,504,,564.0,5.0,5,"['web', 'email']",20,10.0,discount,0,1
932901765c30419a932442a4248f239c,0b1e1539f2cc45b7b9fa7c272da2e1d7,408,,486.0,5.0,5,"['web', 'email']",20,10.0,discount,0,1
9341cf8552c745a199dade93bb1c2316,0b1e1539f2cc45b7b9fa7c272da2e1d7,0,,114.0,5.0,5,"['web', 'email']",20,10.0,discount,0,1
93534b7c68e44474a67b2c41fe95ecaa,9b98b8c7a33c4b65b9aebfe6a799e6d9,576,,714.0,5.0,5,"['web', 'email', 'mobile']",5,7.0,bogo,0,1
9358591b77e3479db0d13a9966919ded,9b98b8c7a33c4b65b9aebfe6a799e6d9,336,,492.0,5.0,5,"['web', 'email', 'mobile']",5,7.0,bogo,0,1
937ece0d77ac48d1b4902633ca610567,2906b810c7d4411798c6938adc9daaa5,408,,546.0,2.0,2,"['web', 'email', 'mobile']",10,7.0,discount,0,1
93c1bcc3ec6f420aa9cf50d0d88996fb,0b1e1539f2cc45b7b9fa7c272da2e1d7,336,,390.0,5.0,5,"['web', 'email']",20,10.0,discount,0,1
93e2bbb847db4cb7a082b1ecd2568e21,9b98b8c7a33c4b65b9aebfe6a799e6d9,168,,168.0,5.0,5,"['web', 'email', 'mobile']",5,7.0,bogo,0,1
93e6fefaf5ba4d1594d57f3120603819,9b98b8c7a33c4b65b9aebfe6a799e6d9,336,,360.0,5.0,5,"['web', 'email', 'mobile']",5,7.0,bogo,0,1
93e87753979d43e2934d826d1db40122,0b1e1539f2cc45b7b9fa7c272da2e1d7,504,,690.0,5.0,5,"['web', 'email']",20,10.0,discount,0,1
93e966c505ff4dda8fd7b870fe260d37,2906b810c7d4411798c6938adc9daaa5,504,,648.0,2.0,2,"['web', 'email', 'mobile']",10,7.0,discount,0,1
940efcdea04c4acbb224ec27c5929a5c,9b98b8c7a33c4b65b9aebfe6a799e6d9,576,,648.0,5.0,5,"['web', 'email', 'mobile']",5,7.0,bogo,0,1
94206fc6b89b4ae8b39d2cc9d870ef4d,0b1e1539f2cc45b7b9fa7c272da2e1d7,504,,582.0,5.0,5,"['web', 'email']",20,10.0,discount,0,1
94248a0dbb094ddcabe93920f77273b8,9b98b8c7a33c4b65b9aebfe6a799e6d9,576,,582.0,5.0,5,"['web', 'email', 'mobile']",5,7.0,bogo,0,1
94278cb5494f4a659d051d5dcb102bab,9b98b8c7a33c4b65b9aebfe6a799e6d9,576,,600.0,5.0,5,"['web', 'email', 'mobile']",5,7.0,bogo,0,1
9438cd9810a540a2909f03039f741496,2906b810c7d4411798c6938adc9daaa5,336,,384.0,2.0,2,"['web', 'email', 'mobile']",10,7.0,discount,0,1
945732b37c504898bb60ffece180a420,0b1e1539f2cc45b7b9fa7c272da2e1d7,504,,612.0,5.0,5,"['web', 'email']",20,10.0,discount,0,1
946eee504439450a8b38ef5009b688c6,2906b810c7d4411798c6938adc9daaa5,504,,552.0,2.0,2,"['web', 'email', 'mobile']",10,7.0,discount,0,1
9471eacd8b57444188a80b7b64c026eb,9b98b8c7a33c4b65b9aebfe6a799e6d9,336,,474.0,5.0,5,"['web', 'email', 'mobile']",5,7.0,bogo,0,1
94767d95759a47f38f0d85b7a7e74f67,2906b810c7d4411798c6938adc9daaa5,168,,210.0,2.0,2,"['web', 'email', 'mobile']",10,7.0,discount,0,1
94911d57e50a4a758da708b99bcfe8b0,9b98b8c7a33c4b65b9aebfe6a799e6d9,0,,24.0,5.0,5,"['web', 'email', 'mobile']",5,7.0,bogo,0,1
94911d57e50a4a758da708b99bcfe8b0,2906b810c7d4411798c6938adc9daaa5,504,,510.0,2.0,2,"['web', 'email', 'mobile']",10,7.0,discount,0,1
9494823c73a9408db756d4cfacd9c8ee,ae264e3637204a6fb9bb56bc8210ddfd,0,,132.0,10.0,10,"['email', 'mobile', 'social']",10,7.0,bogo,0,1
9494823c73a9408db756d4cfacd9c8ee,0b1e1539f2cc45b7b9fa7c272da2e1d7,168,,228.0,5.0,5,"['web', 'email']",20,10.0,discount,0,1
94991cce75d24512ab74a100f19b17ea,2298d6c36e964ae4a3e7e9706d1fb8c2,504,,588.0,3.0,3,"['web', 'email', 'mobile', 'social']",7,7.0,discount,0,1
94aabcec49134cf797c18f719afa32d3,f19421c1d4aa40978ebb69ca19b0e20d,336,,444.0,5.0,5,"['web', 'email', 'mobile', 'social']",5,5.0,bogo,0,1
94b10e52b5b246c791cf2bd310e88cc9,f19421c1d4aa40978ebb69ca19b0e20d,408,,474.0,5.0,5,"['web', 'email', 'mobile', 'social']",5,5.0,bogo,0,1
94ce14b4e3774ecd908575ba7ab32f85,f19421c1d4aa40978ebb69ca19b0e20d,336,,378.0,5.0,5,"['web', 'email', 'mobile', 'social']",5,5.0,bogo,0,1
94ce14b4e3774ecd908575ba7ab32f85,2906b810c7d4411798c6938adc9daaa5,504,,504.0,2.0,2,"['web', 'email', 'mobile']",10,7.0,discount,0,1
94d6d078828f4c719c414ffb5d423eda,0b1e1539f2cc45b7b9fa7c272da2e1d7,336,,522.0,5.0,5,"['web', 'email']",20,10.0,discount,0,1
94d6d078828f4c719c414ffb5d423eda,9b98b8c7a33c4b65b9aebfe6a799e6d9,408,,522.0,5.0,5,"['web', 'email', 'mobile']",5,7.0,bogo,0,1
94d6d078828f4c719c414ffb5d423eda,4d5c57ea9a6940dd891ad53e9dbe8da0,504,,522.0,10.0,10,"['web', 'email', 'mobile', 'social']",10,5.0,bogo,0,1
94de646f7b6041228ca7dec82adb97d2,0b1e1539f2cc45b7b9fa7c272da2e1d7,336,,492.0,5.0,5,"['web', 'email']",20,10.0,discount,0,1
94f14dcfedba47e18b7efca13dd7574b,ae264e3637204a6fb9bb56bc8210ddfd,168,,216.0,10.0,10,"['email', 'mobile', 'social']",10,7.0,bogo,0,1
951fc04de44c4e1cbcbaf816ee0069a7,2906b810c7d4411798c6938adc9daaa5,168,,324.0,2.0,2,"['web', 'email', 'mobile']",10,7.0,discount,0,1
952ebb382de0489db454f37dcd7da71d,9b98b8c7a33c4b65b9aebfe6a799e6d9,408,,546.0,5.0,5,"['web', 'email', 'mobile']",5,7.0,bogo,0,1
9538885fe02043ecab2b8788748bc30b,9b98b8c7a33c4b65b9aebfe6a799e6d9,576,,582.0,5.0,5,"['web', 'email', 'mobile']",5,7.0,bogo,0,1
953f68d9acdd47548bcc529af7d9e5ba,ae264e3637204a6fb9bb56bc8210ddfd,336,,336.0,10.0,10,"['email', 'mobile', 'social']",10,7.0,bogo,0,1
953f730903484691800d77f17750cdb0,9b98b8c7a33c4b65b9aebfe6a799e6d9,336,,348.0,5.0,5,"['web', 'email', 'mobile']",5,7.0,bogo,0,1
954a479196534d9b97b37de2d29a1275,9b98b8c7a33c4b65b9aebfe6a799e6d9,408,,462.0,5.0,5,"['web', 'email', 'mobile']",5,7.0,bogo,0,1
9558179b943a42799dc4bd1465ef0f8c,0b1e1539f2cc45b7b9fa7c272da2e1d7,0,,624.0,5.0,5,"['web', 'email']",20,10.0,discount,0,1
9558179b943a42799dc4bd1465ef0f8c,9b98b8c7a33c4b65b9aebfe6a799e6d9,336,,354.0,5.0,5,"['web', 'email', 'mobile']",5,7.0,bogo,0,1
9573bc0a92274a6db95027b7eb789571,0b1e1539f2cc45b7b9fa7c272da2e1d7,504,,684.0,5.0,5,"['web', 'email']",20,10.0,discount,0,1
957c78e7515f4176a1fc3cebcaa9a020,9b98b8c7a33c4b65b9aebfe6a799e6d9,168,,228.0,5.0,5,"['web', 'email', 'mobile']",5,7.0,bogo,0,1
9587e583fdc64eefa78719df9a79c098,fafdcd668e3743c1bb461111dcafc2a4,336,,336.0,2.0,2,"['web', 'email', 'mobile', 'social']",10,10.0,discount,0,1
95b6b3ebf08b4db5a6b9b1f7a3315f72,0b1e1539f2cc45b7b9fa7c272da2e1d7,168,,318.0,5.0,5,"['web', 'email']",20,10.0,discount,0,1
95bfff94b9b44ba98bb6b69bc3efc3c7,9b98b8c7a33c4b65b9aebfe6a799e6d9,576,,588.0,5.0,5,"['web', 'email', 'mobile']",5,7.0,bogo,0,1
95ce722d4d3a48dd915b3be37884cf9f,0b1e1539f2cc45b7b9fa7c272da2e1d7,0,,108.0,5.0,5,"['web', 'email']",20,10.0,discount,0,1
95e4c60e0c7d47c984b699ac7ef3d610,0b1e1539f2cc45b7b9fa7c272da2e1d7,504,,600.0,5.0,5,"['web', 'email']",20,10.0,discount,0,1
95e5285e78ce43d7882cd5bcf14bc8a0,9b98b8c7a33c4b65b9aebfe6a799e6d9,336,,462.0,5.0,5,"['web', 'email', 'mobile']",5,7.0,bogo,0,1
95e879c99aea4bec91f21aa0b355dcee,fafdcd668e3743c1bb461111dcafc2a4,336,,426.0,2.0,2,"['web', 'email', 'mobile', 'social']",10,10.0,discount,0,1
95e879c99aea4bec91f21aa0b355dcee,9b98b8c7a33c4b65b9aebfe6a799e6d9,408,,426.0,5.0,5,"['web', 'email', 'mobile']",5,7.0,bogo,0,1
95e94202440a43939f3195fc975e7367,0b1e1539f2cc45b7b9fa7c272da2e1d7,504,,546.0,5.0,5,"['web', 'email']",20,10.0,discount,0,1
95ef73ccde5740e5ba055c9ff322ae68,2906b810c7d4411798c6938adc9daaa5,168,,306.0,2.0,2,"['web', 'email', 'mobile']",10,7.0,discount,0,1
95ef73ccde5740e5ba055c9ff322ae68,9b98b8c7a33c4b65b9aebfe6a799e6d9,336,,486.0,5.0,5,"['web', 'email', 'mobile']",5,7.0,bogo,0,1
95ef73ccde5740e5ba055c9ff322ae68,0b1e1539f2cc45b7b9fa7c272da2e1d7,576,,588.0,5.0,5,"['web', 'email']",20,10.0,discount,0,1
95f5953809514c02b1b42b623b2f1fd9,2906b810c7d4411798c6938adc9daaa5,504,,516.0,2.0,2,"['web', 'email', 'mobile']",10,7.0,discount,0,1
962c8ca333d04bb18429276bf88d89dc,0b1e1539f2cc45b7b9fa7c272da2e1d7,0,,228.0,5.0,5,"['web', 'email']",20,10.0,discount,0,1
962c8ca333d04bb18429276bf88d89dc,9b98b8c7a33c4b65b9aebfe6a799e6d9,504,,534.0,5.0,5,"['web', 'email', 'mobile']",5,7.0,bogo,0,1
9643b1f0557945f2940b96743fd128e4,0b1e1539f2cc45b7b9fa7c272da2e1d7,336,,390.0,5.0,5,"['web', 'email']",20,10.0,discount,0,1
96478f7e1a44473f8e29342139a0b836,2906b810c7d4411798c6938adc9daaa5,504,,504.0,2.0,2,"['web', 'email', 'mobile']",10,7.0,discount,0,1
9651db2f35c04741a0123686063a380e,0b1e1539f2cc45b7b9fa7c272da2e1d7,168,,222.0,5.0,5,"['web', 'email']",20,10.0,discount,0,1
967e2f8cabb948e1944f7472b2ca92f7,fafdcd668e3743c1bb461111dcafc2a4,336,,414.0,2.0,2,"['web', 'email', 'mobile', 'social']",10,10.0,discount,0,1
967e2f8cabb948e1944f7472b2ca92f7,9b98b8c7a33c4b65b9aebfe6a799e6d9,408,,414.0,5.0,5,"['web', 'email', 'mobile']",5,7.0,bogo,0,1
9680c2c9be554bb6bbafe9dbc06b1be4,2906b810c7d4411798c6938adc9daaa5,408,,576.0,2.0,2,"['web', 'email', 'mobile']",10,7.0,discount,0,1
969b8fe3917b42a58147fd26ce80a8c2,0b1e1539f2cc45b7b9fa7c272da2e1d7,168,,402.0,5.0,5,"['web', 'email']",20,10.0,discount,0,1
969c53826f9c43078440997eeb4cb0a7,9b98b8c7a33c4b65b9aebfe6a799e6d9,576,,672.0,5.0,5,"['web', 'email', 'mobile']",5,7.0,bogo,0,1
96bd286bc9594fd4bbed1e2728b9a9f5,2906b810c7d4411798c6938adc9daaa5,336,,384.0,2.0,2,"['web', 'email', 'mobile']",10,7.0,discount,0,1
96bd286bc9594fd4bbed1e2728b9a9f5,0b1e1539f2cc45b7b9fa7c272da2e1d7,408,,540.0,5.0,5,"['web', 'email']",20,10.0,discount,0,1
96be04f29ab44645a3face77bfb50653,9b98b8c7a33c4b65b9aebfe6a799e6d9,0,,24.0,5.0,5,"['web', 'email', 'mobile']",5,7.0,bogo,0,1
96be04f29ab44645a3face77bfb50653,0b1e1539f2cc45b7b9fa7c272da2e1d7,336,,444.0,5.0,5,"['web', 'email']",20,10.0,discount,0,1
96be04f29ab44645a3face77bfb50653,2906b810c7d4411798c6938adc9daaa5,504,,672.0,2.0,2,"['web', 'email', 'mobile']",10,7.0,discount,0,1
96ff9b56ced445e5b0b07b1b82554113,9b98b8c7a33c4b65b9aebfe6a799e6d9,408,,570.0,5.0,5,"['web', 'email', 'mobile']",5,7.0,bogo,0,1
9704d49bd7af4c228219def9562360da,2298d6c36e964ae4a3e7e9706d1fb8c2,0,,36.0,3.0,3,"['web', 'email', 'mobile', 'social']",7,7.0,discount,0,1
970f224ba9bd40599b8916c132b58b39,0b1e1539f2cc45b7b9fa7c272da2e1d7,168,,258.0,5.0,5,"['web', 'email']",20,10.0,discount,0,1
971c5342cb5d46ea93cb480f3b31dac8,2906b810c7d4411798c6938adc9daaa5,168,,276.0,2.0,2,"['web', 'email', 'mobile']",10,7.0,discount,0,1
971d98b6a4054f75a6bdd20897e469ac,9b98b8c7a33c4b65b9aebfe6a799e6d9,408,,504.0,5.0,5,"['web', 'email', 'mobile']",5,7.0,bogo,0,1
9726361a96044280a16ee85ec75d6ef1,0b1e1539f2cc45b7b9fa7c272da2e1d7,0,,192.0,5.0,5,"['web', 'email']",20,10.0,discount,0,1
9726361a96044280a16ee85ec75d6ef1,2906b810c7d4411798c6938adc9daaa5,408,,408.0,2.0,2,"['web', 'email', 'mobile']",10,7.0,discount,0,1
97296640114045da9189590d8b65ba1b,4d5c57ea9a6940dd891ad53e9dbe8da0,504,,558.0,10.0,10,"['web', 'email', 'mobile', 'social']",10,5.0,bogo,0,1
9729bb96b9f540cdaeca72e11f63dba1,9b98b8c7a33c4b65b9aebfe6a799e6d9,504,,612.0,5.0,5,"['web', 'email', 'mobile']",5,7.0,bogo,0,1
9738f8724dba4c13a3dea73e9d2a3c4b,2906b810c7d4411798c6938adc9daaa5,336,,336.0,2.0,2,"['web', 'email', 'mobile']",10,7.0,discount,0,1
9738f8724dba4c13a3dea73e9d2a3c4b,0b1e1539f2cc45b7b9fa7c272da2e1d7,408,,540.0,5.0,5,"['web', 'email']",20,10.0,discount,0,1
974679ad6fc2430ca1239ec26f5aa33e,9b98b8c7a33c4b65b9aebfe6a799e6d9,504,,570.0,5.0,5,"['web', 'email', 'mobile']",5,7.0,bogo,0,1
9766bd644a6748b0a7d71b305a4e576a,0b1e1539f2cc45b7b9fa7c272da2e1d7,0,,66.0,5.0,5,"['web', 'email']",20,10.0,discount,0,1
97681d53482d422f84214bf4e0a77b60,9b98b8c7a33c4b65b9aebfe6a799e6d9,336,,426.0,5.0,5,"['web', 'email', 'mobile']",5,7.0,bogo,0,1
9774f8358c604beda7ba9c5db92b71f0,2906b810c7d4411798c6938adc9daaa5,336,,402.0,2.0,2,"['web', 'email', 'mobile']",10,7.0,discount,0,1
9796e4df311542f49cdf0186e70ea57d,0b1e1539f2cc45b7b9fa7c272da2e1d7,408,,444.0,5.0,5,"['web', 'email']",20,10.0,discount,0,1
979a2fda285e4faf8d3cdb835c77bc95,0b1e1539f2cc45b7b9fa7c272da2e1d7,408,,420.0,5.0,5,"['web', 'email']",20,10.0,discount,0,1
97a8ba1ac0b24bda94f21053233b480c,2906b810c7d4411798c6938adc9daaa5,504,,510.0,2.0,2,"['web', 'email', 'mobile']",10,7.0,discount,0,1
97ba0e38ba9b4ea7866e04e79b210eaa,2906b810c7d4411798c6938adc9daaa5,0,,36.0,2.0,2,"['web', 'email', 'mobile']",10,7.0,discount,0,1
97ba0e38ba9b4ea7866e04e79b210eaa,0b1e1539f2cc45b7b9fa7c272da2e1d7,168,,402.0,5.0,5,"['web', 'email']",20,10.0,discount,0,1
97bf8b6d1e0841708ac5ec713002e3c2,ae264e3637204a6fb9bb56bc8210ddfd,336,,402.0,10.0,10,"['email', 'mobile', 'social']",10,7.0,bogo,0,1
97c8db12d9de44febcf5b937fe549be8,9b98b8c7a33c4b65b9aebfe6a799e6d9,576,,678.0,5.0,5,"['web', 'email', 'mobile']",5,7.0,bogo,0,1
97d74521f0a347c1b6a2927ac9c6dc66,9b98b8c7a33c4b65b9aebfe6a799e6d9,504,,546.0,5.0,5,"['web', 'email', 'mobile']",5,7.0,bogo,0,1
980053d5b9174be1bcc5c78a3b91d388,0b1e1539f2cc45b7b9fa7c272da2e1d7,576,,690.0,5.0,5,"['web', 'email']",20,10.0,discount,0,1
981097a0c3a04335a77b9727d29e9bc1,2906b810c7d4411798c6938adc9daaa5,0,,150.0,2.0,2,"['web', 'email', 'mobile']",10,7.0,discount,0,1
981097a0c3a04335a77b9727d29e9bc1,0b1e1539f2cc45b7b9fa7c272da2e1d7,576,,708.0,5.0,5,"['web', 'email']",20,10.0,discount,0,1
981285f3c81d491086cffd54eefbc436,9b98b8c7a33c4b65b9aebfe6a799e6d9,408,,462.0,5.0,5,"['web', 'email', 'mobile']",5,7.0,bogo,0,1
982f2197b2c3414c976128bae1ba834a,9b98b8c7a33c4b65b9aebfe6a799e6d9,336,,408.0,5.0,5,"['web', 'email', 'mobile']",5,7.0,bogo,0,1
984ada73b03f4ed49177ff89ff121dd1,0b1e1539f2cc45b7b9fa7c272da2e1d7,504,,690.0,5.0,5,"['web', 'email']",20,10.0,discount,0,1
986e41e705c24520ac37983e359180f0,0b1e1539f2cc45b7b9fa7c272da2e1d7,336,,432.0,5.0,5,"['web', 'email']",20,10.0,discount,0,1
9882b2fa3d074434910a111fbd937f16,2906b810c7d4411798c6938adc9daaa5,336,,378.0,2.0,2,"['web', 'email', 'mobile']",10,7.0,discount,0,1
9893d7208428455a98dc1a402148b3c8,0b1e1539f2cc45b7b9fa7c272da2e1d7,576,,630.0,5.0,5,"['web', 'email']",20,10.0,discount,0,1
989c1a0aab464aefbeff92261b090784,9b98b8c7a33c4b65b9aebfe6a799e6d9,336,,444.0,5.0,5,"['web', 'email', 'mobile']",5,7.0,bogo,0,1
98b25c8567dd41a0bf9a08de619c06d6,9b98b8c7a33c4b65b9aebfe6a799e6d9,576,,648.0,5.0,5,"['web', 'email', 'mobile']",5,7.0,bogo,0,1
98b81a8ffdd14bb986d80673491171a7,9b98b8c7a33c4b65b9aebfe6a799e6d9,504,,540.0,5.0,5,"['web', 'email', 'mobile']",5,7.0,bogo,0,1
98ba686b0d9943279f4ef1ee9480eaff,9b98b8c7a33c4b65b9aebfe6a799e6d9,0,,66.0,5.0,5,"['web', 'email', 'mobile']",5,7.0,bogo,0,1
98cd432801084dc4934d10bd3420133e,9b98b8c7a33c4b65b9aebfe6a799e6d9,504,,516.0,5.0,5,"['web', 'email', 'mobile']",5,7.0,bogo,0,1
98d67b97a0f042ad89c3b4db85b4df27,9b98b8c7a33c4b65b9aebfe6a799e6d9,0,,6.0,5.0,5,"['web', 'email', 'mobile']",5,7.0,bogo,0,1
98da26ac30d94be693bc1c0050b73aae,ae264e3637204a6fb9bb56bc8210ddfd,0,,12.0,10.0,10,"['email', 'mobile', 'social']",10,7.0,bogo,0,1
98e61b34c4374acaa50d5012b480f234,0b1e1539f2cc45b7b9fa7c272da2e1d7,336,,576.0,5.0,5,"['web', 'email']",20,10.0,discount,0,1
990080173c3f4871bb8634a9b50e118a,9b98b8c7a33c4b65b9aebfe6a799e6d9,504,,588.0,5.0,5,"['web', 'email', 'mobile']",5,7.0,bogo,0,1
991321fedc8e4c46abd2a17137af756d,9b98b8c7a33c4b65b9aebfe6a799e6d9,168,,336.0,5.0,5,"['web', 'email', 'mobile']",5,7.0,bogo,0,1
991321fedc8e4c46abd2a17137af756d,0b1e1539f2cc45b7b9fa7c272da2e1d7,576,,642.0,5.0,5,"['web', 'email']",20,10.0,discount,0,1
99148a450059428180ed37cb9ab01f62,9b98b8c7a33c4b65b9aebfe6a799e6d9,408,,498.0,5.0,5,"['web', 'email', 'mobile']",5,7.0,bogo,0,1
991e1092ad554373aed297ac057ed7dd,9b98b8c7a33c4b65b9aebfe6a799e6d9,408,,564.0,5.0,5,"['web', 'email', 'mobile']",5,7.0,bogo,0,1
991e1092ad554373aed297ac057ed7dd,2298d6c36e964ae4a3e7e9706d1fb8c2,576,,612.0,3.0,3,"['web', 'email', 'mobile', 'social']",7,7.0,discount,0,1
992561164e1a4722b9275fdde49463a0,2298d6c36e964ae4a3e7e9706d1fb8c2,504,,594.0,3.0,3,"['web', 'email', 'mobile', 'social']",7,7.0,discount,0,1
99297ea01107436fa8c2e2bc86f55d89,0b1e1539f2cc45b7b9fa7c272da2e1d7,408,,540.0,5.0,5,"['web', 'email']",20,10.0,discount,0,1
993235c327bd4f268b71cc1dcd90cb4a,9b98b8c7a33c4b65b9aebfe6a799e6d9,408,,408.0,5.0,5,"['web', 'email', 'mobile']",5,7.0,bogo,0,1
99529ff084d04e7c96ddfb73cc28777b,9b98b8c7a33c4b65b9aebfe6a799e6d9,168,,228.0,5.0,5,"['web', 'email', 'mobile']",5,7.0,bogo,0,1
99529ff084d04e7c96ddfb73cc28777b,2906b810c7d4411798c6938adc9daaa5,408,,546.0,2.0,2,"['web', 'email', 'mobile']",10,7.0,discount,0,1
99663aba00a64b92b356bad69bc86b55,f19421c1d4aa40978ebb69ca19b0e20d,504,,516.0,5.0,5,"['web', 'email', 'mobile', 'social']",5,5.0,bogo,0,1
996fb8e62375461f8f6ca0cf7d2eeaa3,9b98b8c7a33c4b65b9aebfe6a799e6d9,336,,396.0,5.0,5,"['web', 'email', 'mobile']",5,7.0,bogo,0,1
997938e130bc4607a3649456a13d26a2,9b98b8c7a33c4b65b9aebfe6a799e6d9,504,,516.0,5.0,5,"['web', 'email', 'mobile']",5,7.0,bogo,0,1
998ea4ad4888418ea48370ff40ac713b,2906b810c7d4411798c6938adc9daaa5,336,,348.0,2.0,2,"['web', 'email', 'mobile']",10,7.0,discount,0,1
9994b51cc1ba43ef969f4a798434ba97,2906b810c7d4411798c6938adc9daaa5,0,,156.0,2.0,2,"['web', 'email', 'mobile']",10,7.0,discount,0,1
99991bf10a0f4523b5facba836769ae9,0b1e1539f2cc45b7b9fa7c272da2e1d7,408,,600.0,5.0,5,"['web', 'email']",20,10.0,discount,0,1
99991bf10a0f4523b5facba836769ae9,2906b810c7d4411798c6938adc9daaa5,504,,600.0,2.0,2,"['web', 'email', 'mobile']",10,7.0,discount,0,1
99baac12030a4aa6acfc7f8c5453567d,0b1e1539f2cc45b7b9fa7c272da2e1d7,504,,606.0,5.0,5,"['web', 'email']",20,10.0,discount,0,1
99c3a74676344e3b8689d34aa78e9113,9b98b8c7a33c4b65b9aebfe6a799e6d9,0,,144.0,5.0,5,"['web', 'email', 'mobile']",5,7.0,bogo,0,1
99c92d10054843c6af13efc3b4ecfef5,0b1e1539f2cc45b7b9fa7c272da2e1d7,0,,222.0,5.0,5,"['web', 'email']",20,10.0,discount,0,1
99d0d659823e4fe5a2b9837140fbcc64,2298d6c36e964ae4a3e7e9706d1fb8c2,504,,534.0,3.0,3,"['web', 'email', 'mobile', 'social']",7,7.0,discount,0,1
99f8f1204cd343ef96f813b7cdfe53e9,fafdcd668e3743c1bb461111dcafc2a4,336,,438.0,2.0,2,"['web', 'email', 'mobile', 'social']",10,10.0,discount,0,1
9a35aada6b3447899a6a8eb4bc31aed9,9b98b8c7a33c4b65b9aebfe6a799e6d9,168,,258.0,5.0,5,"['web', 'email', 'mobile']",5,7.0,bogo,0,1
9a3fdbdde97f48748fedea07119e148d,0b1e1539f2cc45b7b9fa7c272da2e1d7,168,,396.0,5.0,5,"['web', 'email']",20,10.0,discount,0,1
9a47a77eb8fc43dc8c65ddfdee1123ee,9b98b8c7a33c4b65b9aebfe6a799e6d9,336,,384.0,5.0,5,"['web', 'email', 'mobile']",5,7.0,bogo,0,1
9a486e1f8a8941db9af401ad52af2ac9,2298d6c36e964ae4a3e7e9706d1fb8c2,408,,414.0,3.0,3,"['web', 'email', 'mobile', 'social']",7,7.0,discount,0,1
9a4f8b9976034a48a6599c41635a9386,f19421c1d4aa40978ebb69ca19b0e20d,408,,528.0,5.0,5,"['web', 'email', 'mobile', 'social']",5,5.0,bogo,0,1
9a4f8b9976034a48a6599c41635a9386,ae264e3637204a6fb9bb56bc8210ddfd,504,,528.0,10.0,10,"['email', 'mobile', 'social']",10,7.0,bogo,0,1
9a6404d508484803818c88d6393ba26b,2906b810c7d4411798c6938adc9daaa5,168,,300.0,2.0,2,"['web', 'email', 'mobile']",10,7.0,discount,0,1
9a664345a62e4819a06e763c7de4a98b,0b1e1539f2cc45b7b9fa7c272da2e1d7,504,,636.0,5.0,5,"['web', 'email']",20,10.0,discount,0,1
9a674564f21d4478bed54a86b25fceb0,0b1e1539f2cc45b7b9fa7c272da2e1d7,408,,642.0,5.0,5,"['web', 'email']",20,10.0,discount,0,1
9a674564f21d4478bed54a86b25fceb0,2906b810c7d4411798c6938adc9daaa5,504,,576.0,2.0,2,"['web', 'email', 'mobile']",10,7.0,discount,0,1
9a71e5d79fdf40c8b316ea7cf615bc21,9b98b8c7a33c4b65b9aebfe6a799e6d9,336,,444.0,5.0,5,"['web', 'email', 'mobile']",5,7.0,bogo,0,1
9a909a237a0b42548e3de9a7ab700d60,4d5c57ea9a6940dd891ad53e9dbe8da0,336,,378.0,10.0,10,"['web', 'email', 'mobile', 'social']",10,5.0,bogo,0,1
9a909a237a0b42548e3de9a7ab700d60,2906b810c7d4411798c6938adc9daaa5,408,,576.0,2.0,2,"['web', 'email', 'mobile']",10,7.0,discount,0,1
9a9a6f44405f49fdb0c3fa45109767d5,2906b810c7d4411798c6938adc9daaa5,504,,672.0,2.0,2,"['web', 'email', 'mobile']",10,7.0,discount,0,1
9a9ce5c7b24c4728af3c659f4069b77c,0b1e1539f2cc45b7b9fa7c272da2e1d7,336,,492.0,5.0,5,"['web', 'email']",20,10.0,discount,0,1
9a9e36298cb54b72a95fd6550ceff288,2906b810c7d4411798c6938adc9daaa5,408,,522.0,2.0,2,"['web', 'email', 'mobile']",10,7.0,discount,0,1
9a9e4bc03342441890dac077c283f821,ae264e3637204a6fb9bb56bc8210ddfd,168,,300.0,10.0,10,"['email', 'mobile', 'social']",10,7.0,bogo,0,1
9aa25ad8fd1940efb459bb515e6abcb5,2906b810c7d4411798c6938adc9daaa5,336,,450.0,2.0,2,"['web', 'email', 'mobile']",10,7.0,discount,0,1
9aa25ad8fd1940efb459bb515e6abcb5,9b98b8c7a33c4b65b9aebfe6a799e6d9,504,,606.0,5.0,5,"['web', 'email', 'mobile']",5,7.0,bogo,0,1
9aa538ebf4704f10b8c53e221e6e1efe,2906b810c7d4411798c6938adc9daaa5,408,,432.0,2.0,2,"['web', 'email', 'mobile']",10,7.0,discount,0,1
9aad7d4556ac493a8d09b0bf3d7c88f2,2906b810c7d4411798c6938adc9daaa5,408,,492.0,2.0,2,"['web', 'email', 'mobile']",10,7.0,discount,0,1
9abbf904992d40fe98f39c40a07aecd3,0b1e1539f2cc45b7b9fa7c272da2e1d7,0,,204.0,5.0,5,"['web', 'email']",20,10.0,discount,0,1
9ad81fe319ba406c96f2469926aac077,2906b810c7d4411798c6938adc9daaa5,576,,702.0,2.0,2,"['web', 'email', 'mobile']",10,7.0,discount,0,1
9ae9bceb0c01429f9db6066566ba92ff,2906b810c7d4411798c6938adc9daaa5,168,,324.0,2.0,2,"['web', 'email', 'mobile']",10,7.0,discount,0,1
9b0841c814534f23bf691f4a68f92f1a,9b98b8c7a33c4b65b9aebfe6a799e6d9,336,,378.0,5.0,5,"['web', 'email', 'mobile']",5,7.0,bogo,0,1
9b1f748c79ae43bc93c10499159341f8,0b1e1539f2cc45b7b9fa7c272da2e1d7,0,,492.0,5.0,5,"['web', 'email']",20,10.0,discount,0,1
9b265daef0cd4839aabee7f4ee851050,0b1e1539f2cc45b7b9fa7c272da2e1d7,408,,414.0,5.0,5,"['web', 'email']",20,10.0,discount,0,1
9b297ca6dc8a4c328219fa21dad746c2,2906b810c7d4411798c6938adc9daaa5,336,,438.0,2.0,2,"['web', 'email', 'mobile']",10,7.0,discount,0,1
9b2b02e1cd20404cb89ae2439771d135,2906b810c7d4411798c6938adc9daaa5,336,,468.0,2.0,2,"['web', 'email', 'mobile']",10,7.0,discount,0,1
9b4047b3caa2401d9671b136ada0f8cc,9b98b8c7a33c4b65b9aebfe6a799e6d9,168,,246.0,5.0,5,"['web', 'email', 'mobile']",5,7.0,bogo,0,1
9b42f9e0dc2e465982845e31f0b5c02d,0b1e1539f2cc45b7b9fa7c272da2e1d7,0,,102.0,5.0,5,"['web', 'email']",20,10.0,discount,0,1
9b4b02ab6a744385ae6007e4c95099cc,0b1e1539f2cc45b7b9fa7c272da2e1d7,168,,372.0,5.0,5,"['web', 'email']",20,10.0,discount,0,1
9b57b7bc4ea24fc1a3d2f4760a141941,9b98b8c7a33c4b65b9aebfe6a799e6d9,336,,480.0,5.0,5,"['web', 'email', 'mobile']",5,7.0,bogo,0,1
9b59c4800e8a4ae1b8e7f071891bbc6c,0b1e1539f2cc45b7b9fa7c272da2e1d7,408,,606.0,5.0,5,"['web', 'email']",20,10.0,discount,0,1
9bb80ca554284a1ea6abd85a101b4da5,0b1e1539f2cc45b7b9fa7c272da2e1d7,336,,390.0,5.0,5,"['web', 'email']",20,10.0,discount,0,1
9bbca859a7ff43db981b10737391e550,9b98b8c7a33c4b65b9aebfe6a799e6d9,336,,414.0,5.0,5,"['web', 'email', 'mobile']",5,7.0,bogo,0,1
9bc4b2ca147b42d08a4c2c55a16c2604,fafdcd668e3743c1bb461111dcafc2a4,504,,684.0,2.0,2,"['web', 'email', 'mobile', 'social']",10,10.0,discount,0,1
9bd28ae809bb435b83f5bd94ed9aee4c,fafdcd668e3743c1bb461111dcafc2a4,408,,558.0,2.0,2,"['web', 'email', 'mobile', 'social']",10,10.0,discount,0,1
9bd8945dd46d4e55b6504a0a0878ed51,2906b810c7d4411798c6938adc9daaa5,336,,528.0,2.0,2,"['web', 'email', 'mobile']",10,7.0,discount,0,1
9bde4015093a4b4885cbc6aecc44ec19,2906b810c7d4411798c6938adc9daaa5,408,,528.0,2.0,2,"['web', 'email', 'mobile']",10,7.0,discount,0,1
9be0d577c14841bcb61232b6497db1cd,9b98b8c7a33c4b65b9aebfe6a799e6d9,408,,528.0,5.0,5,"['web', 'email', 'mobile']",5,7.0,bogo,0,1
9bf2feb2b3ba4c439b040a257b71edb1,0b1e1539f2cc45b7b9fa7c272da2e1d7,504,,564.0,5.0,5,"['web', 'email']",20,10.0,discount,0,1
9bfcb9551d364ef89f928f6ef195318d,2906b810c7d4411798c6938adc9daaa5,0,,144.0,2.0,2,"['web', 'email', 'mobile']",10,7.0,discount,0,1
9bfcb9551d364ef89f928f6ef195318d,0b1e1539f2cc45b7b9fa7c272da2e1d7,168,,336.0,5.0,5,"['web', 'email']",20,10.0,discount,0,1
9bff0ab1de694e8aab7f0a43b79772ae,9b98b8c7a33c4b65b9aebfe6a799e6d9,168,,288.0,5.0,5,"['web', 'email', 'mobile']",5,7.0,bogo,0,1
9c1c85ddf82448e58ef49e6dcd0e59a6,9b98b8c7a33c4b65b9aebfe6a799e6d9,168,,240.0,5.0,5,"['web', 'email', 'mobile']",5,7.0,bogo,0,1
9c20b8e0ba9d4ae3bfe6d259a85d1d12,9b98b8c7a33c4b65b9aebfe6a799e6d9,336,,378.0,5.0,5,"['web', 'email', 'mobile']",5,7.0,bogo,0,1
9c28b2b1733b498badfe66e26101fa50,2906b810c7d4411798c6938adc9daaa5,336,,360.0,2.0,2,"['web', 'email', 'mobile']",10,7.0,discount,0,1
9c3b3fa0debf45758068870e8ca79bae,0b1e1539f2cc45b7b9fa7c272da2e1d7,408,,414.0,5.0,5,"['web', 'email']",20,10.0,discount,0,1
9c48c9b259b042f2b7cebe52df7fc36b,0b1e1539f2cc45b7b9fa7c272da2e1d7,504,,648.0,5.0,5,"['web', 'email']",20,10.0,discount,0,1
9c569de8e9f747bcb5c8f78c0a014fc5,9b98b8c7a33c4b65b9aebfe6a799e6d9,0,,78.0,5.0,5,"['web', 'email', 'mobile']",5,7.0,bogo,0,1
9c569de8e9f747bcb5c8f78c0a014fc5,0b1e1539f2cc45b7b9fa7c272da2e1d7,168,,210.0,5.0,5,"['web', 'email']",20,10.0,discount,0,1
9c569de8e9f747bcb5c8f78c0a014fc5,2906b810c7d4411798c6938adc9daaa5,576,,612.0,2.0,2,"['web', 'email', 'mobile']",10,7.0,discount,0,1
9c7eeec3d84b4c698169ef5de01fde26,2906b810c7d4411798c6938adc9daaa5,408,,444.0,2.0,2,"['web', 'email', 'mobile']",10,7.0,discount,0,1
9c860622473e4c6c8e57b6caa7523843,0b1e1539f2cc45b7b9fa7c272da2e1d7,504,,576.0,5.0,5,"['web', 'email']",20,10.0,discount,0,1
9c9d2659c4ec499288a96dec70fae500,0b1e1539f2cc45b7b9fa7c272da2e1d7,168,,246.0,5.0,5,"['web', 'email']",20,10.0,discount,0,1
9ca3e1ee578741e0b8b74f876a606c93,0b1e1539f2cc45b7b9fa7c272da2e1d7,0,,228.0,5.0,5,"['web', 'email']",20,10.0,discount,0,1
9cb34ff9de694c578154da3efc9915db,9b98b8c7a33c4b65b9aebfe6a799e6d9,336,,480.0,5.0,5,"['web', 'email', 'mobile']",5,7.0,bogo,0,1
9cbc97671cc847528ee4bc9ad666f9c6,0b1e1539f2cc45b7b9fa7c272da2e1d7,0,,546.0,5.0,5,"['web', 'email']",20,10.0,discount,0,1
9cbcf7c2e556460db4d7d0ded51fc076,9b98b8c7a33c4b65b9aebfe6a799e6d9,576,,606.0,5.0,5,"['web', 'email', 'mobile']",5,7.0,bogo,0,1
9cc54896240c4edca22f8187a3202599,0b1e1539f2cc45b7b9fa7c272da2e1d7,0,,222.0,5.0,5,"['web', 'email']",20,10.0,discount,0,1
9cc54896240c4edca22f8187a3202599,9b98b8c7a33c4b65b9aebfe6a799e6d9,504,,504.0,5.0,5,"['web', 'email', 'mobile']",5,7.0,bogo,0,1
9cd56cfd1feb4dc7851e8e5132ab45c2,9b98b8c7a33c4b65b9aebfe6a799e6d9,408,,456.0,5.0,5,"['web', 'email', 'mobile']",5,7.0,bogo,0,1
9cff812d0f8f426a8189648d3c476411,0b1e1539f2cc45b7b9fa7c272da2e1d7,0,,30.0,5.0,5,"['web', 'email']",20,10.0,discount,0,1
9cff812d0f8f426a8189648d3c476411,2906b810c7d4411798c6938adc9daaa5,576,,582.0,2.0,2,"['web', 'email', 'mobile']",10,7.0,discount,0,1
9d00598dc760449e827cc61ae5405b3c,9b98b8c7a33c4b65b9aebfe6a799e6d9,504,,618.0,5.0,5,"['web', 'email', 'mobile']",5,7.0,bogo,0,1
9d2e7199f364485bb4ee941732cffdea,0b1e1539f2cc45b7b9fa7c272da2e1d7,408,,516.0,5.0,5,"['web', 'email']",20,10.0,discount,0,1
9d439f3eed6e4ec490ee2cfd12fca3c0,0b1e1539f2cc45b7b9fa7c272da2e1d7,576,,666.0,5.0,5,"['web', 'email']",20,10.0,discount,0,1
9d529c38941a42cf80536853d013c887,4d5c57ea9a6940dd891ad53e9dbe8da0,336,,336.0,10.0,10,"['web', 'email', 'mobile', 'social']",10,5.0,bogo,0,1
9d6da0a2ac54474e8ec986fd21cecef0,0b1e1539f2cc45b7b9fa7c272da2e1d7,336,,396.0,5.0,5,"['web', 'email']",20,10.0,discount,0,1
9d761dd3dffa40b584ea9e0030d7083e,0b1e1539f2cc45b7b9fa7c272da2e1d7,336,,432.0,5.0,5,"['web', 'email']",20,10.0,discount,0,1
9d79bfae6a7b4bb784a12d12f98bf578,9b98b8c7a33c4b65b9aebfe6a799e6d9,168,,192.0,5.0,5,"['web', 'email', 'mobile']",5,7.0,bogo,0,1
9d79bfae6a7b4bb784a12d12f98bf578,4d5c57ea9a6940dd891ad53e9dbe8da0,408,,444.0,10.0,10,"['web', 'email', 'mobile', 'social']",10,5.0,bogo,0,1
9d7ee5485d064f5b8cecc53fe55863ac,9b98b8c7a33c4b65b9aebfe6a799e6d9,0,,48.0,5.0,5,"['web', 'email', 'mobile']",5,7.0,bogo,0,1
9d8bdbbb3436461ca2babeed7b0cddf0,2906b810c7d4411798c6938adc9daaa5,504,,648.0,2.0,2,"['web', 'email', 'mobile']",10,7.0,discount,0,1
9da3f2339b244229a8337572e982b189,2906b810c7d4411798c6938adc9daaa5,408,,528.0,2.0,2,"['web', 'email', 'mobile']",10,7.0,discount,0,1
9da6fe9306cf422497b62ac85ddd0f1b,9b98b8c7a33c4b65b9aebfe6a799e6d9,0,,78.0,5.0,5,"['web', 'email', 'mobile']",5,7.0,bogo,0,1
9daa8e32286143da85f85846cb35a259,0b1e1539f2cc45b7b9fa7c272da2e1d7,336,,570.0,5.0,5,"['web', 'email']",20,10.0,discount,0,1
9db461d6bafe42cfbe9cab24154530a7,0b1e1539f2cc45b7b9fa7c272da2e1d7,0,,186.0,5.0,5,"['web', 'email']",20,10.0,discount,0,1
9dc0a23131994ab08657bc748f425765,9b98b8c7a33c4b65b9aebfe6a799e6d9,408,,456.0,5.0,5,"['web', 'email', 'mobile']",5,7.0,bogo,0,1
9dca9582ac1b4c6d83445328eb56dda8,ae264e3637204a6fb9bb56bc8210ddfd,576,,660.0,10.0,10,"['email', 'mobile', 'social']",10,7.0,bogo,0,1
9dcfbbcd176a4e06ae89108847b758af,f19421c1d4aa40978ebb69ca19b0e20d,336,,336.0,5.0,5,"['web', 'email', 'mobile', 'social']",5,5.0,bogo,0,1
9dcfbbcd176a4e06ae89108847b758af,0b1e1539f2cc45b7b9fa7c272da2e1d7,408,,504.0,5.0,5,"['web', 'email']",20,10.0,discount,0,1
9ddafd9acd6e441a8ebf8845e2ac5319,0b1e1539f2cc45b7b9fa7c272da2e1d7,168,,384.0,5.0,5,"['web', 'email']",20,10.0,discount,0,1
9e0369f1045443c2a83a423920155ab3,9b98b8c7a33c4b65b9aebfe6a799e6d9,408,,420.0,5.0,5,"['web', 'email', 'mobile']",5,7.0,bogo,0,1
9e11b206b5784951ba5b0ff06fd505cd,9b98b8c7a33c4b65b9aebfe6a799e6d9,408,,552.0,5.0,5,"['web', 'email', 'mobile']",5,7.0,bogo,0,1
9e2ba3d151564f86900754e6036febba,0b1e1539f2cc45b7b9fa7c272da2e1d7,0,,192.0,5.0,5,"['web', 'email']",20,10.0,discount,0,1
9e2ba3d151564f86900754e6036febba,fafdcd668e3743c1bb461111dcafc2a4,504,,654.0,2.0,2,"['web', 'email', 'mobile', 'social']",10,10.0,discount,0,1
9e34cfea6818482197c2a5c397a2e256,4d5c57ea9a6940dd891ad53e9dbe8da0,408,,492.0,10.0,10,"['web', 'email', 'mobile', 'social']",10,5.0,bogo,0,1
9e3f177afd7a4d939d486f79e4bfeeb6,0b1e1539f2cc45b7b9fa7c272da2e1d7,0,,168.0,5.0,5,"['web', 'email']",20,10.0,discount,0,1
9e3f177afd7a4d939d486f79e4bfeeb6,9b98b8c7a33c4b65b9aebfe6a799e6d9,408,,414.0,5.0,5,"['web', 'email', 'mobile']",5,7.0,bogo,0,1
9e473f9bd189408c8fcbb000822f59e6,2906b810c7d4411798c6938adc9daaa5,0,,54.0,2.0,2,"['web', 'email', 'mobile']",10,7.0,discount,0,1
9e473f9bd189408c8fcbb000822f59e6,9b98b8c7a33c4b65b9aebfe6a799e6d9,336,,384.0,5.0,5,"['web', 'email', 'mobile']",5,7.0,bogo,0,1
9e523a3e05e14fd0bfec8ac108ce2cab,2906b810c7d4411798c6938adc9daaa5,504,,636.0,2.0,2,"['web', 'email', 'mobile']",10,7.0,discount,0,1
9e894ff66aba45bbbe75575a03aeb00e,0b1e1539f2cc45b7b9fa7c272da2e1d7,168,,294.0,5.0,5,"['web', 'email']",20,10.0,discount,0,1
9e894ff66aba45bbbe75575a03aeb00e,2906b810c7d4411798c6938adc9daaa5,336,,420.0,2.0,2,"['web', 'email', 'mobile']",10,7.0,discount,0,1
9e91e04b9a344f4e948728bf127967b6,0b1e1539f2cc45b7b9fa7c272da2e1d7,408,,450.0,5.0,5,"['web', 'email']",20,10.0,discount,0,1
9e91e04b9a344f4e948728bf127967b6,2906b810c7d4411798c6938adc9daaa5,576,,576.0,2.0,2,"['web', 'email', 'mobile']",10,7.0,discount,0,1
9e9aab288405481cb7cac45dc3c48315,2906b810c7d4411798c6938adc9daaa5,336,,486.0,2.0,2,"['web', 'email', 'mobile']",10,7.0,discount,0,1
9e9aab288405481cb7cac45dc3c48315,9b98b8c7a33c4b65b9aebfe6a799e6d9,408,,486.0,5.0,5,"['web', 'email', 'mobile']",5,7.0,bogo,0,1
9ed20a4ecdf94cc99d52f6fd6a07b363,9b98b8c7a33c4b65b9aebfe6a799e6d9,336,,378.0,5.0,5,"['web', 'email', 'mobile']",5,7.0,bogo,0,1
9ed5228b75954aa495605ec2a505a598,0b1e1539f2cc45b7b9fa7c272da2e1d7,576,,576.0,5.0,5,"['web', 'email']",20,10.0,discount,0,1
9ed5a316ecd34a7ca6df0763afc5403d,9b98b8c7a33c4b65b9aebfe6a799e6d9,168,,240.0,5.0,5,"['web', 'email', 'mobile']",5,7.0,bogo,0,1
9ed7fceee29a4a83978b5c9caa06da35,9b98b8c7a33c4b65b9aebfe6a799e6d9,0,,84.0,5.0,5,"['web', 'email', 'mobile']",5,7.0,bogo,0,1
9ee58c73057940e39d2163e252ff3f77,0b1e1539f2cc45b7b9fa7c272da2e1d7,408,,546.0,5.0,5,"['web', 'email']",20,10.0,discount,0,1
9f1250e13503459b961c2fc777d5d8c2,0b1e1539f2cc45b7b9fa7c272da2e1d7,336,,390.0,5.0,5,"['web', 'email']",20,10.0,discount,0,1
9f28a2d7e8874cc39ef8ca04d4d53ff8,0b1e1539f2cc45b7b9fa7c272da2e1d7,336,,414.0,5.0,5,"['web', 'email']",20,10.0,discount,0,1
9f2fdda6613a446582d4c2f51520f344,0b1e1539f2cc45b7b9fa7c272da2e1d7,168,,384.0,5.0,5,"['web', 'email']",20,10.0,discount,0,1
9f53a01bf9874fc98e062a90a04d8504,2906b810c7d4411798c6938adc9daaa5,168,,696.0,2.0,2,"['web', 'email', 'mobile']",10,7.0,discount,0,1
9f8dfe338ab347e88b50cbf615d799f4,2906b810c7d4411798c6938adc9daaa5,0,,126.0,2.0,2,"['web', 'email', 'mobile']",10,7.0,discount,0,1
9f9aedfb14614efeb837506465b293c0,ae264e3637204a6fb9bb56bc8210ddfd,408,,492.0,10.0,10,"['email', 'mobile', 'social']",10,7.0,bogo,0,1
9fa090f47ea946b7a715b8a7ff1eaa97,2906b810c7d4411798c6938adc9daaa5,168,,606.0,2.0,2,"['web', 'email', 'mobile']",10,7.0,discount,0,1
9fa6e119bc854952a5c8d2e7915f4727,2906b810c7d4411798c6938adc9daaa5,336,,438.0,2.0,2,"['web', 'email', 'mobile']",10,7.0,discount,0,1
9fdfd7c434b14df9a8c4f9bf5c176439,9b98b8c7a33c4b65b9aebfe6a799e6d9,408,,480.0,5.0,5,"['web', 'email', 'mobile']",5,7.0,bogo,0,1
9fdfd7c434b14df9a8c4f9bf5c176439,0b1e1539f2cc45b7b9fa7c272da2e1d7,504,,600.0,5.0,5,"['web', 'email']",20,10.0,discount,0,1
9fdfd7c434b14df9a8c4f9bf5c176439,2906b810c7d4411798c6938adc9daaa5,576,,600.0,2.0,2,"['web', 'email', 'mobile']",10,7.0,discount,0,1
a006a78a45ae4bc8bd4e6ce4d60db0c1,0b1e1539f2cc45b7b9fa7c272da2e1d7,168,,630.0,5.0,5,"['web', 'email']",20,10.0,discount,0,1
a02ac028e2ed4ff9a9328e3c9b47af58,0b1e1539f2cc45b7b9fa7c272da2e1d7,504,,666.0,5.0,5,"['web', 'email']",20,10.0,discount,0,1
a05d5de8d4314ec19162578f67af3fee,2906b810c7d4411798c6938adc9daaa5,0,,0.0,2.0,2,"['web', 'email', 'mobile']",10,7.0,discount,0,1
a05d5de8d4314ec19162578f67af3fee,0b1e1539f2cc45b7b9fa7c272da2e1d7,336,,390.0,5.0,5,"['web', 'email']",20,10.0,discount,0,1
a06ea635b65d4c24a3ca5a6324f23067,ae264e3637204a6fb9bb56bc8210ddfd,408,,414.0,10.0,10,"['email', 'mobile', 'social']",10,7.0,bogo,0,1
a0830fd4ac5240f8a4e8576008b0ebb3,2906b810c7d4411798c6938adc9daaa5,168,,258.0,2.0,2,"['web', 'email', 'mobile']",10,7.0,discount,0,1
a08eae366ff245f3bcba710e73899db0,0b1e1539f2cc45b7b9fa7c272da2e1d7,168,,222.0,5.0,5,"['web', 'email']",20,10.0,discount,0,1
a091725845c84b5d99ebe066c5d18b34,f19421c1d4aa40978ebb69ca19b0e20d,504,,510.0,5.0,5,"['web', 'email', 'mobile', 'social']",5,5.0,bogo,0,1
a092308012d345749be1307a63acbae5,9b98b8c7a33c4b65b9aebfe6a799e6d9,336,,354.0,5.0,5,"['web', 'email', 'mobile']",5,7.0,bogo,0,1
a09c68b1798542a6ae9277046de72dc3,2906b810c7d4411798c6938adc9daaa5,336,,372.0,2.0,2,"['web', 'email', 'mobile']",10,7.0,discount,0,1
a0aa2dbb521e4389b34d0c29a2a77286,fafdcd668e3743c1bb461111dcafc2a4,576,,636.0,2.0,2,"['web', 'email', 'mobile', 'social']",10,10.0,discount,0,1
a0c01c81a4e64b869ca3a2860d6dc004,2906b810c7d4411798c6938adc9daaa5,0,,168.0,2.0,2,"['web', 'email', 'mobile']",10,7.0,discount,0,1
a0c01c81a4e64b869ca3a2860d6dc004,2298d6c36e964ae4a3e7e9706d1fb8c2,336,,468.0,3.0,3,"['web', 'email', 'mobile', 'social']",7,7.0,discount,0,1
a0c01c81a4e64b869ca3a2860d6dc004,0b1e1539f2cc45b7b9fa7c272da2e1d7,576,,594.0,5.0,5,"['web', 'email']",20,10.0,discount,0,1
a0c805c115194eb9ae7bca089b5b9f58,9b98b8c7a33c4b65b9aebfe6a799e6d9,168,,180.0,5.0,5,"['web', 'email', 'mobile']",5,7.0,bogo,0,1
a0c952fc76bb439092c0b42031e7e63d,9b98b8c7a33c4b65b9aebfe6a799e6d9,504,,564.0,5.0,5,"['web', 'email', 'mobile']",5,7.0,bogo,0,1
a0ccef95a5fd444aad2dcc8a1d97445c,9b98b8c7a33c4b65b9aebfe6a799e6d9,408,,432.0,5.0,5,"['web', 'email', 'mobile']",5,7.0,bogo,0,1
a0db7a1fb55e402cb7f5b8ddc10b0818,0b1e1539f2cc45b7b9fa7c272da2e1d7,408,,612.0,5.0,5,"['web', 'email']",20,10.0,discount,0,1
a0db7a1fb55e402cb7f5b8ddc10b0818,f19421c1d4aa40978ebb69ca19b0e20d,504,,612.0,5.0,5,"['web', 'email', 'mobile', 'social']",5,5.0,bogo,0,1
a0de41aa3dfe49ca8d6eef995d3eba66,0b1e1539f2cc45b7b9fa7c272da2e1d7,0,,24.0,5.0,5,"['web', 'email']",20,10.0,discount,0,1
a0de41aa3dfe49ca8d6eef995d3eba66,9b98b8c7a33c4b65b9aebfe6a799e6d9,336,,444.0,5.0,5,"['web', 'email', 'mobile']",5,7.0,bogo,0,1
a104f5f8f470487693d626d36317dcf7,9b98b8c7a33c4b65b9aebfe6a799e6d9,0,,36.0,5.0,5,"['web', 'email', 'mobile']",5,7.0,bogo,0,1
a1110e0aaa5a4255bfa8253cab228446,0b1e1539f2cc45b7b9fa7c272da2e1d7,336,,576.0,5.0,5,"['web', 'email']",20,10.0,discount,0,1
a11336b8507b44afafce2b171f222410,9b98b8c7a33c4b65b9aebfe6a799e6d9,408,,492.0,5.0,5,"['web', 'email', 'mobile']",5,7.0,bogo,0,1
a118079090144aec9dd4ddb957a5ede5,ae264e3637204a6fb9bb56bc8210ddfd,408,,444.0,10.0,10,"['email', 'mobile', 'social']",10,7.0,bogo,0,1
a118079090144aec9dd4ddb957a5ede5,0b1e1539f2cc45b7b9fa7c272da2e1d7,504,,690.0,5.0,5,"['web', 'email']",20,10.0,discount,0,1
a12fba072dae4e3aae2e1b4b92b92aa1,fafdcd668e3743c1bb461111dcafc2a4,504,,600.0,2.0,2,"['web', 'email', 'mobile', 'social']",10,10.0,discount,0,1
a138d7637a054c37800609decf35c5c6,0b1e1539f2cc45b7b9fa7c272da2e1d7,504,,678.0,5.0,5,"['web', 'email']",20,10.0,discount,0,1
a142691e2215486db5b56ec3bb5f91d7,0b1e1539f2cc45b7b9fa7c272da2e1d7,0,,114.0,5.0,5,"['web', 'email']",20,10.0,discount,0,1
a147578205db4be7a99b6280c1fd9418,9b98b8c7a33c4b65b9aebfe6a799e6d9,0,,54.0,5.0,5,"['web', 'email', 'mobile']",5,7.0,bogo,0,1
a18112ca30494105b67b7f7760492789,ae264e3637204a6fb9bb56bc8210ddfd,576,,654.0,10.0,10,"['email', 'mobile', 'social']",10,7.0,bogo,0,1
a18461ce01d340eb8704bf7fb692c6ba,2906b810c7d4411798c6938adc9daaa5,0,,126.0,2.0,2,"['web', 'email', 'mobile']",10,7.0,discount,0,1
a18461ce01d340eb8704bf7fb692c6ba,ae264e3637204a6fb9bb56bc8210ddfd,336,,462.0,10.0,10,"['email', 'mobile', 'social']",10,7.0,bogo,0,1
a18461ce01d340eb8704bf7fb692c6ba,0b1e1539f2cc45b7b9fa7c272da2e1d7,576,,618.0,5.0,5,"['web', 'email']",20,10.0,discount,0,1
a187f250fe72405788e7fcf0c20b8e09,2906b810c7d4411798c6938adc9daaa5,576,,618.0,2.0,2,"['web', 'email', 'mobile']",10,7.0,discount,0,1
a190c39429ab4e43a0f2da102f98a045,0b1e1539f2cc45b7b9fa7c272da2e1d7,0,,210.0,5.0,5,"['web', 'email']",20,10.0,discount,0,1
a190c39429ab4e43a0f2da102f98a045,9b98b8c7a33c4b65b9aebfe6a799e6d9,336,,396.0,5.0,5,"['web', 'email', 'mobile']",5,7.0,bogo,0,1
a197ac9c98934b61a842d04b959c0ac2,2906b810c7d4411798c6938adc9daaa5,504,,582.0,2.0,2,"['web', 'email', 'mobile']",10,7.0,discount,0,1
a1a5bfd02eab429a8155f9a819ff0ac1,9b98b8c7a33c4b65b9aebfe6a799e6d9,336,,468.0,5.0,5,"['web', 'email', 'mobile']",5,7.0,bogo,0,1
a1ad0bbe76f8403786baa50ff845bc42,0b1e1539f2cc45b7b9fa7c272da2e1d7,408,,516.0,5.0,5,"['web', 'email']",20,10.0,discount,0,1
a1c793fdc13b4cf1a69149b2d473be5a,2906b810c7d4411798c6938adc9daaa5,336,,438.0,2.0,2,"['web', 'email', 'mobile']",10,7.0,discount,0,1
a1c793fdc13b4cf1a69149b2d473be5a,0b1e1539f2cc45b7b9fa7c272da2e1d7,408,,588.0,5.0,5,"['web', 'email']",20,10.0,discount,0,1
a1edbd2104ae4282996556de41ccc96b,0b1e1539f2cc45b7b9fa7c272da2e1d7,168,,282.0,5.0,5,"['web', 'email']",20,10.0,discount,0,1
a1f12cd9b4b342749bf5b785cd3bd8f4,0b1e1539f2cc45b7b9fa7c272da2e1d7,168,,348.0,5.0,5,"['web', 'email']",20,10.0,discount,0,1
a200b438d32b4faa98f2b914b1ba7937,2906b810c7d4411798c6938adc9daaa5,336,,396.0,2.0,2,"['web', 'email', 'mobile']",10,7.0,discount,0,1
a206d7f1c7124bd0b16dd13e7932592e,2906b810c7d4411798c6938adc9daaa5,336,,372.0,2.0,2,"['web', 'email', 'mobile']",10,7.0,discount,0,1
a206d7f1c7124bd0b16dd13e7932592e,9b98b8c7a33c4b65b9aebfe6a799e6d9,408,,480.0,5.0,5,"['web', 'email', 'mobile']",5,7.0,bogo,0,1
a20a5afb5baa4f6aad21c997d876756c,0b1e1539f2cc45b7b9fa7c272da2e1d7,336,,504.0,5.0,5,"['web', 'email']",20,10.0,discount,0,1
a20c4cf47deb418f8e995c9015f15fda,0b1e1539f2cc45b7b9fa7c272da2e1d7,336,,372.0,5.0,5,"['web', 'email']",20,10.0,discount,0,1
a216df544a944c2f9796f44e20d0de78,9b98b8c7a33c4b65b9aebfe6a799e6d9,0,,48.0,5.0,5,"['web', 'email', 'mobile']",5,7.0,bogo,0,1
a216df544a944c2f9796f44e20d0de78,0b1e1539f2cc45b7b9fa7c272da2e1d7,576,,588.0,5.0,5,"['web', 'email']",20,10.0,discount,0,1
a24f1f58f75a442c946fe7659cfd6112,2298d6c36e964ae4a3e7e9706d1fb8c2,408,,486.0,3.0,3,"['web', 'email', 'mobile', 'social']",7,7.0,discount,0,1
a2506fdc02c544a98f491ac97fa62f88,9b98b8c7a33c4b65b9aebfe6a799e6d9,168,,486.0,5.0,5,"['web', 'email', 'mobile']",5,7.0,bogo,0,1
a25edbd49eee4c5cbdaf2930cefb4634,0b1e1539f2cc45b7b9fa7c272da2e1d7,168,,336.0,5.0,5,"['web', 'email']",20,10.0,discount,0,1
a29afd946ab14351908814ad77499b21,9b98b8c7a33c4b65b9aebfe6a799e6d9,168,,336.0,5.0,5,"['web', 'email', 'mobile']",5,7.0,bogo,0,1
a29afd946ab14351908814ad77499b21,0b1e1539f2cc45b7b9fa7c272da2e1d7,576,,654.0,5.0,5,"['web', 'email']",20,10.0,discount,0,1
a29c214ecfcb403c86b35c13324245c9,9b98b8c7a33c4b65b9aebfe6a799e6d9,168,,174.0,5.0,5,"['web', 'email', 'mobile']",5,7.0,bogo,0,1
a29f77fbfa8b4412966080028a5beb30,9b98b8c7a33c4b65b9aebfe6a799e6d9,504,,576.0,5.0,5,"['web', 'email', 'mobile']",5,7.0,bogo,0,1
a2a18d707be74e16b724a57dc78fb40b,9b98b8c7a33c4b65b9aebfe6a799e6d9,0,,36.0,5.0,5,"['web', 'email', 'mobile']",5,7.0,bogo,0,1
a2acc24642b34dbca491bb3c5ba2b2ec,2906b810c7d4411798c6938adc9daaa5,576,,624.0,2.0,2,"['web', 'email', 'mobile']",10,7.0,discount,0,1
a2b21f7bc43844e7928f1ec87e91bc84,0b1e1539f2cc45b7b9fa7c272da2e1d7,336,,432.0,5.0,5,"['web', 'email']",20,10.0,discount,0,1
a2b6a87946dd43bfa72d5617f87ece3f,f19421c1d4aa40978ebb69ca19b0e20d,336,,366.0,5.0,5,"['web', 'email', 'mobile', 'social']",5,5.0,bogo,0,1
a2bd377c7ab74d93bbfd87f70043a9f8,9b98b8c7a33c4b65b9aebfe6a799e6d9,336,,474.0,5.0,5,"['web', 'email', 'mobile']",5,7.0,bogo,0,1
a2c0832f98d540d1adc77e5bde4b0787,9b98b8c7a33c4b65b9aebfe6a799e6d9,408,,414.0,5.0,5,"['web', 'email', 'mobile']",5,7.0,bogo,0,1
a2c0832f98d540d1adc77e5bde4b0787,2906b810c7d4411798c6938adc9daaa5,576,,618.0,2.0,2,"['web', 'email', 'mobile']",10,7.0,discount,0,1
a2c0d432cf234db5b351bb9cde4ace01,9b98b8c7a33c4b65b9aebfe6a799e6d9,336,,408.0,5.0,5,"['web', 'email', 'mobile']",5,7.0,bogo,0,1
a2cfc7436071420ba55020e75a14c970,0b1e1539f2cc45b7b9fa7c272da2e1d7,576,,702.0,5.0,5,"['web', 'email']",20,10.0,discount,0,1
a2d1073735424cc68c95b2024d054c61,9b98b8c7a33c4b65b9aebfe6a799e6d9,0,,132.0,5.0,5,"['web', 'email', 'mobile']",5,7.0,bogo,0,1
a2f9b5fcc34649cf82d76d221024a644,9b98b8c7a33c4b65b9aebfe6a799e6d9,336,,444.0,5.0,5,"['web', 'email', 'mobile']",5,7.0,bogo,0,1
a2f9b5fcc34649cf82d76d221024a644,2906b810c7d4411798c6938adc9daaa5,576,,576.0,2.0,2,"['web', 'email', 'mobile']",10,7.0,discount,0,1
a305233f5c944df5bcaacc029658e085,2906b810c7d4411798c6938adc9daaa5,576,,642.0,2.0,2,"['web', 'email', 'mobile']",10,7.0,discount,0,1
a3231d1a8afa4e06acd0eaa84acf7c0d,ae264e3637204a6fb9bb56bc8210ddfd,408,,438.0,10.0,10,"['email', 'mobile', 'social']",10,7.0,bogo,0,1
a3240f8c4ce14b749073c4f65a64eef8,9b98b8c7a33c4b65b9aebfe6a799e6d9,576,,642.0,5.0,5,"['web', 'email', 'mobile']",5,7.0,bogo,0,1
a328e374eac243e0920859ed15243991,9b98b8c7a33c4b65b9aebfe6a799e6d9,336,,348.0,5.0,5,"['web', 'email', 'mobile']",5,7.0,bogo,0,1
a331d5262bd94e99a47119c3a92c7afd,9b98b8c7a33c4b65b9aebfe6a799e6d9,0,,636.0,5.0,5,"['web', 'email', 'mobile']",5,7.0,bogo,0,1
a331d5262bd94e99a47119c3a92c7afd,0b1e1539f2cc45b7b9fa7c272da2e1d7,408,,546.0,5.0,5,"['web', 'email']",20,10.0,discount,0,1
a3320e68bc214d66abe4ac794cb850ba,0b1e1539f2cc45b7b9fa7c272da2e1d7,168,,360.0,5.0,5,"['web', 'email']",20,10.0,discount,0,1
a349c2f0f90c430aae70eeed8937c2fa,0b1e1539f2cc45b7b9fa7c272da2e1d7,0,,198.0,5.0,5,"['web', 'email']",20,10.0,discount,0,1
a34c780f69674c9daf629ca1c6566f26,2906b810c7d4411798c6938adc9daaa5,408,,528.0,2.0,2,"['web', 'email', 'mobile']",10,7.0,discount,0,1
a3798355c8a2408d8c329b7f342a5fb7,2906b810c7d4411798c6938adc9daaa5,408,,558.0,2.0,2,"['web', 'email', 'mobile']",10,7.0,discount,0,1
a37cfa5f821440deb5e5771a3bb2a0d7,9b98b8c7a33c4b65b9aebfe6a799e6d9,336,,516.0,5.0,5,"['web', 'email', 'mobile']",5,7.0,bogo,0,1
a3a171e988154356bdd208248d36b91e,0b1e1539f2cc45b7b9fa7c272da2e1d7,408,,552.0,5.0,5,"['web', 'email']",20,10.0,discount,0,1
a3b25e3ffd2f4a54b6559b7e901e294e,2906b810c7d4411798c6938adc9daaa5,168,,216.0,2.0,2,"['web', 'email', 'mobile']",10,7.0,discount,0,1
a3b25e3ffd2f4a54b6559b7e901e294e,2298d6c36e964ae4a3e7e9706d1fb8c2,408,,468.0,3.0,3,"['web', 'email', 'mobile', 'social']",7,7.0,discount,0,1
a3b25e3ffd2f4a54b6559b7e901e294e,9b98b8c7a33c4b65b9aebfe6a799e6d9,504,,504.0,5.0,5,"['web', 'email', 'mobile']",5,7.0,bogo,0,1
a3b9b4bf115e4564933ea2e4bc936843,2906b810c7d4411798c6938adc9daaa5,336,,624.0,2.0,2,"['web', 'email', 'mobile']",10,7.0,discount,0,1
a3c2a505d62744f7b5d125930b533a33,9b98b8c7a33c4b65b9aebfe6a799e6d9,0,,18.0,5.0,5,"['web', 'email', 'mobile']",5,7.0,bogo,0,1
a3c93de84ce84d7ca12466bb19a8ea84,0b1e1539f2cc45b7b9fa7c272da2e1d7,408,,450.0,5.0,5,"['web', 'email']",20,10.0,discount,0,1
a3d8dd50c46540a1a47fdbe29ebe3a56,4d5c57ea9a6940dd891ad53e9dbe8da0,408,,504.0,10.0,10,"['web', 'email', 'mobile', 'social']",10,5.0,bogo,0,1
a3e1d4763dfd4b44bae6fc219c9b2681,fafdcd668e3743c1bb461111dcafc2a4,336,,516.0,2.0,2,"['web', 'email', 'mobile', 'social']",10,10.0,discount,0,1
a3e1d4763dfd4b44bae6fc219c9b2681,9b98b8c7a33c4b65b9aebfe6a799e6d9,408,,516.0,5.0,5,"['web', 'email', 'mobile']",5,7.0,bogo,0,1
a3f32a88c02848d9973a701888877ef8,fafdcd668e3743c1bb461111dcafc2a4,336,,432.0,2.0,2,"['web', 'email', 'mobile', 'social']",10,10.0,discount,0,1
a409efede5f44ec09c80861a0a32b73a,9b98b8c7a33c4b65b9aebfe6a799e6d9,408,,492.0,5.0,5,"['web', 'email', 'mobile']",5,7.0,bogo,0,1
a411525d66d7480aa52869a5804cc8a0,0b1e1539f2cc45b7b9fa7c272da2e1d7,0,,84.0,5.0,5,"['web', 'email']",20,10.0,discount,0,1
a42c0201a41f4ab58ac32316af9e460a,9b98b8c7a33c4b65b9aebfe6a799e6d9,504,,606.0,5.0,5,"['web', 'email', 'mobile']",5,7.0,bogo,0,1
a42ed50acc4d4b25bca647c9e0b916ad,2298d6c36e964ae4a3e7e9706d1fb8c2,576,,600.0,3.0,3,"['web', 'email', 'mobile', 'social']",7,7.0,discount,0,1
a4458b2964b94b1c8b4a948cf7efd97e,0b1e1539f2cc45b7b9fa7c272da2e1d7,408,,552.0,5.0,5,"['web', 'email']",20,10.0,discount,0,1
a453d70e85fd493f9584570a3dae58a8,2906b810c7d4411798c6938adc9daaa5,504,,546.0,2.0,2,"['web', 'email', 'mobile']",10,7.0,discount,0,1
a453d70e85fd493f9584570a3dae58a8,9b98b8c7a33c4b65b9aebfe6a799e6d9,576,,654.0,5.0,5,"['web', 'email', 'mobile']",5,7.0,bogo,0,1
a4579681ffca49cfbff6f5453a49bf76,0b1e1539f2cc45b7b9fa7c272da2e1d7,0,,198.0,5.0,5,"['web', 'email']",20,10.0,discount,0,1
a4579681ffca49cfbff6f5453a49bf76,4d5c57ea9a6940dd891ad53e9dbe8da0,504,,504.0,10.0,10,"['web', 'email', 'mobile', 'social']",10,5.0,bogo,0,1
a4623fed77d44af6a5529344bc8e3d7c,2906b810c7d4411798c6938adc9daaa5,504,,606.0,2.0,2,"['web', 'email', 'mobile']",10,7.0,discount,0,1
a47ee0a952974c269798b179e40070b7,0b1e1539f2cc45b7b9fa7c272da2e1d7,336,,420.0,5.0,5,"['web', 'email']",20,10.0,discount,0,1
a4cc155f15504d45a362713910b543e3,0b1e1539f2cc45b7b9fa7c272da2e1d7,168,,204.0,5.0,5,"['web', 'email']",20,10.0,discount,0,1
a4cd8d3f09a44dd09960e7e96df805a5,2906b810c7d4411798c6938adc9daaa5,576,,660.0,2.0,2,"['web', 'email', 'mobile']",10,7.0,discount,0,1
a4e1b4bbba3c4934acd3a9c6f149b972,0b1e1539f2cc45b7b9fa7c272da2e1d7,576,,636.0,5.0,5,"['web', 'email']",20,10.0,discount,0,1
a4e324a32bad4aee8eca0db182dabc24,9b98b8c7a33c4b65b9aebfe6a799e6d9,576,,654.0,5.0,5,"['web', 'email', 'mobile']",5,7.0,bogo,0,1
a4e5b1a385e04d88a86f0f6dbdd0ab86,0b1e1539f2cc45b7b9fa7c272da2e1d7,504,,552.0,5.0,5,"['web', 'email']",20,10.0,discount,0,1
a509b9395b23477385120b259ffe9e6b,ae264e3637204a6fb9bb56bc8210ddfd,168,,606.0,10.0,10,"['email', 'mobile', 'social']",10,7.0,bogo,0,1
a509b9395b23477385120b259ffe9e6b,0b1e1539f2cc45b7b9fa7c272da2e1d7,336,,468.0,5.0,5,"['web', 'email']",20,10.0,discount,0,1
a50f214a50954eeca6b547e275569e08,2906b810c7d4411798c6938adc9daaa5,408,,570.0,2.0,2,"['web', 'email', 'mobile']",10,7.0,discount,0,1
a53045051eca43ee9041d2e57b752cf7,9b98b8c7a33c4b65b9aebfe6a799e6d9,336,,402.0,5.0,5,"['web', 'email', 'mobile']",5,7.0,bogo,0,1
a54fde7c149c42c394407f40052633ba,9b98b8c7a33c4b65b9aebfe6a799e6d9,168,,282.0,5.0,5,"['web', 'email', 'mobile']",5,7.0,bogo,0,1
a54fde7c149c42c394407f40052633ba,2906b810c7d4411798c6938adc9daaa5,576,,594.0,2.0,2,"['web', 'email', 'mobile']",10,7.0,discount,0,1
a568a22db3824c738b264f011b7390f4,9b98b8c7a33c4b65b9aebfe6a799e6d9,0,,150.0,5.0,5,"['web', 'email', 'mobile']",5,7.0,bogo,0,1
a57890c3bbb7463e9018abb7fecadb15,0b1e1539f2cc45b7b9fa7c272da2e1d7,504,,528.0,5.0,5,"['web', 'email']",20,10.0,discount,0,1
a5873ee39d42414fb78c03e4b658757e,2298d6c36e964ae4a3e7e9706d1fb8c2,336,,438.0,3.0,3,"['web', 'email', 'mobile', 'social']",7,7.0,discount,0,1
a59bfb59c77d4d319769bf0ed8bed04d,2906b810c7d4411798c6938adc9daaa5,336,,390.0,2.0,2,"['web', 'email', 'mobile']",10,7.0,discount,0,1
a59bfb59c77d4d319769bf0ed8bed04d,0b1e1539f2cc45b7b9fa7c272da2e1d7,504,,600.0,5.0,5,"['web', 'email']",20,10.0,discount,0,1
a5c24057de1147a798422162559bbe83,9b98b8c7a33c4b65b9aebfe6a799e6d9,504,,564.0,5.0,5,"['web', 'email', 'mobile']",5,7.0,bogo,0,1
a5c858fd73334e0b9c6abfc487478846,2906b810c7d4411798c6938adc9daaa5,336,,462.0,2.0,2,"['web', 'email', 'mobile']",10,7.0,discount,0,1
a5db8bfaf48043e988949acadbc5b18e,0b1e1539f2cc45b7b9fa7c272da2e1d7,504,,564.0,5.0,5,"['web', 'email']",20,10.0,discount,0,1
a5db8bfaf48043e988949acadbc5b18e,9b98b8c7a33c4b65b9aebfe6a799e6d9,576,,582.0,5.0,5,"['web', 'email', 'mobile']",5,7.0,bogo,0,1
a5fb6f7fed7143d98432a692476b148c,0b1e1539f2cc45b7b9fa7c272da2e1d7,408,,582.0,5.0,5,"['web', 'email']",20,10.0,discount,0,1
a60741d3abb742d89fdd5e0ab047ef00,ae264e3637204a6fb9bb56bc8210ddfd,336,,408.0,10.0,10,"['email', 'mobile', 'social']",10,7.0,bogo,0,1
a608c569b0b142b48a926b53ef93e76e,9b98b8c7a33c4b65b9aebfe6a799e6d9,408,,582.0,5.0,5,"['web', 'email', 'mobile']",5,7.0,bogo,0,1
a624d0260f8d4390adde915a961c9e1d,9b98b8c7a33c4b65b9aebfe6a799e6d9,576,,594.0,5.0,5,"['web', 'email', 'mobile']",5,7.0,bogo,0,1
a6292629dfb24fc583dd6d324d47a5dd,9b98b8c7a33c4b65b9aebfe6a799e6d9,504,,588.0,5.0,5,"['web', 'email', 'mobile']",5,7.0,bogo,0,1
a62b73003f084ae4ae59c4b0e617f647,2906b810c7d4411798c6938adc9daaa5,504,,594.0,2.0,2,"['web', 'email', 'mobile']",10,7.0,discount,0,1
a637ef4f38a8419ca56c6903c6f2657c,0b1e1539f2cc45b7b9fa7c272da2e1d7,168,,330.0,5.0,5,"['web', 'email']",20,10.0,discount,0,1
a64b341b013f409e80f06cbdbd786bb5,9b98b8c7a33c4b65b9aebfe6a799e6d9,0,,18.0,5.0,5,"['web', 'email', 'mobile']",5,7.0,bogo,0,1
a64b8890ef5f4db3a4148b0d76c81d00,9b98b8c7a33c4b65b9aebfe6a799e6d9,168,,192.0,5.0,5,"['web', 'email', 'mobile']",5,7.0,bogo,0,1
a67840bbafb045c4a2ab9491e958bbac,9b98b8c7a33c4b65b9aebfe6a799e6d9,408,,408.0,5.0,5,"['web', 'email', 'mobile']",5,7.0,bogo,0,1
a67ec25ff5d347848636367c636362ed,9b98b8c7a33c4b65b9aebfe6a799e6d9,504,,630.0,5.0,5,"['web', 'email', 'mobile']",5,7.0,bogo,0,1
a69eb8104d3547e381fe5f982db98189,0b1e1539f2cc45b7b9fa7c272da2e1d7,336,,420.0,5.0,5,"['web', 'email']",20,10.0,discount,0,1
a6a29cdd00b04834b769db80a8e71354,2906b810c7d4411798c6938adc9daaa5,576,,576.0,2.0,2,"['web', 'email', 'mobile']",10,7.0,discount,0,1
a70774fbe32140a5bffcbff6ea31825a,9b98b8c7a33c4b65b9aebfe6a799e6d9,168,,186.0,5.0,5,"['web', 'email', 'mobile']",5,7.0,bogo,0,1
a72ce2003e5440398ccc7ade0dbff55b,f19421c1d4aa40978ebb69ca19b0e20d,408,,432.0,5.0,5,"['web', 'email', 'mobile', 'social']",5,5.0,bogo,0,1
a733eb13c7b8458697dd1f113e66d795,2906b810c7d4411798c6938adc9daaa5,0,,414.0,2.0,2,"['web', 'email', 'mobile']",10,7.0,discount,0,1
a73cf044395d46ea804f688490ad9227,0b1e1539f2cc45b7b9fa7c272da2e1d7,408,,414.0,5.0,5,"['web', 'email']",20,10.0,discount,0,1
a75470f190174227887a582d93f88969,2906b810c7d4411798c6938adc9daaa5,336,,408.0,2.0,2,"['web', 'email', 'mobile']",10,7.0,discount,0,1
a762f4e5106948429941aeceae74a968,9b98b8c7a33c4b65b9aebfe6a799e6d9,504,,510.0,5.0,5,"['web', 'email', 'mobile']",5,7.0,bogo,0,1
a7988ef3d0884047a0eddaba067038e0,2906b810c7d4411798c6938adc9daaa5,408,,408.0,2.0,2,"['web', 'email', 'mobile']",10,7.0,discount,0,1
a79aa009c6f74b58b6918dd73e7bafd7,2298d6c36e964ae4a3e7e9706d1fb8c2,336,,396.0,3.0,3,"['web', 'email', 'mobile', 'social']",7,7.0,discount,0,1
a79f46d98c1944db936847503b1eaa29,0b1e1539f2cc45b7b9fa7c272da2e1d7,168,,216.0,5.0,5,"['web', 'email']",20,10.0,discount,0,1
a79f46d98c1944db936847503b1eaa29,9b98b8c7a33c4b65b9aebfe6a799e6d9,504,,522.0,5.0,5,"['web', 'email', 'mobile']",5,7.0,bogo,0,1
a7b4125e7dee473cae2c1aa45a7978be,9b98b8c7a33c4b65b9aebfe6a799e6d9,0,,0.0,5.0,5,"['web', 'email', 'mobile']",5,7.0,bogo,0,1
a7b4125e7dee473cae2c1aa45a7978be,0b1e1539f2cc45b7b9fa7c272da2e1d7,504,,588.0,5.0,5,"['web', 'email']",20,10.0,discount,0,1
a800c29fef434787846f1816f0aec941,2906b810c7d4411798c6938adc9daaa5,0,,120.0,2.0,2,"['web', 'email', 'mobile']",10,7.0,discount,0,1
a8391d0ebdc64892959f727a8db2887d,0b1e1539f2cc45b7b9fa7c272da2e1d7,336,,528.0,5.0,5,"['web', 'email']",20,10.0,discount,0,1
a8391d0ebdc64892959f727a8db2887d,9b98b8c7a33c4b65b9aebfe6a799e6d9,576,,618.0,5.0,5,"['web', 'email', 'mobile']",5,7.0,bogo,0,1
a855e5bfef6f4faca5399b09e613db19,f19421c1d4aa40978ebb69ca19b0e20d,504,,510.0,5.0,5,"['web', 'email', 'mobile', 'social']",5,5.0,bogo,0,1
a86a6c3923a5435486301ed5033ee4dd,9b98b8c7a33c4b65b9aebfe6a799e6d9,168,,330.0,5.0,5,"['web', 'email', 'mobile']",5,7.0,bogo,0,1
a86a6c3923a5435486301ed5033ee4dd,2906b810c7d4411798c6938adc9daaa5,576,,588.0,2.0,2,"['web', 'email', 'mobile']",10,7.0,discount,0,1
a86ee8828cd94e3992d0ac4466ff37f7,0b1e1539f2cc45b7b9fa7c272da2e1d7,336,,336.0,5.0,5,"['web', 'email']",20,10.0,discount,0,1
a8735bc18be847ce9bdf3a1ff1f8699f,ae264e3637204a6fb9bb56bc8210ddfd,0,,54.0,10.0,10,"['email', 'mobile', 'social']",10,7.0,bogo,0,1
a878e88c004f4deb8eab90f5de1d13d8,0b1e1539f2cc45b7b9fa7c272da2e1d7,336,,654.0,5.0,5,"['web', 'email']",20,10.0,discount,0,1
a890595e6dbc46b2a2554042f73d9202,9b98b8c7a33c4b65b9aebfe6a799e6d9,336,,336.0,5.0,5,"['web', 'email', 'mobile']",5,7.0,bogo,0,1
a8a855535d7f42858f15975dbd444310,2906b810c7d4411798c6938adc9daaa5,504,,552.0,2.0,2,"['web', 'email', 'mobile']",10,7.0,discount,0,1
a8b913d815824bdcbd3fad4533fdadbb,0b1e1539f2cc45b7b9fa7c272da2e1d7,0,,90.0,5.0,5,"['web', 'email']",20,10.0,discount,0,1
a8cf1fcfd39c443ca8a98cd3d9536cf1,4d5c57ea9a6940dd891ad53e9dbe8da0,408,,474.0,10.0,10,"['web', 'email', 'mobile', 'social']",10,5.0,bogo,0,1
a8ece2ce549141a3a8917b56a223e5c1,0b1e1539f2cc45b7b9fa7c272da2e1d7,168,,372.0,5.0,5,"['web', 'email']",20,10.0,discount,0,1
a8eeba0c07d04ce481e01e28722acfa2,2906b810c7d4411798c6938adc9daaa5,504,,576.0,2.0,2,"['web', 'email', 'mobile']",10,7.0,discount,0,1
a8fcc392843343428db13c0814f7d5b3,ae264e3637204a6fb9bb56bc8210ddfd,0,,0.0,10.0,10,"['email', 'mobile', 'social']",10,7.0,bogo,0,1
a9035280036b4e21bfe017153319c1b3,9b98b8c7a33c4b65b9aebfe6a799e6d9,408,,426.0,5.0,5,"['web', 'email', 'mobile']",5,7.0,bogo,0,1
a90cad5df2e44266abbea4736c061ec7,0b1e1539f2cc45b7b9fa7c272da2e1d7,336,,558.0,5.0,5,"['web', 'email']",20,10.0,discount,0,1
a91155f8df7740389524af9b94b66a9a,2906b810c7d4411798c6938adc9daaa5,336,,396.0,2.0,2,"['web', 'email', 'mobile']",10,7.0,discount,0,1
a91e7f229ef64ffa9d6b3275de144d44,f19421c1d4aa40978ebb69ca19b0e20d,408,,414.0,5.0,5,"['web', 'email', 'mobile', 'social']",5,5.0,bogo,0,1
a94178cd671648eeb9dc60dc8a972dff,0b1e1539f2cc45b7b9fa7c272da2e1d7,168,,204.0,5.0,5,"['web', 'email']",20,10.0,discount,0,1
a952125da83b42648838f79b5ea62b91,0b1e1539f2cc45b7b9fa7c272da2e1d7,336,,462.0,5.0,5,"['web', 'email']",20,10.0,discount,0,1
a96c28c4640949ddb38db4c7498f337f,9b98b8c7a33c4b65b9aebfe6a799e6d9,576,,624.0,5.0,5,"['web', 'email', 'mobile']",5,7.0,bogo,0,1
a9846b5ea8034e9aac84cb64079e10f8,4d5c57ea9a6940dd891ad53e9dbe8da0,336,,342.0,10.0,10,"['web', 'email', 'mobile', 'social']",10,5.0,bogo,0,1
a996a6df1fa94375a43faab4524ec7ae,2298d6c36e964ae4a3e7e9706d1fb8c2,504,,660.0,3.0,3,"['web', 'email', 'mobile', 'social']",7,7.0,discount,0,1
a9a088afe7f54587bb28b723d403f476,0b1e1539f2cc45b7b9fa7c272da2e1d7,504,,582.0,5.0,5,"['web', 'email']",20,10.0,discount,0,1
a9a541f7ab1c4b4db53a99c13c6f7697,0b1e1539f2cc45b7b9fa7c272da2e1d7,0,,78.0,5.0,5,"['web', 'email']",20,10.0,discount,0,1
a9bd819d62554b2896a0528040305ed3,0b1e1539f2cc45b7b9fa7c272da2e1d7,504,,666.0,5.0,5,"['web', 'email']",20,10.0,discount,0,1
a9c7d1360f714c21be1ebed72921a6ac,2906b810c7d4411798c6938adc9daaa5,504,,654.0,2.0,2,"['web', 'email', 'mobile']",10,7.0,discount,0,1
a9e2b8c539da4f288f7a03f59ed2f5b3,9b98b8c7a33c4b65b9aebfe6a799e6d9,0,,126.0,5.0,5,"['web', 'email', 'mobile']",5,7.0,bogo,0,1
a9ef494d007245e9b94c2ff661859c51,9b98b8c7a33c4b65b9aebfe6a799e6d9,0,,30.0,5.0,5,"['web', 'email', 'mobile']",5,7.0,bogo,0,1
aa948f8bb91941c199175f791fd1ab69,0b1e1539f2cc45b7b9fa7c272da2e1d7,408,,534.0,5.0,5,"['web', 'email']",20,10.0,discount,0,1
aa97e242fc004d08ba54ba972a933c62,0b1e1539f2cc45b7b9fa7c272da2e1d7,168,,186.0,5.0,5,"['web', 'email']",20,10.0,discount,0,1
aa97e242fc004d08ba54ba972a933c62,4d5c57ea9a6940dd891ad53e9dbe8da0,504,,618.0,10.0,10,"['web', 'email', 'mobile', 'social']",10,5.0,bogo,0,1
aadef7df1ce5421e9b2daaf3c0086f90,0b1e1539f2cc45b7b9fa7c272da2e1d7,504,,654.0,5.0,5,"['web', 'email']",20,10.0,discount,0,1
aae6ab2449064575896564571857cf92,0b1e1539f2cc45b7b9fa7c272da2e1d7,336,,498.0,5.0,5,"['web', 'email']",20,10.0,discount,0,1
aaf27a405d4c4632b28f29ca0279c54a,9b98b8c7a33c4b65b9aebfe6a799e6d9,504,,606.0,5.0,5,"['web', 'email', 'mobile']",5,7.0,bogo,0,1
aafbcae6db284247b616a2c8951fdc4c,ae264e3637204a6fb9bb56bc8210ddfd,168,,168.0,10.0,10,"['email', 'mobile', 'social']",10,7.0,bogo,0,1
ab03a93c83e944c296f7fc009a6647eb,2906b810c7d4411798c6938adc9daaa5,408,,576.0,2.0,2,"['web', 'email', 'mobile']",10,7.0,discount,0,1
ab147264895d4aebbb0fcbcde4ce3393,fafdcd668e3743c1bb461111dcafc2a4,168,,186.0,2.0,2,"['web', 'email', 'mobile', 'social']",10,10.0,discount,0,1
ab161e0d82d34061bb2983c17d05eacb,0b1e1539f2cc45b7b9fa7c272da2e1d7,168,,312.0,5.0,5,"['web', 'email']",20,10.0,discount,0,1
ab25fd6fbd5040f880751921e4029757,9b98b8c7a33c4b65b9aebfe6a799e6d9,576,,576.0,5.0,5,"['web', 'email', 'mobile']",5,7.0,bogo,0,1
ab305aaca596410897039012bef166a6,9b98b8c7a33c4b65b9aebfe6a799e6d9,576,,624.0,5.0,5,"['web', 'email', 'mobile']",5,7.0,bogo,0,1
ab30c9f39ed8437084047b83de9a0139,0b1e1539f2cc45b7b9fa7c272da2e1d7,408,,510.0,5.0,5,"['web', 'email']",20,10.0,discount,0,1
ab32ed59e5c14ab8b333db3dadf044aa,9b98b8c7a33c4b65b9aebfe6a799e6d9,0,,36.0,5.0,5,"['web', 'email', 'mobile']",5,7.0,bogo,0,1
ab3329c070784ce6b7dd5c64ed65c69b,9b98b8c7a33c4b65b9aebfe6a799e6d9,504,,504.0,5.0,5,"['web', 'email', 'mobile']",5,7.0,bogo,0,1
ab4b4416434b4f6e803b39ed5fe01a27,2906b810c7d4411798c6938adc9daaa5,0,,714.0,2.0,2,"['web', 'email', 'mobile']",10,7.0,discount,0,1
ab5c5c105a1f42bcbee68e2fb2feaffe,0b1e1539f2cc45b7b9fa7c272da2e1d7,0,,30.0,5.0,5,"['web', 'email']",20,10.0,discount,0,1
ab7238cef5b942cea9b10b4801bb1f5e,f19421c1d4aa40978ebb69ca19b0e20d,336,,378.0,5.0,5,"['web', 'email', 'mobile', 'social']",5,5.0,bogo,0,1
ab93cbf928a3406dad452c7b4f148c5b,9b98b8c7a33c4b65b9aebfe6a799e6d9,504,,510.0,5.0,5,"['web', 'email', 'mobile']",5,7.0,bogo,0,1
abae13b2df30414990996a157cbffbd6,0b1e1539f2cc45b7b9fa7c272da2e1d7,168,,306.0,5.0,5,"['web', 'email']",20,10.0,discount,0,1
abb7d3c2fc1245e485bd35e77d751148,0b1e1539f2cc45b7b9fa7c272da2e1d7,168,,360.0,5.0,5,"['web', 'email']",20,10.0,discount,0,1
abc210958d314238bbea0baf7086d613,0b1e1539f2cc45b7b9fa7c272da2e1d7,504,,588.0,5.0,5,"['web', 'email']",20,10.0,discount,0,1
abc440bf04f4476d943077f226cbedf7,2298d6c36e964ae4a3e7e9706d1fb8c2,576,,582.0,3.0,3,"['web', 'email', 'mobile', 'social']",7,7.0,discount,0,1
abd6e8f0ea7d4f0f877e1683213dabb9,2298d6c36e964ae4a3e7e9706d1fb8c2,504,,570.0,3.0,3,"['web', 'email', 'mobile', 'social']",7,7.0,discount,0,1
abe02169c49f4e1bba9dae55d654ce1a,2906b810c7d4411798c6938adc9daaa5,0,,168.0,2.0,2,"['web', 'email', 'mobile']",10,7.0,discount,0,1
abf29a94ba3d4648869ad7505d863e22,0b1e1539f2cc45b7b9fa7c272da2e1d7,336,,546.0,5.0,5,"['web', 'email']",20,10.0,discount,0,1
ac016c534e3b454ea1e73aab20824864,9b98b8c7a33c4b65b9aebfe6a799e6d9,0,,48.0,5.0,5,"['web', 'email', 'mobile']",5,7.0,bogo,0,1
ac3832e7bd014acd9b311c1ac5e3cb5f,0b1e1539f2cc45b7b9fa7c272da2e1d7,408,,540.0,5.0,5,"['web', 'email']",20,10.0,discount,0,1
ac4f0dcaef7d4807bbb18e035a12fdf1,2906b810c7d4411798c6938adc9daaa5,168,,210.0,2.0,2,"['web', 'email', 'mobile']",10,7.0,discount,0,1
ac4f0dcaef7d4807bbb18e035a12fdf1,9b98b8c7a33c4b65b9aebfe6a799e6d9,504,,654.0,5.0,5,"['web', 'email', 'mobile']",5,7.0,bogo,0,1
ac95693f45c14b71b35bad811f8f430f,2906b810c7d4411798c6938adc9daaa5,336,,366.0,2.0,2,"['web', 'email', 'mobile']",10,7.0,discount,0,1
ac95693f45c14b71b35bad811f8f430f,0b1e1539f2cc45b7b9fa7c272da2e1d7,504,,600.0,5.0,5,"['web', 'email']",20,10.0,discount,0,1
aca8c903aaf54ff5b9fd388f8fd0a013,2298d6c36e964ae4a3e7e9706d1fb8c2,336,,390.0,3.0,3,"['web', 'email', 'mobile', 'social']",7,7.0,discount,0,1
aca8c903aaf54ff5b9fd388f8fd0a013,0b1e1539f2cc45b7b9fa7c272da2e1d7,408,,600.0,5.0,5,"['web', 'email']",20,10.0,discount,0,1
acc03f9b3c444433997dc08615899691,0b1e1539f2cc45b7b9fa7c272da2e1d7,336,,522.0,5.0,5,"['web', 'email']",20,10.0,discount,0,1
acc974aac2684d0c9d7dea71c4fb412f,2906b810c7d4411798c6938adc9daaa5,408,,510.0,2.0,2,"['web', 'email', 'mobile']",10,7.0,discount,0,1
acce25c39cfe46d6b308006d958c6252,2906b810c7d4411798c6938adc9daaa5,504,,708.0,2.0,2,"['web', 'email', 'mobile']",10,7.0,discount,0,1
acdf9a19b60d4c13ad594ebcb6b23eb9,0b1e1539f2cc45b7b9fa7c272da2e1d7,0,,234.0,5.0,5,"['web', 'email']",20,10.0,discount,0,1
acdf9a19b60d4c13ad594ebcb6b23eb9,9b98b8c7a33c4b65b9aebfe6a799e6d9,336,,432.0,5.0,5,"['web', 'email', 'mobile']",5,7.0,bogo,0,1
ace497e21106417694ccbeaf00607aa9,ae264e3637204a6fb9bb56bc8210ddfd,576,,612.0,10.0,10,"['email', 'mobile', 'social']",10,7.0,bogo,0,1
acef018f388441a6a8c192906b780fb4,0b1e1539f2cc45b7b9fa7c272da2e1d7,0,,204.0,5.0,5,"['web', 'email']",20,10.0,discount,0,1
acefb2ff92184128bc97ed2709bb8369,ae264e3637204a6fb9bb56bc8210ddfd,504,,546.0,10.0,10,"['email', 'mobile', 'social']",10,7.0,bogo,0,1
acf11763f290465982c903ad7c6082e5,4d5c57ea9a6940dd891ad53e9dbe8da0,336,,414.0,10.0,10,"['web', 'email', 'mobile', 'social']",10,5.0,bogo,0,1
acfbd718a7a848698a1ac398e8566179,ae264e3637204a6fb9bb56bc8210ddfd,576,,696.0,10.0,10,"['email', 'mobile', 'social']",10,7.0,bogo,0,1
ad18ad432f5a40c7b8ccce4be4fb530c,2298d6c36e964ae4a3e7e9706d1fb8c2,504,,558.0,3.0,3,"['web', 'email', 'mobile', 'social']",7,7.0,discount,0,1
ad2c5a7237a647d5b717fc079283da18,0b1e1539f2cc45b7b9fa7c272da2e1d7,168,,246.0,5.0,5,"['web', 'email']",20,10.0,discount,0,1
ad43ddab7325414f9f8ffa7331a0f13f,ae264e3637204a6fb9bb56bc8210ddfd,168,,186.0,10.0,10,"['email', 'mobile', 'social']",10,7.0,bogo,0,1
ad43ddab7325414f9f8ffa7331a0f13f,2906b810c7d4411798c6938adc9daaa5,408,,468.0,2.0,2,"['web', 'email', 'mobile']",10,7.0,discount,0,1
ad520f42370b4a419a99368fbad31e21,9b98b8c7a33c4b65b9aebfe6a799e6d9,408,,504.0,5.0,5,"['web', 'email', 'mobile']",5,7.0,bogo,0,1
ad5c7281f3f24e5789f0bbc403f57eb8,0b1e1539f2cc45b7b9fa7c272da2e1d7,408,,426.0,5.0,5,"['web', 'email']",20,10.0,discount,0,1
ad6a9cf0594d401c94b62590989c5644,f19421c1d4aa40978ebb69ca19b0e20d,336,,408.0,5.0,5,"['web', 'email', 'mobile', 'social']",5,5.0,bogo,0,1
ad7470c89b2540b5b20c34bfecff453f,ae264e3637204a6fb9bb56bc8210ddfd,408,,468.0,10.0,10,"['email', 'mobile', 'social']",10,7.0,bogo,0,1
ad783557583642c690fe505163e1c8dd,9b98b8c7a33c4b65b9aebfe6a799e6d9,336,,372.0,5.0,5,"['web', 'email', 'mobile']",5,7.0,bogo,0,1
ad9c1730a8124d3dbb40e9aa5d98c608,9b98b8c7a33c4b65b9aebfe6a799e6d9,0,,156.0,5.0,5,"['web', 'email', 'mobile']",5,7.0,bogo,0,1
ada85994982146b88478062931d485d2,9b98b8c7a33c4b65b9aebfe6a799e6d9,504,,570.0,5.0,5,"['web', 'email', 'mobile']",5,7.0,bogo,0,1
adc7ef85f1714699b4f341a7e12c632f,0b1e1539f2cc45b7b9fa7c272da2e1d7,336,,450.0,5.0,5,"['web', 'email']",20,10.0,discount,0,1
adda19baff4645fd8af6f87592595070,9b98b8c7a33c4b65b9aebfe6a799e6d9,576,,690.0,5.0,5,"['web', 'email', 'mobile']",5,7.0,bogo,0,1
addacaac2dda48b69f68158175f2e797,2906b810c7d4411798c6938adc9daaa5,0,,84.0,2.0,2,"['web', 'email', 'mobile']",10,7.0,discount,0,1
adee4e7b7dfd4661bd0faa61ed3ad33b,9b98b8c7a33c4b65b9aebfe6a799e6d9,336,,390.0,5.0,5,"['web', 'email', 'mobile']",5,7.0,bogo,0,1
adf921d115964c47b48679b6fdc397ed,0b1e1539f2cc45b7b9fa7c272da2e1d7,336,,450.0,5.0,5,"['web', 'email']",20,10.0,discount,0,1
ae02ff99e338449ab46fca34b428a768,2906b810c7d4411798c6938adc9daaa5,0,,138.0,2.0,2,"['web', 'email', 'mobile']",10,7.0,discount,0,1
ae0a070c9d07424d8b955efe7caaca6e,9b98b8c7a33c4b65b9aebfe6a799e6d9,504,,594.0,5.0,5,"['web', 'email', 'mobile']",5,7.0,bogo,0,1
ae1c83d44e834751ab329f9dc241c951,9b98b8c7a33c4b65b9aebfe6a799e6d9,576,,654.0,5.0,5,"['web', 'email', 'mobile']",5,7.0,bogo,0,1
ae27549c1fcc4407a7d5d270928ff0ab,2906b810c7d4411798c6938adc9daaa5,0,,48.0,2.0,2,"['web', 'email', 'mobile']",10,7.0,discount,0,1
ae446077b3294f60bd40a5757d537744,f19421c1d4aa40978ebb69ca19b0e20d,336,,420.0,5.0,5,"['web', 'email', 'mobile', 'social']",5,5.0,bogo,0,1
ae51f2aa9f0c4ee3a13d59395705e828,0b1e1539f2cc45b7b9fa7c272da2e1d7,504,,522.0,5.0,5,"['web', 'email']",20,10.0,discount,0,1
ae56c4d76ac84a639a31693086044dd9,ae264e3637204a6fb9bb56bc8210ddfd,576,,594.0,10.0,10,"['email', 'mobile', 'social']",10,7.0,bogo,0,1
ae6f43089b674728a50b8727252d3305,9b98b8c7a33c4b65b9aebfe6a799e6d9,408,,420.0,5.0,5,"['web', 'email', 'mobile']",5,7.0,bogo,0,1
aea3357bef1c44a180ae8e217df12fa0,9b98b8c7a33c4b65b9aebfe6a799e6d9,168,,198.0,5.0,5,"['web', 'email', 'mobile']",5,7.0,bogo,0,1
aea3357bef1c44a180ae8e217df12fa0,2298d6c36e964ae4a3e7e9706d1fb8c2,504,,654.0,3.0,3,"['web', 'email', 'mobile', 'social']",7,7.0,discount,0,1
aeb2465e958342f39d18e44d6ba36311,9b98b8c7a33c4b65b9aebfe6a799e6d9,576,,600.0,5.0,5,"['web', 'email', 'mobile']",5,7.0,bogo,0,1
aebb936affe9484e971a033e901eea7d,2298d6c36e964ae4a3e7e9706d1fb8c2,504,,564.0,3.0,3,"['web', 'email', 'mobile', 'social']",7,7.0,discount,0,1
aed8e306eb214dc4991026c1005bff46,0b1e1539f2cc45b7b9fa7c272da2e1d7,0,,450.0,5.0,5,"['web', 'email']",20,10.0,discount,0,1
aedba933c467488a82f5b83fa981ef8a,2906b810c7d4411798c6938adc9daaa5,504,,540.0,2.0,2,"['web', 'email', 'mobile']",10,7.0,discount,0,1
aeea18cf2e8d455c98453c546292a9f6,0b1e1539f2cc45b7b9fa7c272da2e1d7,168,,402.0,5.0,5,"['web', 'email']",20,10.0,discount,0,1
aeea18cf2e8d455c98453c546292a9f6,9b98b8c7a33c4b65b9aebfe6a799e6d9,576,,702.0,5.0,5,"['web', 'email', 'mobile']",5,7.0,bogo,0,1
aeee1b7840224e07b2f3574b63001698,fafdcd668e3743c1bb461111dcafc2a4,504,,570.0,2.0,2,"['web', 'email', 'mobile', 'social']",10,10.0,discount,0,1
aeffa610ee7740ada8389827eb2533a6,9b98b8c7a33c4b65b9aebfe6a799e6d9,0,,78.0,5.0,5,"['web', 'email', 'mobile']",5,7.0,bogo,0,1
af046d91eec74ac79e40b6c12004ecab,fafdcd668e3743c1bb461111dcafc2a4,336,,438.0,2.0,2,"['web', 'email', 'mobile', 'social']",10,10.0,discount,0,1
af1389c7049448c1a6c0dab6507e3c19,0b1e1539f2cc45b7b9fa7c272da2e1d7,0,,24.0,5.0,5,"['web', 'email']",20,10.0,discount,0,1
af1aba1e70f14a19904cfb3cde96021d,2906b810c7d4411798c6938adc9daaa5,0,,24.0,2.0,2,"['web', 'email', 'mobile']",10,7.0,discount,0,1
af1f672547df453dae19b531be208bf1,9b98b8c7a33c4b65b9aebfe6a799e6d9,0,,84.0,5.0,5,"['web', 'email', 'mobile']",5,7.0,bogo,0,1
af1f672547df453dae19b531be208bf1,0b1e1539f2cc45b7b9fa7c272da2e1d7,504,,540.0,5.0,5,"['web', 'email']",20,10.0,discount,0,1
af281d29e2d2497998a2c6a315b500c1,9b98b8c7a33c4b65b9aebfe6a799e6d9,408,,462.0,5.0,5,"['web', 'email', 'mobile']",5,7.0,bogo,0,1
af41ddef5c8149138aba2cc20a0db9a1,9b98b8c7a33c4b65b9aebfe6a799e6d9,336,,414.0,5.0,5,"['web', 'email', 'mobile']",5,7.0,bogo,0,1
af44c9f11887442aabb07c86e31be442,9b98b8c7a33c4b65b9aebfe6a799e6d9,336,,384.0,5.0,5,"['web', 'email', 'mobile']",5,7.0,bogo,0,1
af4843b3494c4e9483f2a7d2c45095ae,2906b810c7d4411798c6938adc9daaa5,408,,426.0,2.0,2,"['web', 'email', 'mobile']",10,7.0,discount,0,1
af4f196d772e4bcc984b63db3f83da92,0b1e1539f2cc45b7b9fa7c272da2e1d7,336,,570.0,5.0,5,"['web', 'email']",20,10.0,discount,0,1
af5215439a5c4c6f9a0955b609de4851,9b98b8c7a33c4b65b9aebfe6a799e6d9,576,,606.0,5.0,5,"['web', 'email', 'mobile']",5,7.0,bogo,0,1
af5551545cec404bb32a91ebaa731790,9b98b8c7a33c4b65b9aebfe6a799e6d9,408,,516.0,5.0,5,"['web', 'email', 'mobile']",5,7.0,bogo,0,1
af58b21715ae4b128897d70ebe49b3f0,0b1e1539f2cc45b7b9fa7c272da2e1d7,408,,540.0,5.0,5,"['web', 'email']",20,10.0,discount,0,1
af65587f707a47439462c90d0564ee43,9b98b8c7a33c4b65b9aebfe6a799e6d9,336,,414.0,5.0,5,"['web', 'email', 'mobile']",5,7.0,bogo,0,1
af65587f707a47439462c90d0564ee43,0b1e1539f2cc45b7b9fa7c272da2e1d7,408,,414.0,5.0,5,"['web', 'email']",20,10.0,discount,0,1
af69a507aefd4ecdbc4c33b0ec4dfe61,9b98b8c7a33c4b65b9aebfe6a799e6d9,576,,588.0,5.0,5,"['web', 'email', 'mobile']",5,7.0,bogo,0,1
af76332f99e34945ac7e4880c74f7c91,0b1e1539f2cc45b7b9fa7c272da2e1d7,0,,60.0,5.0,5,"['web', 'email']",20,10.0,discount,0,1
af8874dd6a6548d6ba4e9a53a70825ad,9b98b8c7a33c4b65b9aebfe6a799e6d9,336,,426.0,5.0,5,"['web', 'email', 'mobile']",5,7.0,bogo,0,1
afc08de173e84a01aa995f63f58a377a,2906b810c7d4411798c6938adc9daaa5,0,,18.0,2.0,2,"['web', 'email', 'mobile']",10,7.0,discount,0,1
afc9a6447a1249a596f01c6409bbb8d6,0b1e1539f2cc45b7b9fa7c272da2e1d7,504,,708.0,5.0,5,"['web', 'email']",20,10.0,discount,0,1
affa3198865640c59a09d17ece8f3e0e,2906b810c7d4411798c6938adc9daaa5,504,,516.0,2.0,2,"['web', 'email', 'mobile']",10,7.0,discount,0,1
affa3198865640c59a09d17ece8f3e0e,9b98b8c7a33c4b65b9aebfe6a799e6d9,576,,654.0,5.0,5,"['web', 'email', 'mobile']",5,7.0,bogo,0,1
b007bd6d6874467fb14c3b3787fe5d70,9b98b8c7a33c4b65b9aebfe6a799e6d9,576,,630.0,5.0,5,"['web', 'email', 'mobile']",5,7.0,bogo,0,1
b027423ac3f44c6f9cafc028233fc993,0b1e1539f2cc45b7b9fa7c272da2e1d7,336,,546.0,5.0,5,"['web', 'email']",20,10.0,discount,0,1
b02d6369b458411aa0bbf3eb632ad4fe,ae264e3637204a6fb9bb56bc8210ddfd,408,,552.0,10.0,10,"['email', 'mobile', 'social']",10,7.0,bogo,0,1
b02d6369b458411aa0bbf3eb632ad4fe,2906b810c7d4411798c6938adc9daaa5,504,,552.0,2.0,2,"['web', 'email', 'mobile']",10,7.0,discount,0,1
b060504771aa4ab9b4bdf98051c7cc05,0b1e1539f2cc45b7b9fa7c272da2e1d7,504,,516.0,5.0,5,"['web', 'email']",20,10.0,discount,0,1
b095142ced7748afb287c9634f2b794e,f19421c1d4aa40978ebb69ca19b0e20d,504,,582.0,5.0,5,"['web', 'email', 'mobile', 'social']",5,5.0,bogo,0,1
b0b38eb96f02433ba5fa961b87e89564,0b1e1539f2cc45b7b9fa7c272da2e1d7,504,,684.0,5.0,5,"['web', 'email']",20,10.0,discount,0,1
b0bf98a1d77e43fa85a738130c112633,2906b810c7d4411798c6938adc9daaa5,576,,690.0,2.0,2,"['web', 'email', 'mobile']",10,7.0,discount,0,1
b0c6b9ecae7f47dc93a44edef68ab1a8,9b98b8c7a33c4b65b9aebfe6a799e6d9,336,,504.0,5.0,5,"['web', 'email', 'mobile']",5,7.0,bogo,0,1
b0e1e5e1a2034340b635ec9f9931fe92,0b1e1539f2cc45b7b9fa7c272da2e1d7,336,,420.0,5.0,5,"['web', 'email']",20,10.0,discount,0,1
b0e8e98e9a314840875b28a8bf93904e,0b1e1539f2cc45b7b9fa7c272da2e1d7,576,,624.0,5.0,5,"['web', 'email']",20,10.0,discount,0,1
b10f5a1006c249dca0faa1c4cbb54322,0b1e1539f2cc45b7b9fa7c272da2e1d7,408,,444.0,5.0,5,"['web', 'email']",20,10.0,discount,0,1
b116182f9e4340289333ba742a1d53a1,9b98b8c7a33c4b65b9aebfe6a799e6d9,504,,594.0,5.0,5,"['web', 'email', 'mobile']",5,7.0,bogo,0,1
b12e8e0f14ae4ad0b576f7c016e7e89b,2906b810c7d4411798c6938adc9daaa5,576,,594.0,2.0,2,"['web', 'email', 'mobile']",10,7.0,discount,0,1
b1328662a0944c01945de75da6b0c060,0b1e1539f2cc45b7b9fa7c272da2e1d7,0,,144.0,5.0,5,"['web', 'email']",20,10.0,discount,0,1
b1328662a0944c01945de75da6b0c060,9b98b8c7a33c4b65b9aebfe6a799e6d9,504,,552.0,5.0,5,"['web', 'email', 'mobile']",5,7.0,bogo,0,1
b153707a382046218a55e0122b4dcf37,9b98b8c7a33c4b65b9aebfe6a799e6d9,168,,168.0,5.0,5,"['web', 'email', 'mobile']",5,7.0,bogo,0,1
b1537b2303774725ada56027d9dc7287,9b98b8c7a33c4b65b9aebfe6a799e6d9,504,,606.0,5.0,5,"['web', 'email', 'mobile']",5,7.0,bogo,0,1
b153bec349e5491b82544af7d5cdfd67,0b1e1539f2cc45b7b9fa7c272da2e1d7,336,,438.0,5.0,5,"['web', 'email']",20,10.0,discount,0,1
b153bec349e5491b82544af7d5cdfd67,2906b810c7d4411798c6938adc9daaa5,504,,504.0,2.0,2,"['web', 'email', 'mobile']",10,7.0,discount,0,1
b1627ee5584342b8bb5bfa43f9a9bbfc,9b98b8c7a33c4b65b9aebfe6a799e6d9,408,,468.0,5.0,5,"['web', 'email', 'mobile']",5,7.0,bogo,0,1
b16af11771c84527b9f6ba177f33b661,9b98b8c7a33c4b65b9aebfe6a799e6d9,168,,168.0,5.0,5,"['web', 'email', 'mobile']",5,7.0,bogo,0,1
b186b8e7d7434f4dacf6dc4ddb25a09d,0b1e1539f2cc45b7b9fa7c272da2e1d7,504,,672.0,5.0,5,"['web', 'email']",20,10.0,discount,0,1
b187ddd72fe54e25b4d734bbb5ee535c,0b1e1539f2cc45b7b9fa7c272da2e1d7,576,,672.0,5.0,5,"['web', 'email']",20,10.0,discount,0,1
b18a188c09fc4257b91b498b0d1ef004,0b1e1539f2cc45b7b9fa7c272da2e1d7,0,,84.0,5.0,5,"['web', 'email']",20,10.0,discount,0,1
b193da492dcb4b029ebade62a96eefdc,0b1e1539f2cc45b7b9fa7c272da2e1d7,336,,540.0,5.0,5,"['web', 'email']",20,10.0,discount,0,1
b1a43d58a55241db876f72e56fffebcf,ae264e3637204a6fb9bb56bc8210ddfd,336,,348.0,10.0,10,"['email', 'mobile', 'social']",10,7.0,bogo,0,1
b1a6c6b97e114a75adbd008e9222397e,9b98b8c7a33c4b65b9aebfe6a799e6d9,504,,606.0,5.0,5,"['web', 'email', 'mobile']",5,7.0,bogo,0,1
b1b28e36ca0d4c849f7a9204a9a78eff,9b98b8c7a33c4b65b9aebfe6a799e6d9,0,,0.0,5.0,5,"['web', 'email', 'mobile']",5,7.0,bogo,0,1
b1b341e9be7b4c3380451a8071957029,0b1e1539f2cc45b7b9fa7c272da2e1d7,408,,426.0,5.0,5,"['web', 'email']",20,10.0,discount,0,1
b1c58c9a9749400092a00d2ab36f6d50,9b98b8c7a33c4b65b9aebfe6a799e6d9,576,,606.0,5.0,5,"['web', 'email', 'mobile']",5,7.0,bogo,0,1
b1c71cebf2884ed28d02549a18f5deb1,9b98b8c7a33c4b65b9aebfe6a799e6d9,0,,42.0,5.0,5,"['web', 'email', 'mobile']",5,7.0,bogo,0,1
b1c71cebf2884ed28d02549a18f5deb1,0b1e1539f2cc45b7b9fa7c272da2e1d7,168,,342.0,5.0,5,"['web', 'email']",20,10.0,discount,0,1
b1c71cebf2884ed28d02549a18f5deb1,2906b810c7d4411798c6938adc9daaa5,576,,594.0,2.0,2,"['web', 'email', 'mobile']",10,7.0,discount,0,1
b1cb97cf06864dc69bfff52d7413f067,2906b810c7d4411798c6938adc9daaa5,336,,498.0,2.0,2,"['web', 'email', 'mobile']",10,7.0,discount,0,1
b1e5000082ef4b23b47589e2ca0a9951,9b98b8c7a33c4b65b9aebfe6a799e6d9,576,,642.0,5.0,5,"['web', 'email', 'mobile']",5,7.0,bogo,0,1
b1f4e2cbbdd6480699e0f0a355822f49,0b1e1539f2cc45b7b9fa7c272da2e1d7,336,,390.0,5.0,5,"['web', 'email']",20,10.0,discount,0,1
b23215fc1ace4d7a9f53e52d83db4393,ae264e3637204a6fb9bb56bc8210ddfd,408,,528.0,10.0,10,"['email', 'mobile', 'social']",10,7.0,bogo,0,1
b23a9899a5674d2a8ebb29f79ab15544,2906b810c7d4411798c6938adc9daaa5,336,,498.0,2.0,2,"['web', 'email', 'mobile']",10,7.0,discount,0,1
b23f03652b9f475eada633abb8d4eb67,0b1e1539f2cc45b7b9fa7c272da2e1d7,0,,108.0,5.0,5,"['web', 'email']",20,10.0,discount,0,1
b23fd66b4bd4463b8382ff9007f7f861,9b98b8c7a33c4b65b9aebfe6a799e6d9,408,,450.0,5.0,5,"['web', 'email', 'mobile']",5,7.0,bogo,0,1
b23fd66b4bd4463b8382ff9007f7f861,0b1e1539f2cc45b7b9fa7c272da2e1d7,504,,672.0,5.0,5,"['web', 'email']",20,10.0,discount,0,1
b27f647d39414887a980080bedcf833b,9b98b8c7a33c4b65b9aebfe6a799e6d9,336,,342.0,5.0,5,"['web', 'email', 'mobile']",5,7.0,bogo,0,1
b292985f7c7d4175b725530abc07e624,0b1e1539f2cc45b7b9fa7c272da2e1d7,0,,204.0,5.0,5,"['web', 'email']",20,10.0,discount,0,1
b29a01cc9ffd4954aab1beb1008d840f,9b98b8c7a33c4b65b9aebfe6a799e6d9,168,,282.0,5.0,5,"['web', 'email', 'mobile']",5,7.0,bogo,0,1
b2d9e2ad8403472a8b62ca88cea3f2ca,9b98b8c7a33c4b65b9aebfe6a799e6d9,336,,336.0,5.0,5,"['web', 'email', 'mobile']",5,7.0,bogo,0,1
b2dac65b914c4e8daf79d00e8da11f90,9b98b8c7a33c4b65b9aebfe6a799e6d9,408,,414.0,5.0,5,"['web', 'email', 'mobile']",5,7.0,bogo,0,1
b30df99d6d0a4544a7d8f2beb79f7a68,2906b810c7d4411798c6938adc9daaa5,336,,672.0,2.0,2,"['web', 'email', 'mobile']",10,7.0,discount,0,1
b311fa5c3dab428abc630f466e74302c,9b98b8c7a33c4b65b9aebfe6a799e6d9,336,,444.0,5.0,5,"['web', 'email', 'mobile']",5,7.0,bogo,0,1
b3293a8651f84add9ca1e463a9148c6e,0b1e1539f2cc45b7b9fa7c272da2e1d7,0,,108.0,5.0,5,"['web', 'email']",20,10.0,discount,0,1
b3293a8651f84add9ca1e463a9148c6e,fafdcd668e3743c1bb461111dcafc2a4,336,,342.0,2.0,2,"['web', 'email', 'mobile', 'social']",10,10.0,discount,0,1
b330ad2e97ca455badff7121614b225d,2906b810c7d4411798c6938adc9daaa5,168,,198.0,2.0,2,"['web', 'email', 'mobile']",10,7.0,discount,0,1
b3533603c9e545cc96949e1f7e195eb9,0b1e1539f2cc45b7b9fa7c272da2e1d7,576,,642.0,5.0,5,"['web', 'email']",20,10.0,discount,0,1
b36aea09d8cc4dc5929f0c97163ee56c,2906b810c7d4411798c6938adc9daaa5,576,,696.0,2.0,2,"['web', 'email', 'mobile']",10,7.0,discount,0,1
b390be062396490093121338df43f692,9b98b8c7a33c4b65b9aebfe6a799e6d9,408,,408.0,5.0,5,"['web', 'email', 'mobile']",5,7.0,bogo,0,1
b397c8451df14f2886d3f502aae4b34c,9b98b8c7a33c4b65b9aebfe6a799e6d9,576,,630.0,5.0,5,"['web', 'email', 'mobile']",5,7.0,bogo,0,1
b3a5a87d9e1d4bc48f38945c8f4d5a2a,0b1e1539f2cc45b7b9fa7c272da2e1d7,504,,618.0,5.0,5,"['web', 'email']",20,10.0,discount,0,1
b3ad8755d0ac47faa6e9c10954fec6a4,ae264e3637204a6fb9bb56bc8210ddfd,504,,576.0,10.0,10,"['email', 'mobile', 'social']",10,7.0,bogo,0,1
b3af86317cf04f17b79618a1348348ca,ae264e3637204a6fb9bb56bc8210ddfd,336,,426.0,10.0,10,"['email', 'mobile', 'social']",10,7.0,bogo,0,1
b3dc224a88d445e4bf5f7a5c0d77c011,9b98b8c7a33c4b65b9aebfe6a799e6d9,504,,510.0,5.0,5,"['web', 'email', 'mobile']",5,7.0,bogo,0,1
b3df1a539d6b41c0b200fe46cfd5c2f8,0b1e1539f2cc45b7b9fa7c272da2e1d7,336,,534.0,5.0,5,"['web', 'email']",20,10.0,discount,0,1
b3df1a539d6b41c0b200fe46cfd5c2f8,2298d6c36e964ae4a3e7e9706d1fb8c2,408,,534.0,3.0,3,"['web', 'email', 'mobile', 'social']",7,7.0,discount,0,1
b401089876624ff98e3afa052861ff2a,9b98b8c7a33c4b65b9aebfe6a799e6d9,504,,510.0,5.0,5,"['web', 'email', 'mobile']",5,7.0,bogo,0,1
b41a5b2e5d714f63b23a99b6028fb1d8,ae264e3637204a6fb9bb56bc8210ddfd,504,,546.0,10.0,10,"['email', 'mobile', 'social']",10,7.0,bogo,0,1
b41a5b2e5d714f63b23a99b6028fb1d8,2906b810c7d4411798c6938adc9daaa5,576,,600.0,2.0,2,"['web', 'email', 'mobile']",10,7.0,discount,0,1
b4298bee37414eb7b30feeea90f8247b,2906b810c7d4411798c6938adc9daaa5,504,,564.0,2.0,2,"['web', 'email', 'mobile']",10,7.0,discount,0,1
b42f41ce044743f6b7b1cdcbde5dcebc,9b98b8c7a33c4b65b9aebfe6a799e6d9,0,,168.0,5.0,5,"['web', 'email', 'mobile']",5,7.0,bogo,0,1
b440267d0f8c4c028141e12b03ded83d,0b1e1539f2cc45b7b9fa7c272da2e1d7,336,,546.0,5.0,5,"['web', 'email']",20,10.0,discount,0,1
b4460153df8b404a969d64dd6f2204f1,f19421c1d4aa40978ebb69ca19b0e20d,336,,444.0,5.0,5,"['web', 'email', 'mobile', 'social']",5,5.0,bogo,0,1
b450fb210b0c47548af8394b313638e9,0b1e1539f2cc45b7b9fa7c272da2e1d7,0,,216.0,5.0,5,"['web', 'email']",20,10.0,discount,0,1
b450fb210b0c47548af8394b313638e9,2906b810c7d4411798c6938adc9daaa5,408,,498.0,2.0,2,"['web', 'email', 'mobile']",10,7.0,discount,0,1
b45a587bef8247f8ad9021d66ea72258,f19421c1d4aa40978ebb69ca19b0e20d,336,,432.0,5.0,5,"['web', 'email', 'mobile', 'social']",5,5.0,bogo,0,1
b45a6222bbcf41ff8df41bba5e4e1215,0b1e1539f2cc45b7b9fa7c272da2e1d7,0,,522.0,5.0,5,"['web', 'email']",20,10.0,discount,0,1
b476230f34634b029c8db93856f1fb22,ae264e3637204a6fb9bb56bc8210ddfd,168,,438.0,10.0,10,"['email', 'mobile', 'social']",10,7.0,bogo,0,1
b48f59b8e9484391ac69850081e599c1,ae264e3637204a6fb9bb56bc8210ddfd,336,,420.0,10.0,10,"['email', 'mobile', 'social']",10,7.0,bogo,0,1
b493632a48454e8987612d5f11fe714b,4d5c57ea9a6940dd891ad53e9dbe8da0,408,,462.0,10.0,10,"['web', 'email', 'mobile', 'social']",10,5.0,bogo,0,1
b49c9836c2c84ebbb3a007739527ffc2,2906b810c7d4411798c6938adc9daaa5,504,,540.0,2.0,2,"['web', 'email', 'mobile']",10,7.0,discount,0,1
b4baed7ad2e94c94a69520179ef8eee9,0b1e1539f2cc45b7b9fa7c272da2e1d7,504,,606.0,5.0,5,"['web', 'email']",20,10.0,discount,0,1
b4d6477e15ca4b1086638089882177b7,9b98b8c7a33c4b65b9aebfe6a799e6d9,504,,564.0,5.0,5,"['web', 'email', 'mobile']",5,7.0,bogo,0,1
b4f2fa2ea0674f53916963aecf291dfb,9b98b8c7a33c4b65b9aebfe6a799e6d9,336,,492.0,5.0,5,"['web', 'email', 'mobile']",5,7.0,bogo,0,1
b4f89d9d8c144ee1b8dafb4b707c0fce,2906b810c7d4411798c6938adc9daaa5,408,,420.0,2.0,2,"['web', 'email', 'mobile']",10,7.0,discount,0,1
b5089461bd1a427c8874d5e36d3a2d40,0b1e1539f2cc45b7b9fa7c272da2e1d7,168,,198.0,5.0,5,"['web', 'email']",20,10.0,discount,0,1
b50987e063ec45fca2b6343837d6a139,9b98b8c7a33c4b65b9aebfe6a799e6d9,504,,516.0,5.0,5,"['web', 'email', 'mobile']",5,7.0,bogo,0,1
b50fd78643e1452386190ae9c8366b56,2906b810c7d4411798c6938adc9daaa5,576,,600.0,2.0,2,"['web', 'email', 'mobile']",10,7.0,discount,0,1
b51e41040e0e4977b6f936637a27a918,9b98b8c7a33c4b65b9aebfe6a799e6d9,576,,588.0,5.0,5,"['web', 'email', 'mobile']",5,7.0,bogo,0,1
b53485486c7946fdb4bfb5230bb300e7,9b98b8c7a33c4b65b9aebfe6a799e6d9,576,,630.0,5.0,5,"['web', 'email', 'mobile']",5,7.0,bogo,0,1
b55ef20dd4ba41878120c13a0e15b84d,fafdcd668e3743c1bb461111dcafc2a4,336,,528.0,2.0,2,"['web', 'email', 'mobile', 'social']",10,10.0,discount,0,1
b55ef20dd4ba41878120c13a0e15b84d,9b98b8c7a33c4b65b9aebfe6a799e6d9,408,,414.0,5.0,5,"['web', 'email', 'mobile']",5,7.0,bogo,0,1
b56e747d7f6641c88cacc52c5eaebf57,0b1e1539f2cc45b7b9fa7c272da2e1d7,336,,474.0,5.0,5,"['web', 'email']",20,10.0,discount,0,1
b58cb099874a4d3990cc7159630b9f6a,2906b810c7d4411798c6938adc9daaa5,408,,504.0,2.0,2,"['web', 'email', 'mobile']",10,7.0,discount,0,1
b58cb099874a4d3990cc7159630b9f6a,9b98b8c7a33c4b65b9aebfe6a799e6d9,504,,504.0,5.0,5,"['web', 'email', 'mobile']",5,7.0,bogo,0,1
b5a19a184eb04c08a7c92804a88a4cf6,2906b810c7d4411798c6938adc9daaa5,408,,438.0,2.0,2,"['web', 'email', 'mobile']",10,7.0,discount,0,1
b5b17db2d0af49fe89abfd7076b605a8,9b98b8c7a33c4b65b9aebfe6a799e6d9,504,,534.0,5.0,5,"['web', 'email', 'mobile']",5,7.0,bogo,0,1
b5cf666d37d345df83147aee3740a9c8,9b98b8c7a33c4b65b9aebfe6a799e6d9,504,,594.0,5.0,5,"['web', 'email', 'mobile']",5,7.0,bogo,0,1
b6171a55e9e548c2a75df02f20336045,2906b810c7d4411798c6938adc9daaa5,336,,396.0,2.0,2,"['web', 'email', 'mobile']",10,7.0,discount,0,1
b62a7b6effca47d29859ba016fd4efa0,9b98b8c7a33c4b65b9aebfe6a799e6d9,576,,618.0,5.0,5,"['web', 'email', 'mobile']",5,7.0,bogo,0,1
b62e66ca4dcf4df39fd522e750a88d81,0b1e1539f2cc45b7b9fa7c272da2e1d7,336,,492.0,5.0,5,"['web', 'email']",20,10.0,discount,0,1
b62e66ca4dcf4df39fd522e750a88d81,ae264e3637204a6fb9bb56bc8210ddfd,408,,492.0,10.0,10,"['email', 'mobile', 'social']",10,7.0,bogo,0,1
b64b47afe1c84ef3be509adaa8e90531,0b1e1539f2cc45b7b9fa7c272da2e1d7,408,,522.0,5.0,5,"['web', 'email']",20,10.0,discount,0,1
b66cb315b9944a749e25aee0d7dfe13c,2906b810c7d4411798c6938adc9daaa5,576,,690.0,2.0,2,"['web', 'email', 'mobile']",10,7.0,discount,0,1
b66f9cb486024f0d87ab7469e8d7528d,9b98b8c7a33c4b65b9aebfe6a799e6d9,408,,468.0,5.0,5,"['web', 'email', 'mobile']",5,7.0,bogo,0,1
b6905df3630b4137b077b6e1b4b21d75,2906b810c7d4411798c6938adc9daaa5,336,,426.0,2.0,2,"['web', 'email', 'mobile']",10,7.0,discount,0,1
b6905df3630b4137b077b6e1b4b21d75,0b1e1539f2cc45b7b9fa7c272da2e1d7,408,,426.0,5.0,5,"['web', 'email']",20,10.0,discount,0,1
b6955b6f01994469b4a1466c7bae3daf,f19421c1d4aa40978ebb69ca19b0e20d,576,,630.0,5.0,5,"['web', 'email', 'mobile', 'social']",5,5.0,bogo,0,1
b6aa40b2d89c487aa5ccf9029ecbaea4,0b1e1539f2cc45b7b9fa7c272da2e1d7,336,,576.0,5.0,5,"['web', 'email']",20,10.0,discount,0,1
b6c74d35e22f4926897e89ce1077a722,9b98b8c7a33c4b65b9aebfe6a799e6d9,0,,114.0,5.0,5,"['web', 'email', 'mobile']",5,7.0,bogo,0,1
b6c74d35e22f4926897e89ce1077a722,0b1e1539f2cc45b7b9fa7c272da2e1d7,336,,426.0,5.0,5,"['web', 'email']",20,10.0,discount,0,1
b6c74d35e22f4926897e89ce1077a722,2906b810c7d4411798c6938adc9daaa5,576,,582.0,2.0,2,"['web', 'email', 'mobile']",10,7.0,discount,0,1
b6cbce3d8ff14ccb8a331d9811d2eacb,ae264e3637204a6fb9bb56bc8210ddfd,168,,282.0,10.0,10,"['email', 'mobile', 'social']",10,7.0,bogo,0,1
b6e07f29867b4284aa42106bdc4d51d3,ae264e3637204a6fb9bb56bc8210ddfd,336,,390.0,10.0,10,"['email', 'mobile', 'social']",10,7.0,bogo,0,1
b6ef8b6a987c48d5ac80630932600492,fafdcd668e3743c1bb461111dcafc2a4,576,,714.0,2.0,2,"['web', 'email', 'mobile', 'social']",10,10.0,discount,0,1
b6f831aeda5f4183ab523e07e1eff7f7,9b98b8c7a33c4b65b9aebfe6a799e6d9,336,,438.0,5.0,5,"['web', 'email', 'mobile']",5,7.0,bogo,0,1
b6fc6275ba344389964515ce3a8fe7fe,0b1e1539f2cc45b7b9fa7c272da2e1d7,0,,228.0,5.0,5,"['web', 'email']",20,10.0,discount,0,1
b702b01e1767462aa447431c9e8a07f9,0b1e1539f2cc45b7b9fa7c272da2e1d7,504,,612.0,5.0,5,"['web', 'email']",20,10.0,discount,0,1
b73c8d5fe3c84a79bb3432387f0f4fb5,9b98b8c7a33c4b65b9aebfe6a799e6d9,576,,714.0,5.0,5,"['web', 'email', 'mobile']",5,7.0,bogo,0,1
b743f13d0b9f4ae0b529bb65615f7e52,0b1e1539f2cc45b7b9fa7c272da2e1d7,0,,168.0,5.0,5,"['web', 'email']",20,10.0,discount,0,1
b75e7be20e764e0096eb5204b4490169,0b1e1539f2cc45b7b9fa7c272da2e1d7,336,,570.0,5.0,5,"['web', 'email']",20,10.0,discount,0,1
b75f93132fa040c8a2ef895cd7be10ce,0b1e1539f2cc45b7b9fa7c272da2e1d7,0,,174.0,5.0,5,"['web', 'email']",20,10.0,discount,0,1
b766eeeed5b64f778917e5872e8422ce,0b1e1539f2cc45b7b9fa7c272da2e1d7,168,,282.0,5.0,5,"['web', 'email']",20,10.0,discount,0,1
b766eeeed5b64f778917e5872e8422ce,fafdcd668e3743c1bb461111dcafc2a4,336,,432.0,2.0,2,"['web', 'email', 'mobile', 'social']",10,10.0,discount,0,1
b7724737a4184c609f7b5075d0865d63,9b98b8c7a33c4b65b9aebfe6a799e6d9,504,,624.0,5.0,5,"['web', 'email', 'mobile']",5,7.0,bogo,0,1
b784cc0181ee49f59ffca05ab571872a,2906b810c7d4411798c6938adc9daaa5,504,,558.0,2.0,2,"['web', 'email', 'mobile']",10,7.0,discount,0,1
b78ca0a03dc34894be476f581c610e84,0b1e1539f2cc45b7b9fa7c272da2e1d7,408,,486.0,5.0,5,"['web', 'email']",20,10.0,discount,0,1
b797b614e6514d55af41629b9d3f2ba2,0b1e1539f2cc45b7b9fa7c272da2e1d7,408,,642.0,5.0,5,"['web', 'email']",20,10.0,discount,0,1
b79b26728dff48cf9e07ec7cc4b74d66,fafdcd668e3743c1bb461111dcafc2a4,504,,618.0,2.0,2,"['web', 'email', 'mobile', 'social']",10,10.0,discount,0,1
b7c447164da94e2c82f08ffbd6030e0a,2298d6c36e964ae4a3e7e9706d1fb8c2,336,,498.0,3.0,3,"['web', 'email', 'mobile', 'social']",7,7.0,discount,0,1
b7e2d5ab4ab24229bf1aa74f2b2eeb4d,2906b810c7d4411798c6938adc9daaa5,576,,702.0,2.0,2,"['web', 'email', 'mobile']",10,7.0,discount,0,1
b7ff2824d6b14653900c9c55b3df78d3,2906b810c7d4411798c6938adc9daaa5,576,,654.0,2.0,2,"['web', 'email', 'mobile']",10,7.0,discount,0,1
b818e955451b47db9fc8767fa45e464e,2906b810c7d4411798c6938adc9daaa5,408,,552.0,2.0,2,"['web', 'email', 'mobile']",10,7.0,discount,0,1
b81e563d9abd43aab41ec37bbee73949,0b1e1539f2cc45b7b9fa7c272da2e1d7,408,,498.0,5.0,5,"['web', 'email']",20,10.0,discount,0,1
b83015754a8f40039405b5edd29252b2,9b98b8c7a33c4b65b9aebfe6a799e6d9,0,,180.0,5.0,5,"['web', 'email', 'mobile']",5,7.0,bogo,0,1
b834c0ff6f2f4a08a39b2122a6a45f7e,0b1e1539f2cc45b7b9fa7c272da2e1d7,168,,336.0,5.0,5,"['web', 'email']",20,10.0,discount,0,1
b834c0ff6f2f4a08a39b2122a6a45f7e,9b98b8c7a33c4b65b9aebfe6a799e6d9,504,,510.0,5.0,5,"['web', 'email', 'mobile']",5,7.0,bogo,0,1
b8397fc0004f4d70bb0374139d1c6ea3,0b1e1539f2cc45b7b9fa7c272da2e1d7,336,,456.0,5.0,5,"['web', 'email']",20,10.0,discount,0,1
b84926f7fc6a48cfac59341a4a1a2783,9b98b8c7a33c4b65b9aebfe6a799e6d9,504,,546.0,5.0,5,"['web', 'email', 'mobile']",5,7.0,bogo,0,1
b852a70398944c528bf648b76165190b,9b98b8c7a33c4b65b9aebfe6a799e6d9,576,,576.0,5.0,5,"['web', 'email', 'mobile']",5,7.0,bogo,0,1
b857481919e44cf29b036eca3217d2da,0b1e1539f2cc45b7b9fa7c272da2e1d7,336,,372.0,5.0,5,"['web', 'email']",20,10.0,discount,0,1
b857481919e44cf29b036eca3217d2da,2906b810c7d4411798c6938adc9daaa5,408,,504.0,2.0,2,"['web', 'email', 'mobile']",10,7.0,discount,0,1
b8584f6932e049faa62abf58b1f0e407,9b98b8c7a33c4b65b9aebfe6a799e6d9,168,,300.0,5.0,5,"['web', 'email', 'mobile']",5,7.0,bogo,0,1
b85c2c312912456792c88958e2707ab5,2906b810c7d4411798c6938adc9daaa5,504,,504.0,2.0,2,"['web', 'email', 'mobile']",10,7.0,discount,0,1
b860d355ef6e4c66b5d5a837c56ef32d,9b98b8c7a33c4b65b9aebfe6a799e6d9,0,,0.0,5.0,5,"['web', 'email', 'mobile']",5,7.0,bogo,0,1
b86ca0e395db455b804efb06607d0ea7,0b1e1539f2cc45b7b9fa7c272da2e1d7,336,,576.0,5.0,5,"['web', 'email']",20,10.0,discount,0,1
b86e0aed9f19441089327c24646f17b6,0b1e1539f2cc45b7b9fa7c272da2e1d7,336,,444.0,5.0,5,"['web', 'email']",20,10.0,discount,0,1
b8735d29860848de93aabaa077eadfda,2906b810c7d4411798c6938adc9daaa5,336,,384.0,2.0,2,"['web', 'email', 'mobile']",10,7.0,discount,0,1
b8735d29860848de93aabaa077eadfda,9b98b8c7a33c4b65b9aebfe6a799e6d9,504,,546.0,5.0,5,"['web', 'email', 'mobile']",5,7.0,bogo,0,1
b89f5ad3d676421a93b967dade2cccb4,2298d6c36e964ae4a3e7e9706d1fb8c2,504,,660.0,3.0,3,"['web', 'email', 'mobile', 'social']",7,7.0,discount,0,1
b8b1f116c8db44e0a742490fa7e09db9,9b98b8c7a33c4b65b9aebfe6a799e6d9,408,,420.0,5.0,5,"['web', 'email', 'mobile']",5,7.0,bogo,0,1
b8b20565b580442cae83bb0933f9c145,2906b810c7d4411798c6938adc9daaa5,576,,684.0,2.0,2,"['web', 'email', 'mobile']",10,7.0,discount,0,1
b8b9ab5373b34dcabf05b8e39d85718b,9b98b8c7a33c4b65b9aebfe6a799e6d9,504,,504.0,5.0,5,"['web', 'email', 'mobile']",5,7.0,bogo,0,1
b8bef39dd2654f90af97658f0ca65f75,0b1e1539f2cc45b7b9fa7c272da2e1d7,0,,18.0,5.0,5,"['web', 'email']",20,10.0,discount,0,1
b8bef39dd2654f90af97658f0ca65f75,2906b810c7d4411798c6938adc9daaa5,168,,258.0,2.0,2,"['web', 'email', 'mobile']",10,7.0,discount,0,1
b8bef39dd2654f90af97658f0ca65f75,f19421c1d4aa40978ebb69ca19b0e20d,408,,414.0,5.0,5,"['web', 'email', 'mobile', 'social']",5,5.0,bogo,0,1
b8c5cacabf4d42ea8fd403bb3a7b7706,9b98b8c7a33c4b65b9aebfe6a799e6d9,504,,672.0,5.0,5,"['web', 'email', 'mobile']",5,7.0,bogo,0,1
b8cdaf04fcf34321b1e10736f616541d,2906b810c7d4411798c6938adc9daaa5,168,,186.0,2.0,2,"['web', 'email', 'mobile']",10,7.0,discount,0,1
b8cdaf04fcf34321b1e10736f616541d,0b1e1539f2cc45b7b9fa7c272da2e1d7,504,,702.0,5.0,5,"['web', 'email']",20,10.0,discount,0,1
b8e5c831475c42158d68dda130ea93c7,9b98b8c7a33c4b65b9aebfe6a799e6d9,168,,186.0,5.0,5,"['web', 'email', 'mobile']",5,7.0,bogo,0,1
b901d4c1272944f198e4a708b89e6591,9b98b8c7a33c4b65b9aebfe6a799e6d9,336,,372.0,5.0,5,"['web', 'email', 'mobile']",5,7.0,bogo,0,1
b92827d95fb74354b8c0c207e7457e9c,ae264e3637204a6fb9bb56bc8210ddfd,336,,504.0,10.0,10,"['email', 'mobile', 'social']",10,7.0,bogo,0,1
b92827d95fb74354b8c0c207e7457e9c,0b1e1539f2cc45b7b9fa7c272da2e1d7,408,,504.0,5.0,5,"['web', 'email']",20,10.0,discount,0,1
b931ee599e174e9dae6cd6778a4646d8,2906b810c7d4411798c6938adc9daaa5,504,,558.0,2.0,2,"['web', 'email', 'mobile']",10,7.0,discount,0,1
b93ac0e7c56a4bb8a4b379cc21befcba,9b98b8c7a33c4b65b9aebfe6a799e6d9,408,,408.0,5.0,5,"['web', 'email', 'mobile']",5,7.0,bogo,0,1
b945adc6b8ea4694afba86d644198719,0b1e1539f2cc45b7b9fa7c272da2e1d7,336,,480.0,5.0,5,"['web', 'email']",20,10.0,discount,0,1
b95075641e2b4233a911574e28bbbc1f,9b98b8c7a33c4b65b9aebfe6a799e6d9,336,,354.0,5.0,5,"['web', 'email', 'mobile']",5,7.0,bogo,0,1
b95075641e2b4233a911574e28bbbc1f,0b1e1539f2cc45b7b9fa7c272da2e1d7,408,,414.0,5.0,5,"['web', 'email']",20,10.0,discount,0,1
b979241d6ae446359826f240c0485856,0b1e1539f2cc45b7b9fa7c272da2e1d7,408,,606.0,5.0,5,"['web', 'email']",20,10.0,discount,0,1
b979241d6ae446359826f240c0485856,9b98b8c7a33c4b65b9aebfe6a799e6d9,504,,606.0,5.0,5,"['web', 'email', 'mobile']",5,7.0,bogo,0,1
b991c17777804054bf73313153cb9476,0b1e1539f2cc45b7b9fa7c272da2e1d7,0,,216.0,5.0,5,"['web', 'email']",20,10.0,discount,0,1
b991c17777804054bf73313153cb9476,2906b810c7d4411798c6938adc9daaa5,576,,672.0,2.0,2,"['web', 'email', 'mobile']",10,7.0,discount,0,1
b99a3a0c26e2406fa5d249d20a6b1911,0b1e1539f2cc45b7b9fa7c272da2e1d7,336,,558.0,5.0,5,"['web', 'email']",20,10.0,discount,0,1
b9a10fe4f43b4a25858739561f0ca42a,0b1e1539f2cc45b7b9fa7c272da2e1d7,408,,510.0,5.0,5,"['web', 'email']",20,10.0,discount,0,1
b9a10fe4f43b4a25858739561f0ca42a,ae264e3637204a6fb9bb56bc8210ddfd,504,,510.0,10.0,10,"['email', 'mobile', 'social']",10,7.0,bogo,0,1
b9a7de55d4bd43f49a0865edf14ee23a,9b98b8c7a33c4b65b9aebfe6a799e6d9,408,,558.0,5.0,5,"['web', 'email', 'mobile']",5,7.0,bogo,0,1
b9b907ef1266497caf7824b9d0da919d,9b98b8c7a33c4b65b9aebfe6a799e6d9,504,,528.0,5.0,5,"['web', 'email', 'mobile']",5,7.0,bogo,0,1
b9d88b4d7c734c9a83de6350303d9d65,9b98b8c7a33c4b65b9aebfe6a799e6d9,504,,624.0,5.0,5,"['web', 'email', 'mobile']",5,7.0,bogo,0,1
b9f66dfe212c45338adfab7ff215e362,9b98b8c7a33c4b65b9aebfe6a799e6d9,504,,540.0,5.0,5,"['web', 'email', 'mobile']",5,7.0,bogo,0,1
b9fcd2490b8b4ab78674c6d57b9277f1,2906b810c7d4411798c6938adc9daaa5,336,,444.0,2.0,2,"['web', 'email', 'mobile']",10,7.0,discount,0,1
b9fcd2490b8b4ab78674c6d57b9277f1,0b1e1539f2cc45b7b9fa7c272da2e1d7,408,,552.0,5.0,5,"['web', 'email']",20,10.0,discount,0,1
ba019fba03e140e68af890010d357eba,9b98b8c7a33c4b65b9aebfe6a799e6d9,168,,336.0,5.0,5,"['web', 'email', 'mobile']",5,7.0,bogo,0,1
ba019fba03e140e68af890010d357eba,0b1e1539f2cc45b7b9fa7c272da2e1d7,336,,336.0,5.0,5,"['web', 'email']",20,10.0,discount,0,1
ba019fba03e140e68af890010d357eba,2906b810c7d4411798c6938adc9daaa5,576,,576.0,2.0,2,"['web', 'email', 'mobile']",10,7.0,discount,0,1
ba1d6debf43549ec85647318dda2656d,2906b810c7d4411798c6938adc9daaa5,336,,474.0,2.0,2,"['web', 'email', 'mobile']",10,7.0,discount,0,1
ba1d6debf43549ec85647318dda2656d,0b1e1539f2cc45b7b9fa7c272da2e1d7,576,,582.0,5.0,5,"['web', 'email']",20,10.0,discount,0,1
ba1d8661fce44d34ba7fc0b3dbdbf223,2906b810c7d4411798c6938adc9daaa5,0,,18.0,2.0,2,"['web', 'email', 'mobile']",10,7.0,discount,0,1
ba1d8661fce44d34ba7fc0b3dbdbf223,0b1e1539f2cc45b7b9fa7c272da2e1d7,408,,468.0,5.0,5,"['web', 'email']",20,10.0,discount,0,1
ba32af6b9a164643ac73cbc6faa19c3b,0b1e1539f2cc45b7b9fa7c272da2e1d7,576,,624.0,5.0,5,"['web', 'email']",20,10.0,discount,0,1
ba3395366d96453981bc7a738ebc2ead,2906b810c7d4411798c6938adc9daaa5,576,,708.0,2.0,2,"['web', 'email', 'mobile']",10,7.0,discount,0,1
ba33e70994e14a97b48bcae3a2d5dd48,ae264e3637204a6fb9bb56bc8210ddfd,504,,654.0,10.0,10,"['email', 'mobile', 'social']",10,7.0,bogo,0,1
ba33e70994e14a97b48bcae3a2d5dd48,9b98b8c7a33c4b65b9aebfe6a799e6d9,576,,654.0,5.0,5,"['web', 'email', 'mobile']",5,7.0,bogo,0,1
ba36d81376df4e25938086ef87e506ec,9b98b8c7a33c4b65b9aebfe6a799e6d9,408,,420.0,5.0,5,"['web', 'email', 'mobile']",5,7.0,bogo,0,1
ba4b4ee409d24af89e7a350fc51efac9,2906b810c7d4411798c6938adc9daaa5,504,,546.0,2.0,2,"['web', 'email', 'mobile']",10,7.0,discount,0,1
ba4f033e94284ee18d2013686b6a8afd,9b98b8c7a33c4b65b9aebfe6a799e6d9,336,,384.0,5.0,5,"['web', 'email', 'mobile']",5,7.0,bogo,0,1
ba4f033e94284ee18d2013686b6a8afd,0b1e1539f2cc45b7b9fa7c272da2e1d7,504,,606.0,5.0,5,"['web', 'email']",20,10.0,discount,0,1
ba4fff69b9224b87a1916f9fd9d0c2c8,4d5c57ea9a6940dd891ad53e9dbe8da0,336,,366.0,10.0,10,"['web', 'email', 'mobile', 'social']",10,5.0,bogo,0,1
ba53b4bec7f3472ba8efdff427739fb9,2906b810c7d4411798c6938adc9daaa5,408,,522.0,2.0,2,"['web', 'email', 'mobile']",10,7.0,discount,0,1
ba53b4bec7f3472ba8efdff427739fb9,9b98b8c7a33c4b65b9aebfe6a799e6d9,576,,594.0,5.0,5,"['web', 'email', 'mobile']",5,7.0,bogo,0,1
ba620885e51c4b0ea64a4f61daad494f,0b1e1539f2cc45b7b9fa7c272da2e1d7,336,,444.0,5.0,5,"['web', 'email']",20,10.0,discount,0,1
ba6af8ec6434444190775b4f4d2bc63d,0b1e1539f2cc45b7b9fa7c272da2e1d7,336,,372.0,5.0,5,"['web', 'email']",20,10.0,discount,0,1
ba82e615c0bb412da2b5ed5d46148b09,ae264e3637204a6fb9bb56bc8210ddfd,576,,708.0,10.0,10,"['email', 'mobile', 'social']",10,7.0,bogo,0,1
ba95c8b450ba4740bd815048c5045307,0b1e1539f2cc45b7b9fa7c272da2e1d7,576,,708.0,5.0,5,"['web', 'email']",20,10.0,discount,0,1
ba9fb3e4a7084361914c1647d871d27e,0b1e1539f2cc45b7b9fa7c272da2e1d7,408,,552.0,5.0,5,"['web', 'email']",20,10.0,discount,0,1
ba9fb3e4a7084361914c1647d871d27e,2906b810c7d4411798c6938adc9daaa5,576,,624.0,2.0,2,"['web', 'email', 'mobile']",10,7.0,discount,0,1
bb272cd4cac24fcc8f0168cfb5c6f063,9b98b8c7a33c4b65b9aebfe6a799e6d9,408,,510.0,5.0,5,"['web', 'email', 'mobile']",5,7.0,bogo,0,1
bb3e095a8e4f4b42a92a19f2d099b6ed,0b1e1539f2cc45b7b9fa7c272da2e1d7,0,,132.0,5.0,5,"['web', 'email']",20,10.0,discount,0,1
bb77ce209b4a4ca89349030aea4b949e,9b98b8c7a33c4b65b9aebfe6a799e6d9,408,,546.0,5.0,5,"['web', 'email', 'mobile']",5,7.0,bogo,0,1
bb7a712a2bd54274b5fc91d16b61ae7c,9b98b8c7a33c4b65b9aebfe6a799e6d9,408,,408.0,5.0,5,"['web', 'email', 'mobile']",5,7.0,bogo,0,1
bb8076bc030e4fd8a90798217906505f,2906b810c7d4411798c6938adc9daaa5,576,,606.0,2.0,2,"['web', 'email', 'mobile']",10,7.0,discount,0,1
bb8b3e8a1f05462e986af07001c9c179,0b1e1539f2cc45b7b9fa7c272da2e1d7,504,,510.0,5.0,5,"['web', 'email']",20,10.0,discount,0,1
bb99b6571467430a987004bca666c400,2906b810c7d4411798c6938adc9daaa5,0,,60.0,2.0,2,"['web', 'email', 'mobile']",10,7.0,discount,0,1
bb99b6571467430a987004bca666c400,9b98b8c7a33c4b65b9aebfe6a799e6d9,504,,522.0,5.0,5,"['web', 'email', 'mobile']",5,7.0,bogo,0,1
bb9b453f38d74d14b219caa1a6a3e4f5,ae264e3637204a6fb9bb56bc8210ddfd,504,,666.0,10.0,10,"['email', 'mobile', 'social']",10,7.0,bogo,0,1
bbdcf97a4eab4908a29c203ea8e133b6,0b1e1539f2cc45b7b9fa7c272da2e1d7,336,,378.0,5.0,5,"['web', 'email']",20,10.0,discount,0,1
bbdcf97a4eab4908a29c203ea8e133b6,2906b810c7d4411798c6938adc9daaa5,408,,486.0,2.0,2,"['web', 'email', 'mobile']",10,7.0,discount,0,1
bc0adc37f9ed446ea17b6dd30e1e88d7,2906b810c7d4411798c6938adc9daaa5,576,,654.0,2.0,2,"['web', 'email', 'mobile']",10,7.0,discount,0,1
bc0f4edf02b34c96b2a5b1fb30929db8,4d5c57ea9a6940dd891ad53e9dbe8da0,336,,456.0,10.0,10,"['web', 'email', 'mobile', 'social']",10,5.0,bogo,0,1
bc36862e6db048a6831b7707fc0a819d,9b98b8c7a33c4b65b9aebfe6a799e6d9,408,,468.0,5.0,5,"['web', 'email', 'mobile']",5,7.0,bogo,0,1
bc8244e584fb4f06a55201e47b9c4664,9b98b8c7a33c4b65b9aebfe6a799e6d9,504,,648.0,5.0,5,"['web', 'email', 'mobile']",5,7.0,bogo,0,1
bc8f94f7e220405393414f17b3fe25c5,0b1e1539f2cc45b7b9fa7c272da2e1d7,504,,522.0,5.0,5,"['web', 'email']",20,10.0,discount,0,1
bc9bab272ac24358b56a422e437553f4,0b1e1539f2cc45b7b9fa7c272da2e1d7,0,,198.0,5.0,5,"['web', 'email']",20,10.0,discount,0,1
bca3d652a04a43fb9b5b21b6b713f122,2906b810c7d4411798c6938adc9daaa5,504,,510.0,2.0,2,"['web', 'email', 'mobile']",10,7.0,discount,0,1
bcbd951fa30e4b22a3683e7a3e211f98,ae264e3637204a6fb9bb56bc8210ddfd,336,,372.0,10.0,10,"['email', 'mobile', 'social']",10,7.0,bogo,0,1
bcc8f75e473d4b8cbeb5fde033b14f6a,2906b810c7d4411798c6938adc9daaa5,408,,528.0,2.0,2,"['web', 'email', 'mobile']",10,7.0,discount,0,1
bcfac14454b94192af2fe4052dace8f2,2906b810c7d4411798c6938adc9daaa5,408,,504.0,2.0,2,"['web', 'email', 'mobile']",10,7.0,discount,0,1
bcfbadce76f34099a68a10adc7f86c3b,2298d6c36e964ae4a3e7e9706d1fb8c2,336,,468.0,3.0,3,"['web', 'email', 'mobile', 'social']",7,7.0,discount,0,1
bcfbadce76f34099a68a10adc7f86c3b,2906b810c7d4411798c6938adc9daaa5,504,,522.0,2.0,2,"['web', 'email', 'mobile']",10,7.0,discount,0,1
bd06525874e148689e502cda5623b25e,0b1e1539f2cc45b7b9fa7c272da2e1d7,336,,462.0,5.0,5,"['web', 'email']",20,10.0,discount,0,1
bd06e09d19d3444eacf13fb67a4a37b0,0b1e1539f2cc45b7b9fa7c272da2e1d7,168,,270.0,5.0,5,"['web', 'email']",20,10.0,discount,0,1
bd095a56876e4be1b2431b209ad9e5f7,f19421c1d4aa40978ebb69ca19b0e20d,504,,504.0,5.0,5,"['web', 'email', 'mobile', 'social']",5,5.0,bogo,0,1
bd25b3cfc15f4adb99a44daa2ef04b75,2906b810c7d4411798c6938adc9daaa5,168,,510.0,2.0,2,"['web', 'email', 'mobile']",10,7.0,discount,0,1
bd2ede5a3d4147118a6e72bf7d134153,2906b810c7d4411798c6938adc9daaa5,504,,516.0,2.0,2,"['web', 'email', 'mobile']",10,7.0,discount,0,1
bd56398238844f63bf73ebe02ad4733a,9b98b8c7a33c4b65b9aebfe6a799e6d9,168,,168.0,5.0,5,"['web', 'email', 'mobile']",5,7.0,bogo,0,1
bd5d8f38464e480c935c7ef2bc6b715d,9b98b8c7a33c4b65b9aebfe6a799e6d9,0,,60.0,5.0,5,"['web', 'email', 'mobile']",5,7.0,bogo,0,1
bd7528c4abbe4c4db28fa0b6a20e2c4c,2906b810c7d4411798c6938adc9daaa5,504,,630.0,2.0,2,"['web', 'email', 'mobile']",10,7.0,discount,0,1
bd777dba9c784ff8aa96c2a4531fba1f,9b98b8c7a33c4b65b9aebfe6a799e6d9,408,,534.0,5.0,5,"['web', 'email', 'mobile']",5,7.0,bogo,0,1
bd777dba9c784ff8aa96c2a4531fba1f,2906b810c7d4411798c6938adc9daaa5,504,,534.0,2.0,2,"['web', 'email', 'mobile']",10,7.0,discount,0,1
bd7b13b7520b4bd1aed39c026ebb9116,0b1e1539f2cc45b7b9fa7c272da2e1d7,0,,198.0,5.0,5,"['web', 'email']",20,10.0,discount,0,1
bd920b7b033d42fb9d97be92343a9aef,0b1e1539f2cc45b7b9fa7c272da2e1d7,0,,96.0,5.0,5,"['web', 'email']",20,10.0,discount,0,1
bd9dc3164de4400c93adbe2cba1501a4,2906b810c7d4411798c6938adc9daaa5,336,,468.0,2.0,2,"['web', 'email', 'mobile']",10,7.0,discount,0,1
bda16115506044a08dc1294153a51efb,ae264e3637204a6fb9bb56bc8210ddfd,408,,498.0,10.0,10,"['email', 'mobile', 'social']",10,7.0,bogo,0,1
bda8280eee0249cb9a4b282a993aaafd,0b1e1539f2cc45b7b9fa7c272da2e1d7,168,,180.0,5.0,5,"['web', 'email']",20,10.0,discount,0,1
bdc83aa918b94994a9a9d4b0b4623e21,0b1e1539f2cc45b7b9fa7c272da2e1d7,336,,534.0,5.0,5,"['web', 'email']",20,10.0,discount,0,1
bdcbab43c2f34ca2a6ae2251a27ff6a4,0b1e1539f2cc45b7b9fa7c272da2e1d7,408,,522.0,5.0,5,"['web', 'email']",20,10.0,discount,0,1
bdcf61ddb5c1438ca582b718e4a2eee4,9b98b8c7a33c4b65b9aebfe6a799e6d9,408,,408.0,5.0,5,"['web', 'email', 'mobile']",5,7.0,bogo,0,1
bde0a3c05d47454295564f8c9854eca1,2906b810c7d4411798c6938adc9daaa5,504,,588.0,2.0,2,"['web', 'email', 'mobile']",10,7.0,discount,0,1
bde1c2a5283f47cc9a3f932ec3338a31,9b98b8c7a33c4b65b9aebfe6a799e6d9,408,,438.0,5.0,5,"['web', 'email', 'mobile']",5,7.0,bogo,0,1
bde862d5e203492bacf656c8bddcead5,9b98b8c7a33c4b65b9aebfe6a799e6d9,336,,456.0,5.0,5,"['web', 'email', 'mobile']",5,7.0,bogo,0,1
bdf1c179bfe648408b5a4ffa074ec5f6,2906b810c7d4411798c6938adc9daaa5,336,,474.0,2.0,2,"['web', 'email', 'mobile']",10,7.0,discount,0,1
bdf1c179bfe648408b5a4ffa074ec5f6,4d5c57ea9a6940dd891ad53e9dbe8da0,408,,474.0,10.0,10,"['web', 'email', 'mobile', 'social']",10,5.0,bogo,0,1
bdf569412b3542459ee5de4a6e6e01c8,fafdcd668e3743c1bb461111dcafc2a4,576,,606.0,2.0,2,"['web', 'email', 'mobile', 'social']",10,10.0,discount,0,1
be0da26df72e417f81be20847a072002,9b98b8c7a33c4b65b9aebfe6a799e6d9,408,,552.0,5.0,5,"['web', 'email', 'mobile']",5,7.0,bogo,0,1
be1f25a62a5648f6bdc1887b5e5f365d,2906b810c7d4411798c6938adc9daaa5,576,,576.0,2.0,2,"['web', 'email', 'mobile']",10,7.0,discount,0,1
be2ac5f206804533a38fb637bf1cd733,fafdcd668e3743c1bb461111dcafc2a4,504,,540.0,2.0,2,"['web', 'email', 'mobile', 'social']",10,10.0,discount,0,1
be33fc21689342f2b90a00a1892433bf,9b98b8c7a33c4b65b9aebfe6a799e6d9,576,,672.0,5.0,5,"['web', 'email', 'mobile']",5,7.0,bogo,0,1
be429cad6b054990a4926ea40bf779df,9b98b8c7a33c4b65b9aebfe6a799e6d9,0,,300.0,5.0,5,"['web', 'email', 'mobile']",5,7.0,bogo,0,1
be4cba45cb714f5393cb009c434ffe00,9b98b8c7a33c4b65b9aebfe6a799e6d9,0,,120.0,5.0,5,"['web', 'email', 'mobile']",5,7.0,bogo,0,1
be4cba45cb714f5393cb009c434ffe00,2906b810c7d4411798c6938adc9daaa5,408,,492.0,2.0,2,"['web', 'email', 'mobile']",10,7.0,discount,0,1
be732af3a7064964adc6aba76a79913e,2906b810c7d4411798c6938adc9daaa5,336,,504.0,2.0,2,"['web', 'email', 'mobile']",10,7.0,discount,0,1
be79870ff776461d97e1aee515269644,0b1e1539f2cc45b7b9fa7c272da2e1d7,504,,600.0,5.0,5,"['web', 'email']",20,10.0,discount,0,1
be85e0f528c24ae9acae162d6a2bc832,9b98b8c7a33c4b65b9aebfe6a799e6d9,0,,30.0,5.0,5,"['web', 'email', 'mobile']",5,7.0,bogo,0,1
be8ba6989a9f4949b83ebf6e876490fb,0b1e1539f2cc45b7b9fa7c272da2e1d7,408,,498.0,5.0,5,"['web', 'email']",20,10.0,discount,0,1
be8ba6989a9f4949b83ebf6e876490fb,9b98b8c7a33c4b65b9aebfe6a799e6d9,576,,576.0,5.0,5,"['web', 'email', 'mobile']",5,7.0,bogo,0,1
bea7a8fa65284ef98edeeee7cb8abd53,0b1e1539f2cc45b7b9fa7c272da2e1d7,168,,408.0,5.0,5,"['web', 'email']",20,10.0,discount,0,1
bebdc3abc2044d1a9786c77d72d215c0,0b1e1539f2cc45b7b9fa7c272da2e1d7,408,,534.0,5.0,5,"['web', 'email']",20,10.0,discount,0,1
bec9d368f0a54822998cebebb6fb35ec,0b1e1539f2cc45b7b9fa7c272da2e1d7,336,,438.0,5.0,5,"['web', 'email']",20,10.0,discount,0,1
bec9d368f0a54822998cebebb6fb35ec,2906b810c7d4411798c6938adc9daaa5,576,,576.0,2.0,2,"['web', 'email', 'mobile']",10,7.0,discount,0,1
becf045d910a4676adc86bb2053165cf,ae264e3637204a6fb9bb56bc8210ddfd,336,,510.0,10.0,10,"['email', 'mobile', 'social']",10,7.0,bogo,0,1
becf045d910a4676adc86bb2053165cf,9b98b8c7a33c4b65b9aebfe6a799e6d9,408,,510.0,5.0,5,"['web', 'email', 'mobile']",5,7.0,bogo,0,1
bef8a2c10dc94924be031f3dda92c4cc,0b1e1539f2cc45b7b9fa7c272da2e1d7,0,,168.0,5.0,5,"['web', 'email']",20,10.0,discount,0,1
bf1b561379e04f6cb6c21901805c3c95,9b98b8c7a33c4b65b9aebfe6a799e6d9,168,,264.0,5.0,5,"['web', 'email', 'mobile']",5,7.0,bogo,0,1
bf2c086d4c4049289df1e0c8ea08f55c,9b98b8c7a33c4b65b9aebfe6a799e6d9,0,,156.0,5.0,5,"['web', 'email', 'mobile']",5,7.0,bogo,0,1
bf4468f2db1748669be0d33a8d87c6ed,ae264e3637204a6fb9bb56bc8210ddfd,504,,516.0,10.0,10,"['email', 'mobile', 'social']",10,7.0,bogo,0,1
bf4798648cf446e6b0e8d6ead888aacd,ae264e3637204a6fb9bb56bc8210ddfd,576,,582.0,10.0,10,"['email', 'mobile', 'social']",10,7.0,bogo,0,1
bf503781b2c448cdbc07ea351aaa3a48,2906b810c7d4411798c6938adc9daaa5,336,,498.0,2.0,2,"['web', 'email', 'mobile']",10,7.0,discount,0,1
bf5783772fee4f2ab126f07bf3be80f1,2906b810c7d4411798c6938adc9daaa5,408,,480.0,2.0,2,"['web', 'email', 'mobile']",10,7.0,discount,0,1
bf836d9e0ff34ac9a38230fe0f5e189f,2906b810c7d4411798c6938adc9daaa5,168,,318.0,2.0,2,"['web', 'email', 'mobile']",10,7.0,discount,0,1
bf836d9e0ff34ac9a38230fe0f5e189f,9b98b8c7a33c4b65b9aebfe6a799e6d9,504,,564.0,5.0,5,"['web', 'email', 'mobile']",5,7.0,bogo,0,1
bf93fed7206e4e14ae7e04abcb9b1445,2906b810c7d4411798c6938adc9daaa5,408,,498.0,2.0,2,"['web', 'email', 'mobile']",10,7.0,discount,0,1
bf95390fdcf84916b22cf441d1bf4e46,9b98b8c7a33c4b65b9aebfe6a799e6d9,408,,510.0,5.0,5,"['web', 'email', 'mobile']",5,7.0,bogo,0,1
bf95390fdcf84916b22cf441d1bf4e46,0b1e1539f2cc45b7b9fa7c272da2e1d7,576,,636.0,5.0,5,"['web', 'email']",20,10.0,discount,0,1
bfa0afc1cb2f43e3b3a69129c2e99cc1,0b1e1539f2cc45b7b9fa7c272da2e1d7,0,,108.0,5.0,5,"['web', 'email']",20,10.0,discount,0,1
bfa8002a0f824ca1a1a1ad81908dbdc3,9b98b8c7a33c4b65b9aebfe6a799e6d9,0,,336.0,5.0,5,"['web', 'email', 'mobile']",5,7.0,bogo,0,1
bfc1525360714de99826d7f5af0c0722,0b1e1539f2cc45b7b9fa7c272da2e1d7,336,,456.0,5.0,5,"['web', 'email']",20,10.0,discount,0,1
bfc1e0be52a141b5a89f3410d5f9eb37,9b98b8c7a33c4b65b9aebfe6a799e6d9,336,,366.0,5.0,5,"['web', 'email', 'mobile']",5,7.0,bogo,0,1
bfc1e0be52a141b5a89f3410d5f9eb37,ae264e3637204a6fb9bb56bc8210ddfd,504,,606.0,10.0,10,"['email', 'mobile', 'social']",10,7.0,bogo,0,1
bfd58ea4ca714cb3a762b088dcfe26f3,0b1e1539f2cc45b7b9fa7c272da2e1d7,576,,660.0,5.0,5,"['web', 'email']",20,10.0,discount,0,1
bfdcac73224e4f3d82f97944dfd1e124,9b98b8c7a33c4b65b9aebfe6a799e6d9,336,,426.0,5.0,5,"['web', 'email', 'mobile']",5,7.0,bogo,0,1
bfea1616533f4ca0971407dc5a63b7c7,f19421c1d4aa40978ebb69ca19b0e20d,0,,24.0,5.0,5,"['web', 'email', 'mobile', 'social']",5,5.0,bogo,0,1
c02340ed0fb4448b9a651f643fddac95,2906b810c7d4411798c6938adc9daaa5,576,,594.0,2.0,2,"['web', 'email', 'mobile']",10,7.0,discount,0,1
c03098114fd246dd99b694214ae9800a,9b98b8c7a33c4b65b9aebfe6a799e6d9,504,,582.0,5.0,5,"['web', 'email', 'mobile']",5,7.0,bogo,0,1
c04ea10d6cd44e68b60afbb7d7efdb01,9b98b8c7a33c4b65b9aebfe6a799e6d9,504,,528.0,5.0,5,"['web', 'email', 'mobile']",5,7.0,bogo,0,1
c059af92d5da4acb980fb8a8341ac69d,9b98b8c7a33c4b65b9aebfe6a799e6d9,336,,432.0,5.0,5,"['web', 'email', 'mobile']",5,7.0,bogo,0,1
c05efe90da0d4d2f9ea66f178e0534e9,9b98b8c7a33c4b65b9aebfe6a799e6d9,576,,642.0,5.0,5,"['web', 'email', 'mobile']",5,7.0,bogo,0,1
c098b26dfe904bb691d9c43c525ee279,0b1e1539f2cc45b7b9fa7c272da2e1d7,168,,168.0,5.0,5,"['web', 'email']",20,10.0,discount,0,1
c098b26dfe904bb691d9c43c525ee279,9b98b8c7a33c4b65b9aebfe6a799e6d9,408,,618.0,5.0,5,"['web', 'email', 'mobile']",5,7.0,bogo,0,1
c0f9e4bb1f3a4d30a34f5a835b2c97ea,9b98b8c7a33c4b65b9aebfe6a799e6d9,0,,48.0,5.0,5,"['web', 'email', 'mobile']",5,7.0,bogo,0,1
c10a9663c525488daae778bbf584906d,2906b810c7d4411798c6938adc9daaa5,408,,522.0,2.0,2,"['web', 'email', 'mobile']",10,7.0,discount,0,1
c10dcc31b83b419d8e577f4edad59600,0b1e1539f2cc45b7b9fa7c272da2e1d7,168,,240.0,5.0,5,"['web', 'email']",20,10.0,discount,0,1
c18f1cdfae78482aa7d67712d423c83e,2906b810c7d4411798c6938adc9daaa5,0,,144.0,2.0,2,"['web', 'email', 'mobile']",10,7.0,discount,0,1
c19ec36d877b4adfb6f33825924b14ca,fafdcd668e3743c1bb461111dcafc2a4,336,,336.0,2.0,2,"['web', 'email', 'mobile', 'social']",10,10.0,discount,0,1
c1a15659ad3b414ba2f27f6648463113,2906b810c7d4411798c6938adc9daaa5,336,,354.0,2.0,2,"['web', 'email', 'mobile']",10,7.0,discount,0,1
c1a15659ad3b414ba2f27f6648463113,4d5c57ea9a6940dd891ad53e9dbe8da0,504,,612.0,10.0,10,"['web', 'email', 'mobile', 'social']",10,5.0,bogo,0,1
c1a15659ad3b414ba2f27f6648463113,0b1e1539f2cc45b7b9fa7c272da2e1d7,576,,678.0,5.0,5,"['web', 'email']",20,10.0,discount,0,1
c1a9afa0a3af4be9829ed677873faea4,2906b810c7d4411798c6938adc9daaa5,168,,186.0,2.0,2,"['web', 'email', 'mobile']",10,7.0,discount,0,1
c1a9afa0a3af4be9829ed677873faea4,9b98b8c7a33c4b65b9aebfe6a799e6d9,336,,384.0,5.0,5,"['web', 'email', 'mobile']",5,7.0,bogo,0,1
c1be2d7ddff648ba80e1a27c7fc9bff8,0b1e1539f2cc45b7b9fa7c272da2e1d7,408,,534.0,5.0,5,"['web', 'email']",20,10.0,discount,0,1
c1c19469f3ad45c7abf9c1da01ee0b7a,9b98b8c7a33c4b65b9aebfe6a799e6d9,168,,570.0,5.0,5,"['web', 'email', 'mobile']",5,7.0,bogo,0,1
c1c19469f3ad45c7abf9c1da01ee0b7a,0b1e1539f2cc45b7b9fa7c272da2e1d7,336,,354.0,5.0,5,"['web', 'email']",20,10.0,discount,0,1
c1dc09fa7f5940a38c2f393f89cb4a50,2906b810c7d4411798c6938adc9daaa5,336,,498.0,2.0,2,"['web', 'email', 'mobile']",10,7.0,discount,0,1
c1e6f72a430044bd9ba700bd7266aba6,0b1e1539f2cc45b7b9fa7c272da2e1d7,0,,210.0,5.0,5,"['web', 'email']",20,10.0,discount,0,1
c1e96618c1e74fd192f8a5bb29b014f3,2906b810c7d4411798c6938adc9daaa5,408,,480.0,2.0,2,"['web', 'email', 'mobile']",10,7.0,discount,0,1
c1f57b2c8e13441bafc67d592db48dd3,9b98b8c7a33c4b65b9aebfe6a799e6d9,408,,468.0,5.0,5,"['web', 'email', 'mobile']",5,7.0,bogo,0,1
c1f7880040884f6dadc4c6a659a075a5,9b98b8c7a33c4b65b9aebfe6a799e6d9,336,,348.0,5.0,5,"['web', 'email', 'mobile']",5,7.0,bogo,0,1
c1f8cc626b7c4ae790288516a2e25419,0b1e1539f2cc45b7b9fa7c272da2e1d7,168,,306.0,5.0,5,"['web', 'email']",20,10.0,discount,0,1
c20c12448e8c41b1abfa7d00c8a34557,0b1e1539f2cc45b7b9fa7c272da2e1d7,336,,438.0,5.0,5,"['web', 'email']",20,10.0,discount,0,1
c21ef06eea844a35aa5eb778429cde21,9b98b8c7a33c4b65b9aebfe6a799e6d9,576,,624.0,5.0,5,"['web', 'email', 'mobile']",5,7.0,bogo,0,1
c23a03db51a744158609fedbb6221495,0b1e1539f2cc45b7b9fa7c272da2e1d7,0,,186.0,5.0,5,"['web', 'email']",20,10.0,discount,0,1
c249bfa89db240289392f1c30b7b7163,9b98b8c7a33c4b65b9aebfe6a799e6d9,504,,540.0,5.0,5,"['web', 'email', 'mobile']",5,7.0,bogo,0,1
c24f88fc54444d67ad961d2c43244644,ae264e3637204a6fb9bb56bc8210ddfd,336,,432.0,10.0,10,"['email', 'mobile', 'social']",10,7.0,bogo,0,1
c259c5ceb06440219fa381a1fbf4c337,2906b810c7d4411798c6938adc9daaa5,504,,588.0,2.0,2,"['web', 'email', 'mobile']",10,7.0,discount,0,1
c29e54c58d594bd9950cca15b2346a95,9b98b8c7a33c4b65b9aebfe6a799e6d9,408,,462.0,5.0,5,"['web', 'email', 'mobile']",5,7.0,bogo,0,1
c2a28822ad204e448297f85f0ecbcbd8,0b1e1539f2cc45b7b9fa7c272da2e1d7,336,,498.0,5.0,5,"['web', 'email']",20,10.0,discount,0,1
c2ad626e0bd7413299e7a7b8f10e121f,0b1e1539f2cc45b7b9fa7c272da2e1d7,336,,558.0,5.0,5,"['web', 'email']",20,10.0,discount,0,1
c2b271aa4c804b208107830bb5d22a66,0b1e1539f2cc45b7b9fa7c272da2e1d7,504,,648.0,5.0,5,"['web', 'email']",20,10.0,discount,0,1
c2bc9cc1972345da8d1ac71c83ae4b23,ae264e3637204a6fb9bb56bc8210ddfd,504,,636.0,10.0,10,"['email', 'mobile', 'social']",10,7.0,bogo,0,1
c2bc9cc1972345da8d1ac71c83ae4b23,9b98b8c7a33c4b65b9aebfe6a799e6d9,576,,636.0,5.0,5,"['web', 'email', 'mobile']",5,7.0,bogo,0,1
c2cd63d0bece42af87c63b6c03cad10e,9b98b8c7a33c4b65b9aebfe6a799e6d9,408,,534.0,5.0,5,"['web', 'email', 'mobile']",5,7.0,bogo,0,1
c2e9ec404105473abfaf7c2d69322bbd,2906b810c7d4411798c6938adc9daaa5,504,,540.0,2.0,2,"['web', 'email', 'mobile']",10,7.0,discount,0,1
c325c5e0684044d69ed99953fcd703ca,9b98b8c7a33c4b65b9aebfe6a799e6d9,576,,594.0,5.0,5,"['web', 'email', 'mobile']",5,7.0,bogo,0,1
c3294c3183f749f0a142aa95f288b454,0b1e1539f2cc45b7b9fa7c272da2e1d7,336,,462.0,5.0,5,"['web', 'email']",20,10.0,discount,0,1
c345c386e3464006ac093d6febea8b8e,0b1e1539f2cc45b7b9fa7c272da2e1d7,408,,450.0,5.0,5,"['web', 'email']",20,10.0,discount,0,1
c34eaeb9e68248c382e4483328bb9867,0b1e1539f2cc45b7b9fa7c272da2e1d7,168,,258.0,5.0,5,"['web', 'email']",20,10.0,discount,0,1
c351f19547574c92a69d01bca7d7ad6e,9b98b8c7a33c4b65b9aebfe6a799e6d9,168,,288.0,5.0,5,"['web', 'email', 'mobile']",5,7.0,bogo,0,1
c351f19547574c92a69d01bca7d7ad6e,0b1e1539f2cc45b7b9fa7c272da2e1d7,336,,480.0,5.0,5,"['web', 'email']",20,10.0,discount,0,1
c35b03c286fa44bea8a1739558a87d3f,2906b810c7d4411798c6938adc9daaa5,408,,474.0,2.0,2,"['web', 'email', 'mobile']",10,7.0,discount,0,1
c371dd2ed90b4d76ae983c12d6512aaa,2906b810c7d4411798c6938adc9daaa5,408,,420.0,2.0,2,"['web', 'email', 'mobile']",10,7.0,discount,0,1
c382ccba648a45b0bb55f3465df838aa,9b98b8c7a33c4b65b9aebfe6a799e6d9,504,,528.0,5.0,5,"['web', 'email', 'mobile']",5,7.0,bogo,0,1
c3844096da5e4e25a8d53a4164617b35,2906b810c7d4411798c6938adc9daaa5,0,,114.0,2.0,2,"['web', 'email', 'mobile']",10,7.0,discount,0,1
c3a629ef8f1644f1b681b74380082cb7,0b1e1539f2cc45b7b9fa7c272da2e1d7,336,,522.0,5.0,5,"['web', 'email']",20,10.0,discount,0,1
c3bade8299614e03a3f6e003a13a74d2,2298d6c36e964ae4a3e7e9706d1fb8c2,336,,336.0,3.0,3,"['web', 'email', 'mobile', 'social']",7,7.0,discount,0,1
c3c21c642efe414aa24a4cc8e8a76d20,0b1e1539f2cc45b7b9fa7c272da2e1d7,0,,174.0,5.0,5,"['web', 'email']",20,10.0,discount,0,1
c3c21c642efe414aa24a4cc8e8a76d20,2906b810c7d4411798c6938adc9daaa5,408,,426.0,2.0,2,"['web', 'email', 'mobile']",10,7.0,discount,0,1
c3d7053eff574ef99a732b5b7a1749ed,9b98b8c7a33c4b65b9aebfe6a799e6d9,408,,414.0,5.0,5,"['web', 'email', 'mobile']",5,7.0,bogo,0,1
c3e36389d78348d18458eafd6f35bc1c,9b98b8c7a33c4b65b9aebfe6a799e6d9,504,,582.0,5.0,5,"['web', 'email', 'mobile']",5,7.0,bogo,0,1
c3e3ad48eb344c469938136941735205,9b98b8c7a33c4b65b9aebfe6a799e6d9,408,,432.0,5.0,5,"['web', 'email', 'mobile']",5,7.0,bogo,0,1
c41bc07277c64e399bdf8acac16093a6,9b98b8c7a33c4b65b9aebfe6a799e6d9,408,,504.0,5.0,5,"['web', 'email', 'mobile']",5,7.0,bogo,0,1
c43b818111c64801ab07d0e3b9a01158,2906b810c7d4411798c6938adc9daaa5,504,,540.0,2.0,2,"['web', 'email', 'mobile']",10,7.0,discount,0,1
c43cc9ae7c0c4ca9b65460f7aa6dbf20,9b98b8c7a33c4b65b9aebfe6a799e6d9,336,,468.0,5.0,5,"['web', 'email', 'mobile']",5,7.0,bogo,0,1
c45c7bdc7db44272b886d6d2e465312d,2906b810c7d4411798c6938adc9daaa5,504,,516.0,2.0,2,"['web', 'email', 'mobile']",10,7.0,discount,0,1
c495a28d83cf4bddacdd6f43901f0c8e,0b1e1539f2cc45b7b9fa7c272da2e1d7,336,,528.0,5.0,5,"['web', 'email']",20,10.0,discount,0,1
c4c72c2014d042e080972f87df087516,9b98b8c7a33c4b65b9aebfe6a799e6d9,336,,624.0,5.0,5,"['web', 'email', 'mobile']",5,7.0,bogo,0,1
c4cc8a7a10fa402dae9508b47373117d,2906b810c7d4411798c6938adc9daaa5,336,,432.0,2.0,2,"['web', 'email', 'mobile']",10,7.0,discount,0,1
c4ccd694c25247fc82132a4a883bd1d1,ae264e3637204a6fb9bb56bc8210ddfd,336,,396.0,10.0,10,"['email', 'mobile', 'social']",10,7.0,bogo,0,1
c4cdf0fdcf6a4350a84e8cc15027cf9f,0b1e1539f2cc45b7b9fa7c272da2e1d7,168,,318.0,5.0,5,"['web', 'email']",20,10.0,discount,0,1
c4cdf0fdcf6a4350a84e8cc15027cf9f,2906b810c7d4411798c6938adc9daaa5,504,,558.0,2.0,2,"['web', 'email', 'mobile']",10,7.0,discount,0,1
c509fe1f9c464c4881d158f453491d23,2906b810c7d4411798c6938adc9daaa5,168,,234.0,2.0,2,"['web', 'email', 'mobile']",10,7.0,discount,0,1
c509fe1f9c464c4881d158f453491d23,9b98b8c7a33c4b65b9aebfe6a799e6d9,504,,660.0,5.0,5,"['web', 'email', 'mobile']",5,7.0,bogo,0,1
c53bcd0e22d84656a2016b86dfa81771,9b98b8c7a33c4b65b9aebfe6a799e6d9,336,,354.0,5.0,5,"['web', 'email', 'mobile']",5,7.0,bogo,0,1
c55582773fa24fb8a0e217851a2b23ae,2906b810c7d4411798c6938adc9daaa5,336,,456.0,2.0,2,"['web', 'email', 'mobile']",10,7.0,discount,0,1
c55e86a49b604577824d00be9739c62f,9b98b8c7a33c4b65b9aebfe6a799e6d9,0,,102.0,5.0,5,"['web', 'email', 'mobile']",5,7.0,bogo,0,1
c55e86a49b604577824d00be9739c62f,0b1e1539f2cc45b7b9fa7c272da2e1d7,336,,504.0,5.0,5,"['web', 'email']",20,10.0,discount,0,1
c55ef5e61c2b48a5a85f3163151eae9c,0b1e1539f2cc45b7b9fa7c272da2e1d7,0,,126.0,5.0,5,"['web', 'email']",20,10.0,discount,0,1
c55ef5e61c2b48a5a85f3163151eae9c,9b98b8c7a33c4b65b9aebfe6a799e6d9,504,,504.0,5.0,5,"['web', 'email', 'mobile']",5,7.0,bogo,0,1
c56f0935f02a47158c4d7792e3cee843,ae264e3637204a6fb9bb56bc8210ddfd,576,,576.0,10.0,10,"['email', 'mobile', 'social']",10,7.0,bogo,0,1
c57f72e84af04b689370ae51f9c0b723,0b1e1539f2cc45b7b9fa7c272da2e1d7,504,,636.0,5.0,5,"['web', 'email']",20,10.0,discount,0,1
c5809b646a4b48ec82424067ce2e639e,0b1e1539f2cc45b7b9fa7c272da2e1d7,576,,630.0,5.0,5,"['web', 'email']",20,10.0,discount,0,1
c5aefbc176c24b2d892c19155a5df84a,2906b810c7d4411798c6938adc9daaa5,0,,0.0,2.0,2,"['web', 'email', 'mobile']",10,7.0,discount,0,1
c5aefbc176c24b2d892c19155a5df84a,0b1e1539f2cc45b7b9fa7c272da2e1d7,168,,510.0,5.0,5,"['web', 'email']",20,10.0,discount,0,1
c5d34e98fc7d47178ac83de5cd174a58,9b98b8c7a33c4b65b9aebfe6a799e6d9,408,,504.0,5.0,5,"['web', 'email', 'mobile']",5,7.0,bogo,0,1
c61a35cfee194e49b192c5192bd12443,0b1e1539f2cc45b7b9fa7c272da2e1d7,408,,510.0,5.0,5,"['web', 'email']",20,10.0,discount,0,1
c625f19855bb4d0084861d2b6433c5da,ae264e3637204a6fb9bb56bc8210ddfd,408,,486.0,10.0,10,"['email', 'mobile', 'social']",10,7.0,bogo,0,1
c629b5f79c85480bbb7623536c2fca19,0b1e1539f2cc45b7b9fa7c272da2e1d7,0,,228.0,5.0,5,"['web', 'email']",20,10.0,discount,0,1
c63d0ac9e9eb4bfe8e4d043d71890729,ae264e3637204a6fb9bb56bc8210ddfd,336,,426.0,10.0,10,"['email', 'mobile', 'social']",10,7.0,bogo,0,1
c654023b451b49ce9ef04a8b56664a9c,0b1e1539f2cc45b7b9fa7c272da2e1d7,504,,594.0,5.0,5,"['web', 'email']",20,10.0,discount,0,1
c676b248358f48ac86a47d2fb190ffef,2906b810c7d4411798c6938adc9daaa5,168,,174.0,2.0,2,"['web', 'email', 'mobile']",10,7.0,discount,0,1
c67954e658564adc918c8d086f09082b,0b1e1539f2cc45b7b9fa7c272da2e1d7,408,,546.0,5.0,5,"['web', 'email']",20,10.0,discount,0,1
c67aa77af3ff45f4bb282eddd63fbddc,2906b810c7d4411798c6938adc9daaa5,504,,522.0,2.0,2,"['web', 'email', 'mobile']",10,7.0,discount,0,1
c68cee330a1b43b38c15b352a72215a6,9b98b8c7a33c4b65b9aebfe6a799e6d9,168,,258.0,5.0,5,"['web', 'email', 'mobile']",5,7.0,bogo,0,1
c6919440a74540db9e7bb7680821870c,0b1e1539f2cc45b7b9fa7c272da2e1d7,168,,360.0,5.0,5,"['web', 'email']",20,10.0,discount,0,1
c6a2cd4fdc104ea5896ac60300f6842d,9b98b8c7a33c4b65b9aebfe6a799e6d9,168,,174.0,5.0,5,"['web', 'email', 'mobile']",5,7.0,bogo,0,1
c6a5dadb37e54116a011cff0a1ac1e34,0b1e1539f2cc45b7b9fa7c272da2e1d7,408,,618.0,5.0,5,"['web', 'email']",20,10.0,discount,0,1
c6d055b079a94d5599f3bfaa7666c7e6,2906b810c7d4411798c6938adc9daaa5,336,,396.0,2.0,2,"['web', 'email', 'mobile']",10,7.0,discount,0,1
c6e6cc63d68b471993cd170a553d0dbf,0b1e1539f2cc45b7b9fa7c272da2e1d7,0,,132.0,5.0,5,"['web', 'email']",20,10.0,discount,0,1
c703a48f54fc4375940d6ae70ee5c003,2906b810c7d4411798c6938adc9daaa5,336,,372.0,2.0,2,"['web', 'email', 'mobile']",10,7.0,discount,0,1
c72a717cf45440cb826d00750befa3d7,2906b810c7d4411798c6938adc9daaa5,504,,522.0,2.0,2,"['web', 'email', 'mobile']",10,7.0,discount,0,1
c72a75cff4fa4576b91b3e355802b700,9b98b8c7a33c4b65b9aebfe6a799e6d9,576,,672.0,5.0,5,"['web', 'email', 'mobile']",5,7.0,bogo,0,1
c72d471dc4314ffdb062c0775e77a09d,9b98b8c7a33c4b65b9aebfe6a799e6d9,168,,318.0,5.0,5,"['web', 'email', 'mobile']",5,7.0,bogo,0,1
c736395b0ae041eb8797f4abd11f6144,2906b810c7d4411798c6938adc9daaa5,408,,522.0,2.0,2,"['web', 'email', 'mobile']",10,7.0,discount,0,1
c7398fd01efb4ba0b2901a06ca538348,2906b810c7d4411798c6938adc9daaa5,576,,594.0,2.0,2,"['web', 'email', 'mobile']",10,7.0,discount,0,1
c73b57a5d7044df8939cc8ff08b7a599,0b1e1539f2cc45b7b9fa7c272da2e1d7,504,,534.0,5.0,5,"['web', 'email']",20,10.0,discount,0,1
c7403905ee24419aa50a4f1815198e5e,f19421c1d4aa40978ebb69ca19b0e20d,408,,408.0,5.0,5,"['web', 'email', 'mobile', 'social']",5,5.0,bogo,0,1
c7432bfcf7284c078b0fbaeaad0a019f,9b98b8c7a33c4b65b9aebfe6a799e6d9,336,,342.0,5.0,5,"['web', 'email', 'mobile']",5,7.0,bogo,0,1
c7456a584a65425188c13311390e53c5,f19421c1d4aa40978ebb69ca19b0e20d,504,,504.0,5.0,5,"['web', 'email', 'mobile', 'social']",5,5.0,bogo,0,1
c747e03c39ae4641a778c99b71e12441,ae264e3637204a6fb9bb56bc8210ddfd,336,,348.0,10.0,10,"['email', 'mobile', 'social']",10,7.0,bogo,0,1
c75fbe55b5f4418c8b2a1b9b9d0d06c2,2906b810c7d4411798c6938adc9daaa5,408,,444.0,2.0,2,"['web', 'email', 'mobile']",10,7.0,discount,0,1
c76409fa00c74284bd50255c3b50d82f,9b98b8c7a33c4b65b9aebfe6a799e6d9,336,,372.0,5.0,5,"['web', 'email', 'mobile']",5,7.0,bogo,0,1
c773fe9f23f04e9ba2c70ad5e237c7db,2906b810c7d4411798c6938adc9daaa5,336,,486.0,2.0,2,"['web', 'email', 'mobile']",10,7.0,discount,0,1
c77f073996314357b57c8765e85d0a01,2906b810c7d4411798c6938adc9daaa5,336,,444.0,2.0,2,"['web', 'email', 'mobile']",10,7.0,discount,0,1
c79efd8eaae54659bd175e856b038474,9b98b8c7a33c4b65b9aebfe6a799e6d9,576,,582.0,5.0,5,"['web', 'email', 'mobile']",5,7.0,bogo,0,1
c7a18c63b4b34941a338c0c76eeb1e87,2906b810c7d4411798c6938adc9daaa5,336,,456.0,2.0,2,"['web', 'email', 'mobile']",10,7.0,discount,0,1
c7a5d7bab83a4d82a7f977b3d586f3d4,2906b810c7d4411798c6938adc9daaa5,408,,540.0,2.0,2,"['web', 'email', 'mobile']",10,7.0,discount,0,1
c7a80eb43de448f78606d6bb9aac9950,0b1e1539f2cc45b7b9fa7c272da2e1d7,168,,210.0,5.0,5,"['web', 'email']",20,10.0,discount,0,1
c7a80eb43de448f78606d6bb9aac9950,2906b810c7d4411798c6938adc9daaa5,408,,408.0,2.0,2,"['web', 'email', 'mobile']",10,7.0,discount,0,1
c7c10633e725437cbee376c8c57c8d11,2906b810c7d4411798c6938adc9daaa5,0,,132.0,2.0,2,"['web', 'email', 'mobile']",10,7.0,discount,0,1
c7c7c25b89bc43a79dfce16e7abda327,0b1e1539f2cc45b7b9fa7c272da2e1d7,408,,450.0,5.0,5,"['web', 'email']",20,10.0,discount,0,1
c7c7c87a97a04536b8c7f5a5e386935a,9b98b8c7a33c4b65b9aebfe6a799e6d9,168,,234.0,5.0,5,"['web', 'email', 'mobile']",5,7.0,bogo,0,1
c7cec6c18caa427f9f82c471ff792318,0b1e1539f2cc45b7b9fa7c272da2e1d7,408,,456.0,5.0,5,"['web', 'email']",20,10.0,discount,0,1
c7d7aa1b34dc4fdaa98d538e0e83a629,2906b810c7d4411798c6938adc9daaa5,0,,114.0,2.0,2,"['web', 'email', 'mobile']",10,7.0,discount,0,1
c7dcda945f694aebb2998919767acf31,2906b810c7d4411798c6938adc9daaa5,0,,438.0,2.0,2,"['web', 'email', 'mobile']",10,7.0,discount,0,1
c7edaee742a7448a908db3d81ea5e0c7,9b98b8c7a33c4b65b9aebfe6a799e6d9,336,,432.0,5.0,5,"['web', 'email', 'mobile']",5,7.0,bogo,0,1
c7f2086077db4e609473990c299df5ee,9b98b8c7a33c4b65b9aebfe6a799e6d9,336,,336.0,5.0,5,"['web', 'email', 'mobile']",5,7.0,bogo,0,1
c7f30804923d4edaa1c734d433b67e95,9b98b8c7a33c4b65b9aebfe6a799e6d9,336,,390.0,5.0,5,"['web', 'email', 'mobile']",5,7.0,bogo,0,1
c830751fd5de4453a105b0bd54aa070f,0b1e1539f2cc45b7b9fa7c272da2e1d7,408,,570.0,5.0,5,"['web', 'email']",20,10.0,discount,0,1
c84fe4915ef74c7f9e81b003d3ecf54c,9b98b8c7a33c4b65b9aebfe6a799e6d9,408,,444.0,5.0,5,"['web', 'email', 'mobile']",5,7.0,bogo,0,1
c854f458625c405c87adec777d6cbbbe,0b1e1539f2cc45b7b9fa7c272da2e1d7,408,,546.0,5.0,5,"['web', 'email']",20,10.0,discount,0,1
c85bfdb6d62e49bc834508be9b261928,9b98b8c7a33c4b65b9aebfe6a799e6d9,168,,186.0,5.0,5,"['web', 'email', 'mobile']",5,7.0,bogo,0,1
c86e089ef00b4edbb4382f80fb0d2e77,0b1e1539f2cc45b7b9fa7c272da2e1d7,168,,270.0,5.0,5,"['web', 'email']",20,10.0,discount,0,1
c86e089ef00b4edbb4382f80fb0d2e77,2298d6c36e964ae4a3e7e9706d1fb8c2,336,,372.0,3.0,3,"['web', 'email', 'mobile', 'social']",7,7.0,discount,0,1
c86e089ef00b4edbb4382f80fb0d2e77,2906b810c7d4411798c6938adc9daaa5,504,,510.0,2.0,2,"['web', 'email', 'mobile']",10,7.0,discount,0,1
c87b50fcdd4a4d2faacff6112243a8dd,2906b810c7d4411798c6938adc9daaa5,504,,504.0,2.0,2,"['web', 'email', 'mobile']",10,7.0,discount,0,1
c87f130483ac4d95bce58e5e96c2e0b5,2906b810c7d4411798c6938adc9daaa5,0,,72.0,2.0,2,"['web', 'email', 'mobile']",10,7.0,discount,0,1
c89fa9af11d74b4d8cee355d0871bd97,2906b810c7d4411798c6938adc9daaa5,168,,216.0,2.0,2,"['web', 'email', 'mobile']",10,7.0,discount,0,1
c8a71dc7d32c402e85e2eb3cbe0ad68a,0b1e1539f2cc45b7b9fa7c272da2e1d7,0,,408.0,5.0,5,"['web', 'email']",20,10.0,discount,0,1
c8aafc36f34249ac8a51cd7f6e3c94a0,2298d6c36e964ae4a3e7e9706d1fb8c2,408,,468.0,3.0,3,"['web', 'email', 'mobile', 'social']",7,7.0,discount,0,1
c8b16cc25eed4d27b5da91976b105a32,2906b810c7d4411798c6938adc9daaa5,408,,426.0,2.0,2,"['web', 'email', 'mobile']",10,7.0,discount,0,1
c8bd3632ce7b4f8f8ea2c10a8bd2c25c,0b1e1539f2cc45b7b9fa7c272da2e1d7,576,,654.0,5.0,5,"['web', 'email']",20,10.0,discount,0,1
c8f6b6d4decd48c1a81b6c8fcf567958,0b1e1539f2cc45b7b9fa7c272da2e1d7,0,,108.0,5.0,5,"['web', 'email']",20,10.0,discount,0,1
c904a6699db54225931ef82552f3f9ea,9b98b8c7a33c4b65b9aebfe6a799e6d9,408,,468.0,5.0,5,"['web', 'email', 'mobile']",5,7.0,bogo,0,1
c91e7cea9dad4b5c8b2f6167a6827201,ae264e3637204a6fb9bb56bc8210ddfd,576,,666.0,10.0,10,"['email', 'mobile', 'social']",10,7.0,bogo,0,1
c92c5f79a2804b4c8b0881e30afda881,9b98b8c7a33c4b65b9aebfe6a799e6d9,0,,498.0,5.0,5,"['web', 'email', 'mobile']",5,7.0,bogo,0,1
c93bf8f191f347b0bac4167e507b8a60,ae264e3637204a6fb9bb56bc8210ddfd,576,,600.0,10.0,10,"['email', 'mobile', 'social']",10,7.0,bogo,0,1
c93f9619abd642a684bd79953cef992c,0b1e1539f2cc45b7b9fa7c272da2e1d7,0,,114.0,5.0,5,"['web', 'email']",20,10.0,discount,0,1
c960b1aee1b34a359173d04a6af5c833,0b1e1539f2cc45b7b9fa7c272da2e1d7,336,,432.0,5.0,5,"['web', 'email']",20,10.0,discount,0,1
c997ff8618074ed9b5c1421ec762c4e7,ae264e3637204a6fb9bb56bc8210ddfd,168,,324.0,10.0,10,"['email', 'mobile', 'social']",10,7.0,bogo,0,1
c997ff8618074ed9b5c1421ec762c4e7,2906b810c7d4411798c6938adc9daaa5,408,,408.0,2.0,2,"['web', 'email', 'mobile']",10,7.0,discount,0,1
c9b534cdac834e5d9853828816300e57,0b1e1539f2cc45b7b9fa7c272da2e1d7,168,,270.0,5.0,5,"['web', 'email']",20,10.0,discount,0,1
c9b534cdac834e5d9853828816300e57,9b98b8c7a33c4b65b9aebfe6a799e6d9,336,,432.0,5.0,5,"['web', 'email', 'mobile']",5,7.0,bogo,0,1
c9bd645c89ff4a768f53ae84c48da8f7,9b98b8c7a33c4b65b9aebfe6a799e6d9,336,,390.0,5.0,5,"['web', 'email', 'mobile']",5,7.0,bogo,0,1
c9c1bdee4a0c40a08de73edc089effc0,f19421c1d4aa40978ebb69ca19b0e20d,504,,504.0,5.0,5,"['web', 'email', 'mobile', 'social']",5,5.0,bogo,0,1
c9e69ffd85e7421aa53b8cb7bafba100,9b98b8c7a33c4b65b9aebfe6a799e6d9,576,,678.0,5.0,5,"['web', 'email', 'mobile']",5,7.0,bogo,0,1
c9f052334bc340f386ae5fc7ae97e74f,ae264e3637204a6fb9bb56bc8210ddfd,576,,624.0,10.0,10,"['email', 'mobile', 'social']",10,7.0,bogo,0,1
c9f370a8d2cc4a6093fda4aa34525fe1,0b1e1539f2cc45b7b9fa7c272da2e1d7,336,,336.0,5.0,5,"['web', 'email']",20,10.0,discount,0,1
c9f85399ba1d493b86764cf1db917989,2906b810c7d4411798c6938adc9daaa5,168,,306.0,2.0,2,"['web', 'email', 'mobile']",10,7.0,discount,0,1
ca24acb9033e47ab9eed2814676d37f2,9b98b8c7a33c4b65b9aebfe6a799e6d9,408,,564.0,5.0,5,"['web', 'email', 'mobile']",5,7.0,bogo,0,1
ca265792e65949d79b2b0e91bdd31c57,0b1e1539f2cc45b7b9fa7c272da2e1d7,408,,594.0,5.0,5,"['web', 'email']",20,10.0,discount,0,1
ca4999d26e314cf6839ca5d941bfc85d,9b98b8c7a33c4b65b9aebfe6a799e6d9,336,,432.0,5.0,5,"['web', 'email', 'mobile']",5,7.0,bogo,0,1
ca715b3f17e24692b18f3cd90b9bf232,0b1e1539f2cc45b7b9fa7c272da2e1d7,0,,96.0,5.0,5,"['web', 'email']",20,10.0,discount,0,1
ca79af95af5f48d7b907bd96faf98594,2906b810c7d4411798c6938adc9daaa5,408,,408.0,2.0,2,"['web', 'email', 'mobile']",10,7.0,discount,0,1
ca7bb6b5974c44c0a6de4cc8c1c53cd8,0b1e1539f2cc45b7b9fa7c272da2e1d7,336,,528.0,5.0,5,"['web', 'email']",20,10.0,discount,0,1
ca93d6bdd8ab4cbba95c072fe17c44e9,2298d6c36e964ae4a3e7e9706d1fb8c2,336,,372.0,3.0,3,"['web', 'email', 'mobile', 'social']",7,7.0,discount,0,1
ca9555b11b7c4ca7ae27dda509570ef3,2906b810c7d4411798c6938adc9daaa5,336,,414.0,2.0,2,"['web', 'email', 'mobile']",10,7.0,discount,0,1
caa1a423aa8a43a9bce4efe637f029dd,9b98b8c7a33c4b65b9aebfe6a799e6d9,0,,72.0,5.0,5,"['web', 'email', 'mobile']",5,7.0,bogo,0,1
caad2d7ff50c4ccebbfe61ccb6ef9998,9b98b8c7a33c4b65b9aebfe6a799e6d9,0,,72.0,5.0,5,"['web', 'email', 'mobile']",5,7.0,bogo,0,1
cabe4c65156b43039a30511ec6bfdfae,2298d6c36e964ae4a3e7e9706d1fb8c2,504,,510.0,3.0,3,"['web', 'email', 'mobile', 'social']",7,7.0,discount,0,1
cb181f5812ac40e8baed53bbbb8d3d12,0b1e1539f2cc45b7b9fa7c272da2e1d7,336,,546.0,5.0,5,"['web', 'email']",20,10.0,discount,0,1
cb1e075f874b488a81995ea4dc3e12fe,9b98b8c7a33c4b65b9aebfe6a799e6d9,576,,576.0,5.0,5,"['web', 'email', 'mobile']",5,7.0,bogo,0,1
cb23b66c56f64b109d673d5e56574529,2906b810c7d4411798c6938adc9daaa5,0,,156.0,2.0,2,"['web', 'email', 'mobile']",10,7.0,discount,0,1
cb2df85889c04540a582b6641ab56622,fafdcd668e3743c1bb461111dcafc2a4,408,,474.0,2.0,2,"['web', 'email', 'mobile', 'social']",10,10.0,discount,0,1
cb451cfac44245aaa4fd0bb64602e07d,0b1e1539f2cc45b7b9fa7c272da2e1d7,336,,396.0,5.0,5,"['web', 'email']",20,10.0,discount,0,1
cb45be0c399a4b4fa13dda5c89c442f4,0b1e1539f2cc45b7b9fa7c272da2e1d7,504,,672.0,5.0,5,"['web', 'email']",20,10.0,discount,0,1
cb46664d4630403cb73b959c15258930,2906b810c7d4411798c6938adc9daaa5,576,,690.0,2.0,2,"['web', 'email', 'mobile']",10,7.0,discount,0,1
cb4a0508e95e41b8a57c59d69a20f06d,0b1e1539f2cc45b7b9fa7c272da2e1d7,408,,618.0,5.0,5,"['web', 'email']",20,10.0,discount,0,1
cb52720b765541b39caa1b7401efcb6e,9b98b8c7a33c4b65b9aebfe6a799e6d9,504,,582.0,5.0,5,"['web', 'email', 'mobile']",5,7.0,bogo,0,1
cb55460bf6ac4dc8b4c48623f061544c,2906b810c7d4411798c6938adc9daaa5,504,,612.0,2.0,2,"['web', 'email', 'mobile']",10,7.0,discount,0,1
cb55460bf6ac4dc8b4c48623f061544c,9b98b8c7a33c4b65b9aebfe6a799e6d9,576,,612.0,5.0,5,"['web', 'email', 'mobile']",5,7.0,bogo,0,1
cb576b0ddc484c00afd56feb4fb63900,0b1e1539f2cc45b7b9fa7c272da2e1d7,408,,408.0,5.0,5,"['web', 'email']",20,10.0,discount,0,1
cb9a02105ed948fc8f7e45f934e56c79,0b1e1539f2cc45b7b9fa7c272da2e1d7,504,,582.0,5.0,5,"['web', 'email']",20,10.0,discount,0,1
cbabc68837524896880e4fbd8c6b1c34,9b98b8c7a33c4b65b9aebfe6a799e6d9,504,,582.0,5.0,5,"['web', 'email', 'mobile']",5,7.0,bogo,0,1
cbae907907b740f5a26e9a63fc39facb,0b1e1539f2cc45b7b9fa7c272da2e1d7,504,,690.0,5.0,5,"['web', 'email']",20,10.0,discount,0,1
cc1799daea854f6ab213987868322e76,2906b810c7d4411798c6938adc9daaa5,504,,624.0,2.0,2,"['web', 'email', 'mobile']",10,7.0,discount,0,1
cc1931f58c9e4b46b6efae7a97e2305b,ae264e3637204a6fb9bb56bc8210ddfd,336,,498.0,10.0,10,"['email', 'mobile', 'social']",10,7.0,bogo,0,1
cc24efb5c92b4bf3a7496b14d5c4e2e2,0b1e1539f2cc45b7b9fa7c272da2e1d7,504,,582.0,5.0,5,"['web', 'email']",20,10.0,discount,0,1
cc24efb5c92b4bf3a7496b14d5c4e2e2,2906b810c7d4411798c6938adc9daaa5,576,,582.0,2.0,2,"['web', 'email', 'mobile']",10,7.0,discount,0,1
cc3ad71378a240a0841158e9aefe046e,0b1e1539f2cc45b7b9fa7c272da2e1d7,408,,510.0,5.0,5,"['web', 'email']",20,10.0,discount,0,1
cc3c53d1212c42d99bcb4a1f016239e3,9b98b8c7a33c4b65b9aebfe6a799e6d9,0,,78.0,5.0,5,"['web', 'email', 'mobile']",5,7.0,bogo,0,1
cc3f80ea78da4d6085c8e90be8c67f47,0b1e1539f2cc45b7b9fa7c272da2e1d7,504,,582.0,5.0,5,"['web', 'email']",20,10.0,discount,0,1
cc40aaa447054294a86c75d79881e35a,2906b810c7d4411798c6938adc9daaa5,0,,12.0,2.0,2,"['web', 'email', 'mobile']",10,7.0,discount,0,1
cc4e9e91ab4f4964a34882c87b68d632,9b98b8c7a33c4b65b9aebfe6a799e6d9,0,,60.0,5.0,5,"['web', 'email', 'mobile']",5,7.0,bogo,0,1
cc4e9e91ab4f4964a34882c87b68d632,2906b810c7d4411798c6938adc9daaa5,408,,414.0,2.0,2,"['web', 'email', 'mobile']",10,7.0,discount,0,1
cc4f91c73dec40f0b86d5a78185e22f4,2906b810c7d4411798c6938adc9daaa5,336,,468.0,2.0,2,"['web', 'email', 'mobile']",10,7.0,discount,0,1
cc4f91c73dec40f0b86d5a78185e22f4,0b1e1539f2cc45b7b9fa7c272da2e1d7,504,,516.0,5.0,5,"['web', 'email']",20,10.0,discount,0,1
cc5ba93c23fe4e4eae16398c03d6825c,0b1e1539f2cc45b7b9fa7c272da2e1d7,168,,216.0,5.0,5,"['web', 'email']",20,10.0,discount,0,1
cc5eda544a34426db4b327faf64defa5,9b98b8c7a33c4b65b9aebfe6a799e6d9,336,,438.0,5.0,5,"['web', 'email', 'mobile']",5,7.0,bogo,0,1
cc71b85ec36d43dfabafede2e142fc9e,2906b810c7d4411798c6938adc9daaa5,408,,510.0,2.0,2,"['web', 'email', 'mobile']",10,7.0,discount,0,1
cc71b85ec36d43dfabafede2e142fc9e,0b1e1539f2cc45b7b9fa7c272da2e1d7,504,,510.0,5.0,5,"['web', 'email']",20,10.0,discount,0,1
cc79b9f0e46840418fd61600a449e2d4,0b1e1539f2cc45b7b9fa7c272da2e1d7,168,,312.0,5.0,5,"['web', 'email']",20,10.0,discount,0,1
cc80480892f04ee0acabe628560965db,2906b810c7d4411798c6938adc9daaa5,408,,510.0,2.0,2,"['web', 'email', 'mobile']",10,7.0,discount,0,1
cc847671426a4b0a98c29a0aa48f8e18,0b1e1539f2cc45b7b9fa7c272da2e1d7,0,,96.0,5.0,5,"['web', 'email']",20,10.0,discount,0,1
cc847671426a4b0a98c29a0aa48f8e18,9b98b8c7a33c4b65b9aebfe6a799e6d9,576,,624.0,5.0,5,"['web', 'email', 'mobile']",5,7.0,bogo,0,1
cc960175c81742beaaa1b7d57362e1a0,9b98b8c7a33c4b65b9aebfe6a799e6d9,336,,366.0,5.0,5,"['web', 'email', 'mobile']",5,7.0,bogo,0,1
cc960175c81742beaaa1b7d57362e1a0,0b1e1539f2cc45b7b9fa7c272da2e1d7,504,,624.0,5.0,5,"['web', 'email']",20,10.0,discount,0,1
ccbb447a19e04f7fa7a36dae6991b736,0b1e1539f2cc45b7b9fa7c272da2e1d7,168,,192.0,5.0,5,"['web', 'email']",20,10.0,discount,0,1
ccca0c2ebba147a6a37e37bee03b5d63,0b1e1539f2cc45b7b9fa7c272da2e1d7,0,,78.0,5.0,5,"['web', 'email']",20,10.0,discount,0,1
cced1422fef84ad7b1cbeedbd96b28aa,9b98b8c7a33c4b65b9aebfe6a799e6d9,0,,102.0,5.0,5,"['web', 'email', 'mobile']",5,7.0,bogo,0,1
ccfc5113eb5045639709024000f346ab,2906b810c7d4411798c6938adc9daaa5,408,,582.0,2.0,2,"['web', 'email', 'mobile']",10,7.0,discount,0,1
cd0a6a3aca98454eb468158e2c6135fc,9b98b8c7a33c4b65b9aebfe6a799e6d9,168,,228.0,5.0,5,"['web', 'email', 'mobile']",5,7.0,bogo,0,1
cd8528f0605e4353831185492f547598,2906b810c7d4411798c6938adc9daaa5,408,,414.0,2.0,2,"['web', 'email', 'mobile']",10,7.0,discount,0,1
cdd99aa76e7546ac91112dd36cf7455b,9b98b8c7a33c4b65b9aebfe6a799e6d9,0,,60.0,5.0,5,"['web', 'email', 'mobile']",5,7.0,bogo,0,1
cdd99aa76e7546ac91112dd36cf7455b,0b1e1539f2cc45b7b9fa7c272da2e1d7,576,,582.0,5.0,5,"['web', 'email']",20,10.0,discount,0,1
ce00548e34ef41ec93e4fbbe6a05d05c,9b98b8c7a33c4b65b9aebfe6a799e6d9,0,,0.0,5.0,5,"['web', 'email', 'mobile']",5,7.0,bogo,0,1
ce00548e34ef41ec93e4fbbe6a05d05c,2906b810c7d4411798c6938adc9daaa5,576,,630.0,2.0,2,"['web', 'email', 'mobile']",10,7.0,discount,0,1
ce15a44d0b544b788e4b8c553a8829d8,9b98b8c7a33c4b65b9aebfe6a799e6d9,336,,360.0,5.0,5,"['web', 'email', 'mobile']",5,7.0,bogo,0,1
ce17a75119064a1ebd8b057478f78860,0b1e1539f2cc45b7b9fa7c272da2e1d7,336,,540.0,5.0,5,"['web', 'email']",20,10.0,discount,0,1
ce235b5491eb4a21857a5de3355a310b,2906b810c7d4411798c6938adc9daaa5,408,,528.0,2.0,2,"['web', 'email', 'mobile']",10,7.0,discount,0,1
ce41b96c7ef1426b929b4f6c494cd5bd,9b98b8c7a33c4b65b9aebfe6a799e6d9,336,,456.0,5.0,5,"['web', 'email', 'mobile']",5,7.0,bogo,0,1
ce537cf8e64f4bdc96525b06631fb5ae,9b98b8c7a33c4b65b9aebfe6a799e6d9,168,,168.0,5.0,5,"['web', 'email', 'mobile']",5,7.0,bogo,0,1
ce6ad7845b3a4a5bba209f38e1626d3a,9b98b8c7a33c4b65b9aebfe6a799e6d9,0,,138.0,5.0,5,"['web', 'email', 'mobile']",5,7.0,bogo,0,1
ce6ad7845b3a4a5bba209f38e1626d3a,2906b810c7d4411798c6938adc9daaa5,168,,258.0,2.0,2,"['web', 'email', 'mobile']",10,7.0,discount,0,1
ce7b0369407048368378fb87114b4416,2906b810c7d4411798c6938adc9daaa5,336,,432.0,2.0,2,"['web', 'email', 'mobile']",10,7.0,discount,0,1
ce7b0369407048368378fb87114b4416,0b1e1539f2cc45b7b9fa7c272da2e1d7,408,,432.0,5.0,5,"['web', 'email']",20,10.0,discount,0,1
ce8b82092e674393ba1c9a03f30d4551,9b98b8c7a33c4b65b9aebfe6a799e6d9,576,,690.0,5.0,5,"['web', 'email', 'mobile']",5,7.0,bogo,0,1
ce92049bad964839982c973c5013fbb8,9b98b8c7a33c4b65b9aebfe6a799e6d9,576,,630.0,5.0,5,"['web', 'email', 'mobile']",5,7.0,bogo,0,1
ceb84b3f2d67491486ddd9c0295c382c,0b1e1539f2cc45b7b9fa7c272da2e1d7,168,,276.0,5.0,5,"['web', 'email']",20,10.0,discount,0,1
cec067fa177d430ebb43dd6a179ab987,9b98b8c7a33c4b65b9aebfe6a799e6d9,576,,660.0,5.0,5,"['web', 'email', 'mobile']",5,7.0,bogo,0,1
cec1d23a78844da4bd75d65280e10716,f19421c1d4aa40978ebb69ca19b0e20d,336,,354.0,5.0,5,"['web', 'email', 'mobile', 'social']",5,5.0,bogo,0,1
ced3380d8a334054ab0f389572485292,0b1e1539f2cc45b7b9fa7c272da2e1d7,504,,684.0,5.0,5,"['web', 'email']",20,10.0,discount,0,1
cee27a03210442beb675e76a01c935c4,9b98b8c7a33c4b65b9aebfe6a799e6d9,168,,318.0,5.0,5,"['web', 'email', 'mobile']",5,7.0,bogo,0,1
cef16ae4af0347b0970481285954a0b1,2906b810c7d4411798c6938adc9daaa5,576,,576.0,2.0,2,"['web', 'email', 'mobile']",10,7.0,discount,0,1
cf03e26617e3435ca8b44e80b38cf110,9b98b8c7a33c4b65b9aebfe6a799e6d9,408,,636.0,5.0,5,"['web', 'email', 'mobile']",5,7.0,bogo,0,1
cf3bd0d77cdc487fb6a46a636b9e36ab,0b1e1539f2cc45b7b9fa7c272da2e1d7,168,,228.0,5.0,5,"['web', 'email']",20,10.0,discount,0,1
cf4ca217c4ab4a90bee7e110383d5d0b,9b98b8c7a33c4b65b9aebfe6a799e6d9,408,,450.0,5.0,5,"['web', 'email', 'mobile']",5,7.0,bogo,0,1
cf4ca217c4ab4a90bee7e110383d5d0b,0b1e1539f2cc45b7b9fa7c272da2e1d7,504,,672.0,5.0,5,"['web', 'email']",20,10.0,discount,0,1
cf6b9d5cec40472eb455cea78fa4a94d,2906b810c7d4411798c6938adc9daaa5,576,,690.0,2.0,2,"['web', 'email', 'mobile']",10,7.0,discount,0,1
cf8dc5cf3dc84f6483f1fbf842c4d207,0b1e1539f2cc45b7b9fa7c272da2e1d7,504,,510.0,5.0,5,"['web', 'email']",20,10.0,discount,0,1
cf9c65efdfcd479dae3bb780f4b4ab49,9b98b8c7a33c4b65b9aebfe6a799e6d9,408,,522.0,5.0,5,"['web', 'email', 'mobile']",5,7.0,bogo,0,1
cfd66def1f3c4050a1d7dfd3f928cd44,4d5c57ea9a6940dd891ad53e9dbe8da0,504,,564.0,10.0,10,"['web', 'email', 'mobile', 'social']",10,5.0,bogo,0,1
cfdecbfe6add44598f60aed46e1f1e79,0b1e1539f2cc45b7b9fa7c272da2e1d7,504,,624.0,5.0,5,"['web', 'email']",20,10.0,discount,0,1
cffaf5d3a58a4dacbf3e43d2ea85cef4,9b98b8c7a33c4b65b9aebfe6a799e6d9,336,,408.0,5.0,5,"['web', 'email', 'mobile']",5,7.0,bogo,0,1
cffd46a4ad444357a62f3929cd07a072,2906b810c7d4411798c6938adc9daaa5,0,,54.0,2.0,2,"['web', 'email', 'mobile']",10,7.0,discount,0,1
d00beaf31d7d4811a9f9be1556c2070d,9b98b8c7a33c4b65b9aebfe6a799e6d9,408,,510.0,5.0,5,"['web', 'email', 'mobile']",5,7.0,bogo,0,1
d016152dbf9149b68a6b6657189a2bab,0b1e1539f2cc45b7b9fa7c272da2e1d7,504,,576.0,5.0,5,"['web', 'email']",20,10.0,discount,0,1
d0227d0bb2b147dd877d1a373226537b,ae264e3637204a6fb9bb56bc8210ddfd,336,,474.0,10.0,10,"['email', 'mobile', 'social']",10,7.0,bogo,0,1
d0227d0bb2b147dd877d1a373226537b,9b98b8c7a33c4b65b9aebfe6a799e6d9,504,,510.0,5.0,5,"['web', 'email', 'mobile']",5,7.0,bogo,0,1
d0227d0bb2b147dd877d1a373226537b,2906b810c7d4411798c6938adc9daaa5,576,,684.0,2.0,2,"['web', 'email', 'mobile']",10,7.0,discount,0,1
d0364573196344df9de76b5a5ddbf6bc,2906b810c7d4411798c6938adc9daaa5,504,,672.0,2.0,2,"['web', 'email', 'mobile']",10,7.0,discount,0,1
d0369fdd1624460fbfc81ca4b3d2f3ad,9b98b8c7a33c4b65b9aebfe6a799e6d9,336,,570.0,5.0,5,"['web', 'email', 'mobile']",5,7.0,bogo,0,1
d04e831525064891a554847efa349fd8,2298d6c36e964ae4a3e7e9706d1fb8c2,0,,114.0,3.0,3,"['web', 'email', 'mobile', 'social']",7,7.0,discount,0,1
d0540651808d4cf298641de8d87b61df,9b98b8c7a33c4b65b9aebfe6a799e6d9,408,,576.0,5.0,5,"['web', 'email', 'mobile']",5,7.0,bogo,0,1
d0545018234e4ca6a34b2ed6e5d833a5,9b98b8c7a33c4b65b9aebfe6a799e6d9,408,,468.0,5.0,5,"['web', 'email', 'mobile']",5,7.0,bogo,0,1
d072aff43dfc4d64a572e871c1872ddb,2906b810c7d4411798c6938adc9daaa5,336,,438.0,2.0,2,"['web', 'email', 'mobile']",10,7.0,discount,0,1
d0730c86e9f34da1a8d458c28ab5bd49,fafdcd668e3743c1bb461111dcafc2a4,504,,582.0,2.0,2,"['web', 'email', 'mobile', 'social']",10,10.0,discount,0,1
d085b1cf47e54595b39e1564b57bdc13,ae264e3637204a6fb9bb56bc8210ddfd,408,,576.0,10.0,10,"['email', 'mobile', 'social']",10,7.0,bogo,0,1
d085b1cf47e54595b39e1564b57bdc13,0b1e1539f2cc45b7b9fa7c272da2e1d7,504,,576.0,5.0,5,"['web', 'email']",20,10.0,discount,0,1
d087c473b4d247ccb0abfef59ba12b0e,0b1e1539f2cc45b7b9fa7c272da2e1d7,408,,438.0,5.0,5,"['web', 'email']",20,10.0,discount,0,1
d0b518c8bc034ea2a2ac83e34e55be97,0b1e1539f2cc45b7b9fa7c272da2e1d7,168,,270.0,5.0,5,"['web', 'email']",20,10.0,discount,0,1
d0b9eaeac7c045fa998a14371d30cb23,9b98b8c7a33c4b65b9aebfe6a799e6d9,0,,90.0,5.0,5,"['web', 'email', 'mobile']",5,7.0,bogo,0,1
d0b9eaeac7c045fa998a14371d30cb23,0b1e1539f2cc45b7b9fa7c272da2e1d7,336,,468.0,5.0,5,"['web', 'email']",20,10.0,discount,0,1
d0bca8f00b4b47228080ec87095d4ae4,0b1e1539f2cc45b7b9fa7c272da2e1d7,408,,444.0,5.0,5,"['web', 'email']",20,10.0,discount,0,1
d0bf2b919ce74f68a939255a73244fd7,0b1e1539f2cc45b7b9fa7c272da2e1d7,336,,408.0,5.0,5,"['web', 'email']",20,10.0,discount,0,1
d0bfe54648ac488093c9f3498d0185d4,0b1e1539f2cc45b7b9fa7c272da2e1d7,504,,606.0,5.0,5,"['web', 'email']",20,10.0,discount,0,1
d0c9c4785bf34d839b31485a37bf25ca,9b98b8c7a33c4b65b9aebfe6a799e6d9,576,,600.0,5.0,5,"['web', 'email', 'mobile']",5,7.0,bogo,0,1
d0ca8c271d754b7b9c565443d676d61f,2906b810c7d4411798c6938adc9daaa5,336,,432.0,2.0,2,"['web', 'email', 'mobile']",10,7.0,discount,0,1
d0dcec4372ca4c88955ba0ef011a8e86,2906b810c7d4411798c6938adc9daaa5,408,,486.0,2.0,2,"['web', 'email', 'mobile']",10,7.0,discount,0,1
d0e43d2aa85648a6b84ab731105bc2b5,0b1e1539f2cc45b7b9fa7c272da2e1d7,408,,630.0,5.0,5,"['web', 'email']",20,10.0,discount,0,1
d0e43d2aa85648a6b84ab731105bc2b5,9b98b8c7a33c4b65b9aebfe6a799e6d9,504,,576.0,5.0,5,"['web', 'email', 'mobile']",5,7.0,bogo,0,1
d0ef0a78fe33476db4032b3282f445cb,9b98b8c7a33c4b65b9aebfe6a799e6d9,168,,210.0,5.0,5,"['web', 'email', 'mobile']",5,7.0,bogo,0,1
d0faf95a267f4a25a83feb072f1449f2,2906b810c7d4411798c6938adc9daaa5,0,,132.0,2.0,2,"['web', 'email', 'mobile']",10,7.0,discount,0,1
d0faf95a267f4a25a83feb072f1449f2,0b1e1539f2cc45b7b9fa7c272da2e1d7,408,,420.0,5.0,5,"['web', 'email']",20,10.0,discount,0,1
d10277f323d04d989cd9c060cd236f72,9b98b8c7a33c4b65b9aebfe6a799e6d9,504,,516.0,5.0,5,"['web', 'email', 'mobile']",5,7.0,bogo,0,1
d105c60598cd410eab1e21e59c3fc613,0b1e1539f2cc45b7b9fa7c272da2e1d7,408,,630.0,5.0,5,"['web', 'email']",20,10.0,discount,0,1
d10c2674404040778c0bf927ef316082,0b1e1539f2cc45b7b9fa7c272da2e1d7,504,,678.0,5.0,5,"['web', 'email']",20,10.0,discount,0,1
d1221180e99a46acb2841673afd34c5e,2906b810c7d4411798c6938adc9daaa5,336,,456.0,2.0,2,"['web', 'email', 'mobile']",10,7.0,discount,0,1
d125605ab1244b8fba57840cbe095f81,0b1e1539f2cc45b7b9fa7c272da2e1d7,168,,348.0,5.0,5,"['web', 'email']",20,10.0,discount,0,1
d1330d5ce5e742d9826a79d574df3172,0b1e1539f2cc45b7b9fa7c272da2e1d7,576,,594.0,5.0,5,"['web', 'email']",20,10.0,discount,0,1
d1485166e0f44d2f8be9ee8c4a06a026,ae264e3637204a6fb9bb56bc8210ddfd,408,,438.0,10.0,10,"['email', 'mobile', 'social']",10,7.0,bogo,0,1
d149f51e147f4a6fb2c2afb3910e0ffb,9b98b8c7a33c4b65b9aebfe6a799e6d9,504,,564.0,5.0,5,"['web', 'email', 'mobile']",5,7.0,bogo,0,1
d15e46c18322472ab7e3dfbc2951aefa,9b98b8c7a33c4b65b9aebfe6a799e6d9,336,,438.0,5.0,5,"['web', 'email', 'mobile']",5,7.0,bogo,0,1
d15e46c18322472ab7e3dfbc2951aefa,2906b810c7d4411798c6938adc9daaa5,408,,438.0,2.0,2,"['web', 'email', 'mobile']",10,7.0,discount,0,1
d16c6242ffe54e038b26bb71d70c6e5a,0b1e1539f2cc45b7b9fa7c272da2e1d7,408,,444.0,5.0,5,"['web', 'email']",20,10.0,discount,0,1
d170407600ce4c62bda7abe6e271714f,0b1e1539f2cc45b7b9fa7c272da2e1d7,504,,552.0,5.0,5,"['web', 'email']",20,10.0,discount,0,1
d1880d57e8734ae7b9dbafa2cb464e9b,9b98b8c7a33c4b65b9aebfe6a799e6d9,168,,186.0,5.0,5,"['web', 'email', 'mobile']",5,7.0,bogo,0,1
d18d4dffd7324184928d1e918fdfcd8c,0b1e1539f2cc45b7b9fa7c272da2e1d7,336,,540.0,5.0,5,"['web', 'email']",20,10.0,discount,0,1
d191136a45c04596adb9f6ae53cfcaa2,9b98b8c7a33c4b65b9aebfe6a799e6d9,168,,312.0,5.0,5,"['web', 'email', 'mobile']",5,7.0,bogo,0,1
d1bd7a6be57a496eaecbc77b1119b3b2,9b98b8c7a33c4b65b9aebfe6a799e6d9,168,,174.0,5.0,5,"['web', 'email', 'mobile']",5,7.0,bogo,0,1
d1bd7a6be57a496eaecbc77b1119b3b2,0b1e1539f2cc45b7b9fa7c272da2e1d7,336,,528.0,5.0,5,"['web', 'email']",20,10.0,discount,0,1
d1de78d8698c4f9aa413feb3e8441c7d,9b98b8c7a33c4b65b9aebfe6a799e6d9,336,,414.0,5.0,5,"['web', 'email', 'mobile']",5,7.0,bogo,0,1
d1ede868e29245ea91818a903fec04c6,2906b810c7d4411798c6938adc9daaa5,336,,390.0,2.0,2,"['web', 'email', 'mobile']",10,7.0,discount,0,1
d210546d39034722ae351b45b0b56d25,9b98b8c7a33c4b65b9aebfe6a799e6d9,408,,450.0,5.0,5,"['web', 'email', 'mobile']",5,7.0,bogo,0,1
d210546d39034722ae351b45b0b56d25,0b1e1539f2cc45b7b9fa7c272da2e1d7,504,,576.0,5.0,5,"['web', 'email']",20,10.0,discount,0,1
d223347ca85641c98e4481c4b0fa09f5,9b98b8c7a33c4b65b9aebfe6a799e6d9,0,,78.0,5.0,5,"['web', 'email', 'mobile']",5,7.0,bogo,0,1
d235232818b844c8b65dcd3efedb1c21,0b1e1539f2cc45b7b9fa7c272da2e1d7,504,,684.0,5.0,5,"['web', 'email']",20,10.0,discount,0,1
d25f38519a89455499c9e49e67ae1511,2906b810c7d4411798c6938adc9daaa5,336,,420.0,2.0,2,"['web', 'email', 'mobile']",10,7.0,discount,0,1
d2678b66cabe423390376ece655685c0,2906b810c7d4411798c6938adc9daaa5,0,,114.0,2.0,2,"['web', 'email', 'mobile']",10,7.0,discount,0,1
d2678b66cabe423390376ece655685c0,9b98b8c7a33c4b65b9aebfe6a799e6d9,336,,444.0,5.0,5,"['web', 'email', 'mobile']",5,7.0,bogo,0,1
d29034255ed94a4791d154b1868c082d,f19421c1d4aa40978ebb69ca19b0e20d,504,,546.0,5.0,5,"['web', 'email', 'mobile', 'social']",5,5.0,bogo,0,1
d29bf27a8925447e9e11e6c02912963a,9b98b8c7a33c4b65b9aebfe6a799e6d9,0,,102.0,5.0,5,"['web', 'email', 'mobile']",5,7.0,bogo,0,1
d29bf27a8925447e9e11e6c02912963a,2906b810c7d4411798c6938adc9daaa5,576,,600.0,2.0,2,"['web', 'email', 'mobile']",10,7.0,discount,0,1
d2aea34126b84e40856e25a4ed49a611,f19421c1d4aa40978ebb69ca19b0e20d,336,,450.0,5.0,5,"['web', 'email', 'mobile', 'social']",5,5.0,bogo,0,1
d2cbcf6fac5b47149b822875c3c08898,9b98b8c7a33c4b65b9aebfe6a799e6d9,168,,492.0,5.0,5,"['web', 'email', 'mobile']",5,7.0,bogo,0,1
d2f1767a364347c6992d986b4a662dc4,0b1e1539f2cc45b7b9fa7c272da2e1d7,336,,498.0,5.0,5,"['web', 'email']",20,10.0,discount,0,1
d2f79806cdbc4b68aea25148dcd8d551,9b98b8c7a33c4b65b9aebfe6a799e6d9,168,,168.0,5.0,5,"['web', 'email', 'mobile']",5,7.0,bogo,0,1
d3280ab59cf24b639ca87d7595108e67,9b98b8c7a33c4b65b9aebfe6a799e6d9,0,,0.0,5.0,5,"['web', 'email', 'mobile']",5,7.0,bogo,0,1
d33d6ec6e0864025b9209e7a7792b90d,f19421c1d4aa40978ebb69ca19b0e20d,336,,444.0,5.0,5,"['web', 'email', 'mobile', 'social']",5,5.0,bogo,0,1
d34af41fdf2a4ca2a68dc6991d5a8059,0b1e1539f2cc45b7b9fa7c272da2e1d7,576,,654.0,5.0,5,"['web', 'email']",20,10.0,discount,0,1
d3756366d8774999a26d0a318862b87e,fafdcd668e3743c1bb461111dcafc2a4,504,,648.0,2.0,2,"['web', 'email', 'mobile', 'social']",10,10.0,discount,0,1
d38325aac4184a2490e8cdcf02b5aa81,9b98b8c7a33c4b65b9aebfe6a799e6d9,408,,678.0,5.0,5,"['web', 'email', 'mobile']",5,7.0,bogo,0,1
d3956fdde71b4aa08a7d081f282a914f,4d5c57ea9a6940dd891ad53e9dbe8da0,336,,396.0,10.0,10,"['web', 'email', 'mobile', 'social']",10,5.0,bogo,0,1
d39a586864124b5ca4decb3832096a2d,0b1e1539f2cc45b7b9fa7c272da2e1d7,0,,186.0,5.0,5,"['web', 'email']",20,10.0,discount,0,1
d3bffca55668437d89226db69907b705,2906b810c7d4411798c6938adc9daaa5,336,,474.0,2.0,2,"['web', 'email', 'mobile']",10,7.0,discount,0,1
d3c01d3f66d142df959c19fb8bef8af9,0b1e1539f2cc45b7b9fa7c272da2e1d7,0,,198.0,5.0,5,"['web', 'email']",20,10.0,discount,0,1
d3c01d3f66d142df959c19fb8bef8af9,2906b810c7d4411798c6938adc9daaa5,504,,582.0,2.0,2,"['web', 'email', 'mobile']",10,7.0,discount,0,1
d3c24fa42d0947a4be104283c35a7983,0b1e1539f2cc45b7b9fa7c272da2e1d7,336,,354.0,5.0,5,"['web', 'email']",20,10.0,discount,0,1
d3cddb41ae3b43edaa67777501c32e45,0b1e1539f2cc45b7b9fa7c272da2e1d7,336,,402.0,5.0,5,"['web', 'email']",20,10.0,discount,0,1
d3fd6d671fa041428d961950d5470ec2,9b98b8c7a33c4b65b9aebfe6a799e6d9,504,,594.0,5.0,5,"['web', 'email', 'mobile']",5,7.0,bogo,0,1
d41e89f8d3ab4260ae3773e64f473d7a,2906b810c7d4411798c6938adc9daaa5,168,,312.0,2.0,2,"['web', 'email', 'mobile']",10,7.0,discount,0,1
d433dae9810b4c1fb96a4de166ba50e7,9b98b8c7a33c4b65b9aebfe6a799e6d9,504,,648.0,5.0,5,"['web', 'email', 'mobile']",5,7.0,bogo,0,1
d438a838e9f74fa99c3a53f53d73afd4,2906b810c7d4411798c6938adc9daaa5,504,,540.0,2.0,2,"['web', 'email', 'mobile']",10,7.0,discount,0,1
d4397a102f5644f99a97ea58475739d9,9b98b8c7a33c4b65b9aebfe6a799e6d9,408,,408.0,5.0,5,"['web', 'email', 'mobile']",5,7.0,bogo,0,1
d43f8d4343e74f758058cd8b38f1c5aa,9b98b8c7a33c4b65b9aebfe6a799e6d9,168,,216.0,5.0,5,"['web', 'email', 'mobile']",5,7.0,bogo,0,1
d448fa911f3f4b4aafe87396d220fad6,ae264e3637204a6fb9bb56bc8210ddfd,576,,696.0,10.0,10,"['email', 'mobile', 'social']",10,7.0,bogo,0,1
d47939878e0d4510a67df42e5b6a8111,0b1e1539f2cc45b7b9fa7c272da2e1d7,336,,348.0,5.0,5,"['web', 'email']",20,10.0,discount,0,1
d47939878e0d4510a67df42e5b6a8111,9b98b8c7a33c4b65b9aebfe6a799e6d9,576,,600.0,5.0,5,"['web', 'email', 'mobile']",5,7.0,bogo,0,1
d4864a84304f4c988cf9748813ade9a5,9b98b8c7a33c4b65b9aebfe6a799e6d9,576,,696.0,5.0,5,"['web', 'email', 'mobile']",5,7.0,bogo,0,1
d4a7ab8bfb7940479867e911e984505b,2906b810c7d4411798c6938adc9daaa5,168,,318.0,2.0,2,"['web', 'email', 'mobile']",10,7.0,discount,0,1
d4d584a66aa74834b342315859315a62,2906b810c7d4411798c6938adc9daaa5,0,,630.0,2.0,2,"['web', 'email', 'mobile']",10,7.0,discount,0,1
d4d71938f85e4ee49b5c6d785e7aebe1,4d5c57ea9a6940dd891ad53e9dbe8da0,504,,612.0,10.0,10,"['web', 'email', 'mobile', 'social']",10,5.0,bogo,0,1
d4d9bee7c34f4f5288ca458563675a76,0b1e1539f2cc45b7b9fa7c272da2e1d7,408,,612.0,5.0,5,"['web', 'email']",20,10.0,discount,0,1
d4db6fc5233b415fbb0769bc4575fee5,9b98b8c7a33c4b65b9aebfe6a799e6d9,408,,408.0,5.0,5,"['web', 'email', 'mobile']",5,7.0,bogo,0,1
d4db6fc5233b415fbb0769bc4575fee5,2906b810c7d4411798c6938adc9daaa5,576,,642.0,2.0,2,"['web', 'email', 'mobile']",10,7.0,discount,0,1
d4ef1976737e4933959159aa03d19d35,0b1e1539f2cc45b7b9fa7c272da2e1d7,0,,156.0,5.0,5,"['web', 'email']",20,10.0,discount,0,1
d53103964ac941f7af174a5eb0e71476,0b1e1539f2cc45b7b9fa7c272da2e1d7,336,,492.0,5.0,5,"['web', 'email']",20,10.0,discount,0,1
d53880e21d8d43d8a2e781dfa820f745,9b98b8c7a33c4b65b9aebfe6a799e6d9,336,,390.0,5.0,5,"['web', 'email', 'mobile']",5,7.0,bogo,0,1
d547b897d249479aa5c5d6fe4665e078,9b98b8c7a33c4b65b9aebfe6a799e6d9,336,,402.0,5.0,5,"['web', 'email', 'mobile']",5,7.0,bogo,0,1
d558b038136e4474a94ac2bb0a67efc9,0b1e1539f2cc45b7b9fa7c272da2e1d7,168,,522.0,5.0,5,"['web', 'email']",20,10.0,discount,0,1
d56d701948d7473d80c0583ca8221eef,0b1e1539f2cc45b7b9fa7c272da2e1d7,408,,582.0,5.0,5,"['web', 'email']",20,10.0,discount,0,1
d57fa2ef85d24235bf3860fe97c4ad08,2906b810c7d4411798c6938adc9daaa5,504,,582.0,2.0,2,"['web', 'email', 'mobile']",10,7.0,discount,0,1
d57fbb84ef4e412e8cdb25f4fbbfe339,0b1e1539f2cc45b7b9fa7c272da2e1d7,168,,540.0,5.0,5,"['web', 'email']",20,10.0,discount,0,1
d594b1f288674594a02c8527e5837ade,9b98b8c7a33c4b65b9aebfe6a799e6d9,504,,564.0,5.0,5,"['web', 'email', 'mobile']",5,7.0,bogo,0,1
d5a7f83fb3ec4c9983d1c55364eb87c4,9b98b8c7a33c4b65b9aebfe6a799e6d9,0,,12.0,5.0,5,"['web', 'email', 'mobile']",5,7.0,bogo,0,1
d5cc312f1ef64b43aa37d07bfcec99d4,9b98b8c7a33c4b65b9aebfe6a799e6d9,0,,6.0,5.0,5,"['web', 'email', 'mobile']",5,7.0,bogo,0,1
d5cc312f1ef64b43aa37d07bfcec99d4,0b1e1539f2cc45b7b9fa7c272da2e1d7,504,,630.0,5.0,5,"['web', 'email']",20,10.0,discount,0,1
d5cdf78dcc4a4d409163a367e14f2e35,9b98b8c7a33c4b65b9aebfe6a799e6d9,336,,396.0,5.0,5,"['web', 'email', 'mobile']",5,7.0,bogo,0,1
d5d2aaeb26f64af58262392c733ceb3f,9b98b8c7a33c4b65b9aebfe6a799e6d9,336,,498.0,5.0,5,"['web', 'email', 'mobile']",5,7.0,bogo,0,1
d5d487cfdc5b456b84b7881ad5d3640b,ae264e3637204a6fb9bb56bc8210ddfd,504,,510.0,10.0,10,"['email', 'mobile', 'social']",10,7.0,bogo,0,1
d5dc6ef114ba4aa69b091e6131a99f9b,0b1e1539f2cc45b7b9fa7c272da2e1d7,336,,492.0,5.0,5,"['web', 'email']",20,10.0,discount,0,1
d61124b6a76847b593f8fce78484fcce,fafdcd668e3743c1bb461111dcafc2a4,336,,522.0,2.0,2,"['web', 'email', 'mobile', 'social']",10,10.0,discount,0,1
d61124b6a76847b593f8fce78484fcce,2906b810c7d4411798c6938adc9daaa5,504,,540.0,2.0,2,"['web', 'email', 'mobile']",10,7.0,discount,0,1
d62cf96d9f19459e8ddb11720f1fa78c,0b1e1539f2cc45b7b9fa7c272da2e1d7,408,,450.0,5.0,5,"['web', 'email']",20,10.0,discount,0,1
d62ec1401c65445ab4e425f4c263a289,9b98b8c7a33c4b65b9aebfe6a799e6d9,168,,180.0,5.0,5,"['web', 'email', 'mobile']",5,7.0,bogo,0,1
d634cc586de4494d8a7b07a54df7c91f,0b1e1539f2cc45b7b9fa7c272da2e1d7,0,,132.0,5.0,5,"['web', 'email']",20,10.0,discount,0,1
d6424aac00fd47799fb6fb7a1570bf5b,0b1e1539f2cc45b7b9fa7c272da2e1d7,336,,576.0,5.0,5,"['web', 'email']",20,10.0,discount,0,1
d65a8809ec0849e0b907e2e6f82be5c7,9b98b8c7a33c4b65b9aebfe6a799e6d9,336,,384.0,5.0,5,"['web', 'email', 'mobile']",5,7.0,bogo,0,1
d65a8809ec0849e0b907e2e6f82be5c7,2906b810c7d4411798c6938adc9daaa5,576,,588.0,2.0,2,"['web', 'email', 'mobile']",10,7.0,discount,0,1
d674b3444fa74d15a61baa3c882f4c20,2906b810c7d4411798c6938adc9daaa5,504,,672.0,2.0,2,"['web', 'email', 'mobile']",10,7.0,discount,0,1
d69bf082f38d48af93839c66b66375dc,2906b810c7d4411798c6938adc9daaa5,336,,486.0,2.0,2,"['web', 'email', 'mobile']",10,7.0,discount,0,1
d69f9b28ef944239a76a132577e50385,2906b810c7d4411798c6938adc9daaa5,408,,468.0,2.0,2,"['web', 'email', 'mobile']",10,7.0,discount,0,1
d6a03d7951fb4f2b86be39533b5e49fc,2298d6c36e964ae4a3e7e9706d1fb8c2,576,,624.0,3.0,3,"['web', 'email', 'mobile', 'social']",7,7.0,discount,0,1
d6ae309f1a5e4994aa32b8bc894aaadf,9b98b8c7a33c4b65b9aebfe6a799e6d9,0,,504.0,5.0,5,"['web', 'email', 'mobile']",5,7.0,bogo,0,1
d6c59b581b0c4e7bb7cf9087bf07e787,2906b810c7d4411798c6938adc9daaa5,408,,438.0,2.0,2,"['web', 'email', 'mobile']",10,7.0,discount,0,1
d6cd472ecc5144f5b3fbe284e8da942f,0b1e1539f2cc45b7b9fa7c272da2e1d7,0,,102.0,5.0,5,"['web', 'email']",20,10.0,discount,0,1
d6cd472ecc5144f5b3fbe284e8da942f,9b98b8c7a33c4b65b9aebfe6a799e6d9,408,,576.0,5.0,5,"['web', 'email', 'mobile']",5,7.0,bogo,0,1
d6e40d21be454a08853aeafbd3532647,ae264e3637204a6fb9bb56bc8210ddfd,336,,390.0,10.0,10,"['email', 'mobile', 'social']",10,7.0,bogo,0,1
d6fca8c5fd134e2b8b6d5e79cbaaab81,f19421c1d4aa40978ebb69ca19b0e20d,504,,516.0,5.0,5,"['web', 'email', 'mobile', 'social']",5,5.0,bogo,0,1
d7012ca0a41245fb890c3cd0f361d1cd,9b98b8c7a33c4b65b9aebfe6a799e6d9,168,,186.0,5.0,5,"['web', 'email', 'mobile']",5,7.0,bogo,0,1
d711ee0002d943abbf0aec37ca338b1b,9b98b8c7a33c4b65b9aebfe6a799e6d9,0,,66.0,5.0,5,"['web', 'email', 'mobile']",5,7.0,bogo,0,1
d71e2c089c114db7bc7cebf9cd4f20e2,ae264e3637204a6fb9bb56bc8210ddfd,168,,276.0,10.0,10,"['email', 'mobile', 'social']",10,7.0,bogo,0,1
d7282e3f7eec4cc5a38212189af80d2e,9b98b8c7a33c4b65b9aebfe6a799e6d9,0,,66.0,5.0,5,"['web', 'email', 'mobile']",5,7.0,bogo,0,1
d73856001b394ccb84735142baad4889,fafdcd668e3743c1bb461111dcafc2a4,336,,432.0,2.0,2,"['web', 'email', 'mobile', 'social']",10,10.0,discount,0,1
d75d44b78f4e4d65bf491ba04c6a49b0,f19421c1d4aa40978ebb69ca19b0e20d,408,,432.0,5.0,5,"['web', 'email', 'mobile', 'social']",5,5.0,bogo,0,1
d77012df51d64d7095dbbb69945e2825,ae264e3637204a6fb9bb56bc8210ddfd,504,,516.0,10.0,10,"['email', 'mobile', 'social']",10,7.0,bogo,0,1
d77c7af5ddae45138fd6a6f427d53766,0b1e1539f2cc45b7b9fa7c272da2e1d7,0,,204.0,5.0,5,"['web', 'email']",20,10.0,discount,0,1
d791a7a91a0343c4885594c348211fb2,0b1e1539f2cc45b7b9fa7c272da2e1d7,168,,300.0,5.0,5,"['web', 'email']",20,10.0,discount,0,1
d791a7a91a0343c4885594c348211fb2,9b98b8c7a33c4b65b9aebfe6a799e6d9,336,,408.0,5.0,5,"['web', 'email', 'mobile']",5,7.0,bogo,0,1
d794c80154a24d78b06fbcb212e855cd,9b98b8c7a33c4b65b9aebfe6a799e6d9,576,,636.0,5.0,5,"['web', 'email', 'mobile']",5,7.0,bogo,0,1
d79cbb76788a49af8c7c44dc09c2af0a,2906b810c7d4411798c6938adc9daaa5,576,,630.0,2.0,2,"['web', 'email', 'mobile']",10,7.0,discount,0,1
d7a161d80543448caa3217adf68bc965,9b98b8c7a33c4b65b9aebfe6a799e6d9,0,,84.0,5.0,5,"['web', 'email', 'mobile']",5,7.0,bogo,0,1
d7e3b10e486741ec81540edbf7d77c7c,0b1e1539f2cc45b7b9fa7c272da2e1d7,336,,504.0,5.0,5,"['web', 'email']",20,10.0,discount,0,1
d7f4a8625e8341aca78542f792c0016c,9b98b8c7a33c4b65b9aebfe6a799e6d9,408,,474.0,5.0,5,"['web', 'email', 'mobile']",5,7.0,bogo,0,1
d7f751dd8f824d94953dcdc0f79c7345,ae264e3637204a6fb9bb56bc8210ddfd,0,,54.0,10.0,10,"['email', 'mobile', 'social']",10,7.0,bogo,0,1
d7f751dd8f824d94953dcdc0f79c7345,0b1e1539f2cc45b7b9fa7c272da2e1d7,336,,576.0,5.0,5,"['web', 'email']",20,10.0,discount,0,1
d7f751dd8f824d94953dcdc0f79c7345,2906b810c7d4411798c6938adc9daaa5,408,,576.0,2.0,2,"['web', 'email', 'mobile']",10,7.0,discount,0,1
d7fec020017649a7a13a924c04e8c07b,9b98b8c7a33c4b65b9aebfe6a799e6d9,0,,72.0,5.0,5,"['web', 'email', 'mobile']",5,7.0,bogo,0,1
d808a466b9904cc396d7aa8fa03bca24,9b98b8c7a33c4b65b9aebfe6a799e6d9,336,,372.0,5.0,5,"['web', 'email', 'mobile']",5,7.0,bogo,0,1
d819428f44234b24a1851503756bc537,9b98b8c7a33c4b65b9aebfe6a799e6d9,0,,24.0,5.0,5,"['web', 'email', 'mobile']",5,7.0,bogo,0,1
d819428f44234b24a1851503756bc537,0b1e1539f2cc45b7b9fa7c272da2e1d7,408,,408.0,5.0,5,"['web', 'email']",20,10.0,discount,0,1
d825b707198046e39baa4fdcfa11d621,9b98b8c7a33c4b65b9aebfe6a799e6d9,576,,636.0,5.0,5,"['web', 'email', 'mobile']",5,7.0,bogo,0,1
d83092f394ae45e59b8934f2726b681a,2906b810c7d4411798c6938adc9daaa5,0,,468.0,2.0,2,"['web', 'email', 'mobile']",10,7.0,discount,0,1
d8567f1400d8486cb31c6abba64389ec,9b98b8c7a33c4b65b9aebfe6a799e6d9,576,,606.0,5.0,5,"['web', 'email', 'mobile']",5,7.0,bogo,0,1
d86d562ac40c482194fcd54999f82148,0b1e1539f2cc45b7b9fa7c272da2e1d7,168,,612.0,5.0,5,"['web', 'email']",20,10.0,discount,0,1
d882b308cf6f419386ab5c3ed3def76e,2906b810c7d4411798c6938adc9daaa5,408,,456.0,2.0,2,"['web', 'email', 'mobile']",10,7.0,discount,0,1
d8848c510f444abf93ace41343c29878,ae264e3637204a6fb9bb56bc8210ddfd,408,,492.0,10.0,10,"['email', 'mobile', 'social']",10,7.0,bogo,0,1
d885cede482e4a03b42991c72c254265,0b1e1539f2cc45b7b9fa7c272da2e1d7,408,,582.0,5.0,5,"['web', 'email']",20,10.0,discount,0,1
d8a36c06ea954489a55e17a194bb1735,9b98b8c7a33c4b65b9aebfe6a799e6d9,336,,420.0,5.0,5,"['web', 'email', 'mobile']",5,7.0,bogo,0,1
d8ac2ffea6e742ef949e4d96097e5c5d,0b1e1539f2cc45b7b9fa7c272da2e1d7,408,,582.0,5.0,5,"['web', 'email']",20,10.0,discount,0,1
d8c0599851414c419612359de7a93882,4d5c57ea9a6940dd891ad53e9dbe8da0,336,,414.0,10.0,10,"['web', 'email', 'mobile', 'social']",10,5.0,bogo,0,1
d8c0599851414c419612359de7a93882,0b1e1539f2cc45b7b9fa7c272da2e1d7,408,,414.0,5.0,5,"['web', 'email']",20,10.0,discount,0,1
d8d2466b53034391b840556be4b1be2c,0b1e1539f2cc45b7b9fa7c272da2e1d7,168,,228.0,5.0,5,"['web', 'email']",20,10.0,discount,0,1
d8d491330a0e4b099f05f5fd7b972f20,2906b810c7d4411798c6938adc9daaa5,408,,420.0,2.0,2,"['web', 'email', 'mobile']",10,7.0,discount,0,1
d8d5b651ed374f35af4241301c645292,0b1e1539f2cc45b7b9fa7c272da2e1d7,576,,666.0,5.0,5,"['web', 'email']",20,10.0,discount,0,1
d8ec9896d2a34515af66ccf7be5fbe66,ae264e3637204a6fb9bb56bc8210ddfd,504,,588.0,10.0,10,"['email', 'mobile', 'social']",10,7.0,bogo,0,1
d8fcb80361374a7cb328c43b94bcfeba,2906b810c7d4411798c6938adc9daaa5,0,,18.0,2.0,2,"['web', 'email', 'mobile']",10,7.0,discount,0,1
d901d12bb9334492b762f607d0ab4bd6,ae264e3637204a6fb9bb56bc8210ddfd,408,,540.0,10.0,10,"['email', 'mobile', 'social']",10,7.0,bogo,0,1
d916b48f32ea4b4380ea219b3381c70a,ae264e3637204a6fb9bb56bc8210ddfd,408,,414.0,10.0,10,"['email', 'mobile', 'social']",10,7.0,bogo,0,1
d92663deeeae4b45bd8ae2a8e12fa958,ae264e3637204a6fb9bb56bc8210ddfd,504,,504.0,10.0,10,"['email', 'mobile', 'social']",10,7.0,bogo,0,1
d930673b135b4ef38943a9acc93e5f81,2906b810c7d4411798c6938adc9daaa5,168,,240.0,2.0,2,"['web', 'email', 'mobile']",10,7.0,discount,0,1
d930673b135b4ef38943a9acc93e5f81,0b1e1539f2cc45b7b9fa7c272da2e1d7,504,,612.0,5.0,5,"['web', 'email']",20,10.0,discount,0,1
d9386cf80c194ea491e39564e07e1c85,2906b810c7d4411798c6938adc9daaa5,408,,414.0,2.0,2,"['web', 'email', 'mobile']",10,7.0,discount,0,1
d95b47babcf14532995d53acff0e0ead,9b98b8c7a33c4b65b9aebfe6a799e6d9,408,,444.0,5.0,5,"['web', 'email', 'mobile']",5,7.0,bogo,0,1
d95b47babcf14532995d53acff0e0ead,0b1e1539f2cc45b7b9fa7c272da2e1d7,576,,702.0,5.0,5,"['web', 'email']",20,10.0,discount,0,1
d964396514904cae974ae72f6bd4c606,0b1e1539f2cc45b7b9fa7c272da2e1d7,408,,408.0,5.0,5,"['web', 'email']",20,10.0,discount,0,1
d966d9a9b1464563a2913bf9f76b8529,0b1e1539f2cc45b7b9fa7c272da2e1d7,504,,540.0,5.0,5,"['web', 'email']",20,10.0,discount,0,1
d98b3f891dc04fcf94377f08e6c1be87,2906b810c7d4411798c6938adc9daaa5,408,,576.0,2.0,2,"['web', 'email', 'mobile']",10,7.0,discount,0,1
d98e24fb0e6e47309b138aeb904cbe46,9b98b8c7a33c4b65b9aebfe6a799e6d9,408,,408.0,5.0,5,"['web', 'email', 'mobile']",5,7.0,bogo,0,1
d99dec469b3541c497a4a6f7b9be89f7,f19421c1d4aa40978ebb69ca19b0e20d,504,,612.0,5.0,5,"['web', 'email', 'mobile', 'social']",5,5.0,bogo,0,1
d9ac38630d8d4c68b7fa831f179c0d9e,9b98b8c7a33c4b65b9aebfe6a799e6d9,576,,600.0,5.0,5,"['web', 'email', 'mobile']",5,7.0,bogo,0,1
d9cf4f23008e437a8e8b459b312811bb,0b1e1539f2cc45b7b9fa7c272da2e1d7,168,,336.0,5.0,5,"['web', 'email']",20,10.0,discount,0,1
d9da2d2416fc44ac87c506b36c71d921,2906b810c7d4411798c6938adc9daaa5,336,,342.0,2.0,2,"['web', 'email', 'mobile']",10,7.0,discount,0,1
d9da2d2416fc44ac87c506b36c71d921,9b98b8c7a33c4b65b9aebfe6a799e6d9,408,,540.0,5.0,5,"['web', 'email', 'mobile']",5,7.0,bogo,0,1
d9da2d2416fc44ac87c506b36c71d921,0b1e1539f2cc45b7b9fa7c272da2e1d7,504,,540.0,5.0,5,"['web', 'email']",20,10.0,discount,0,1
d9f112275afe4ab996731b75c446cab1,0b1e1539f2cc45b7b9fa7c272da2e1d7,336,,420.0,5.0,5,"['web', 'email']",20,10.0,discount,0,1
da20c13402b448d1ad551c72f69ae55d,2906b810c7d4411798c6938adc9daaa5,504,,522.0,2.0,2,"['web', 'email', 'mobile']",10,7.0,discount,0,1
da2c3eeed834413bba29e637c6f5b80e,0b1e1539f2cc45b7b9fa7c272da2e1d7,408,,564.0,5.0,5,"['web', 'email']",20,10.0,discount,0,1
da2cee9684f84f1aa336ddd723a5568a,9b98b8c7a33c4b65b9aebfe6a799e6d9,408,,510.0,5.0,5,"['web', 'email', 'mobile']",5,7.0,bogo,0,1
da3d478411cd4a30a6efa9d673530f00,9b98b8c7a33c4b65b9aebfe6a799e6d9,408,,432.0,5.0,5,"['web', 'email', 'mobile']",5,7.0,bogo,0,1
da3d478411cd4a30a6efa9d673530f00,2906b810c7d4411798c6938adc9daaa5,504,,540.0,2.0,2,"['web', 'email', 'mobile']",10,7.0,discount,0,1
da53066ed4d84acfacb1d696b8516622,f19421c1d4aa40978ebb69ca19b0e20d,336,,426.0,5.0,5,"['web', 'email', 'mobile', 'social']",5,5.0,bogo,0,1
da53066ed4d84acfacb1d696b8516622,0b1e1539f2cc45b7b9fa7c272da2e1d7,408,,426.0,5.0,5,"['web', 'email']",20,10.0,discount,0,1
da609095dc2749919733620125b79a43,ae264e3637204a6fb9bb56bc8210ddfd,168,,318.0,10.0,10,"['email', 'mobile', 'social']",10,7.0,bogo,0,1
da6f105d4db14af491cc76ddf73ae2da,9b98b8c7a33c4b65b9aebfe6a799e6d9,168,,210.0,5.0,5,"['web', 'email', 'mobile']",5,7.0,bogo,0,1
da6f105d4db14af491cc76ddf73ae2da,0b1e1539f2cc45b7b9fa7c272da2e1d7,408,,534.0,5.0,5,"['web', 'email']",20,10.0,discount,0,1
da7906d43c2c4a7886761894ca7513cc,ae264e3637204a6fb9bb56bc8210ddfd,0,,24.0,10.0,10,"['email', 'mobile', 'social']",10,7.0,bogo,0,1
da7bf9d84fd74a72bdee595007bcca7a,9b98b8c7a33c4b65b9aebfe6a799e6d9,336,,354.0,5.0,5,"['web', 'email', 'mobile']",5,7.0,bogo,0,1
da84884d6b5e4eb3bb01142a4a645cb7,9b98b8c7a33c4b65b9aebfe6a799e6d9,336,,420.0,5.0,5,"['web', 'email', 'mobile']",5,7.0,bogo,0,1
daa056c77f7447e8a0449504b0b8b4f7,9b98b8c7a33c4b65b9aebfe6a799e6d9,576,,588.0,5.0,5,"['web', 'email', 'mobile']",5,7.0,bogo,0,1
dac5cef904764a609e3a3b3d4f0058e8,2298d6c36e964ae4a3e7e9706d1fb8c2,408,,474.0,3.0,3,"['web', 'email', 'mobile', 'social']",7,7.0,discount,0,1
dac5cef904764a609e3a3b3d4f0058e8,ae264e3637204a6fb9bb56bc8210ddfd,504,,552.0,10.0,10,"['email', 'mobile', 'social']",10,7.0,bogo,0,1
dafc626bbdac41a8ae6b4f7a9478b2b2,2906b810c7d4411798c6938adc9daaa5,336,,480.0,2.0,2,"['web', 'email', 'mobile']",10,7.0,discount,0,1
db06532760134014aa9445c7560554af,9b98b8c7a33c4b65b9aebfe6a799e6d9,576,,672.0,5.0,5,"['web', 'email', 'mobile']",5,7.0,bogo,0,1
db0bffb1c28d416a84f7a224a86bd6de,0b1e1539f2cc45b7b9fa7c272da2e1d7,168,,312.0,5.0,5,"['web', 'email']",20,10.0,discount,0,1
db1a497fb42b47c5ba22bfa8fbf0dc5d,2906b810c7d4411798c6938adc9daaa5,168,,282.0,2.0,2,"['web', 'email', 'mobile']",10,7.0,discount,0,1
db22718fc9144e44b5fab97ea282cdb6,9b98b8c7a33c4b65b9aebfe6a799e6d9,576,,672.0,5.0,5,"['web', 'email', 'mobile']",5,7.0,bogo,0,1
db270c5eba0c4add96f8a68870f775aa,0b1e1539f2cc45b7b9fa7c272da2e1d7,504,,666.0,5.0,5,"['web', 'email']",20,10.0,discount,0,1
db2f2fd8ecf2449b92149127d3d344f8,9b98b8c7a33c4b65b9aebfe6a799e6d9,0,,78.0,5.0,5,"['web', 'email', 'mobile']",5,7.0,bogo,0,1
db336fdbe54f4832ac4e5a5337171381,fafdcd668e3743c1bb461111dcafc2a4,336,,546.0,2.0,2,"['web', 'email', 'mobile', 'social']",10,10.0,discount,0,1
db49b3dfa3ae4112a59069e8fe238b1e,2906b810c7d4411798c6938adc9daaa5,408,,456.0,2.0,2,"['web', 'email', 'mobile']",10,7.0,discount,0,1
db49b3dfa3ae4112a59069e8fe238b1e,9b98b8c7a33c4b65b9aebfe6a799e6d9,504,,576.0,5.0,5,"['web', 'email', 'mobile']",5,7.0,bogo,0,1
db59f620cdcc4f2aa1deff1bc0570432,9b98b8c7a33c4b65b9aebfe6a799e6d9,504,,504.0,5.0,5,"['web', 'email', 'mobile']",5,7.0,bogo,0,1
db5a707ab9fb4c68aec1560d03b4991d,0b1e1539f2cc45b7b9fa7c272da2e1d7,168,,354.0,5.0,5,"['web', 'email']",20,10.0,discount,0,1
db6787775dfb405ea9ae7ef68a2770fe,9b98b8c7a33c4b65b9aebfe6a799e6d9,336,,444.0,5.0,5,"['web', 'email', 'mobile']",5,7.0,bogo,0,1
db71cc5c39584742b495139b180daa20,2906b810c7d4411798c6938adc9daaa5,408,,444.0,2.0,2,"['web', 'email', 'mobile']",10,7.0,discount,0,1
db74513485504a02ae8bc01be71e7ae6,0b1e1539f2cc45b7b9fa7c272da2e1d7,168,,228.0,5.0,5,"['web', 'email']",20,10.0,discount,0,1
db88c27ccf9b42abbab82f341093ed56,2906b810c7d4411798c6938adc9daaa5,576,,708.0,2.0,2,"['web', 'email', 'mobile']",10,7.0,discount,0,1
db9201c63453452786af3ff92cf89e4d,9b98b8c7a33c4b65b9aebfe6a799e6d9,504,,654.0,5.0,5,"['web', 'email', 'mobile']",5,7.0,bogo,0,1
dbac0fd57c8844d79ce1e869860393ab,0b1e1539f2cc45b7b9fa7c272da2e1d7,336,,354.0,5.0,5,"['web', 'email']",20,10.0,discount,0,1
dbb7655f713f4c2a8a64dc776356c08b,0b1e1539f2cc45b7b9fa7c272da2e1d7,0,,48.0,5.0,5,"['web', 'email']",20,10.0,discount,0,1
dbbd2a13fcae41c8a80a6521b9a46c35,0b1e1539f2cc45b7b9fa7c272da2e1d7,336,,390.0,5.0,5,"['web', 'email']",20,10.0,discount,0,1
dbd12067e5e84186a981bb4464d3d140,9b98b8c7a33c4b65b9aebfe6a799e6d9,408,,546.0,5.0,5,"['web', 'email', 'mobile']",5,7.0,bogo,0,1
dbe19b5259b24f48adfd641e048a2648,2298d6c36e964ae4a3e7e9706d1fb8c2,504,,582.0,3.0,3,"['web', 'email', 'mobile', 'social']",7,7.0,discount,0,1
dbf3c96bcbc44cca9839344b4adcaddf,0b1e1539f2cc45b7b9fa7c272da2e1d7,0,,216.0,5.0,5,"['web', 'email']",20,10.0,discount,0,1
dbf3c96bcbc44cca9839344b4adcaddf,2906b810c7d4411798c6938adc9daaa5,408,,414.0,2.0,2,"['web', 'email', 'mobile']",10,7.0,discount,0,1
dc00446915634ce8b159aab8878da029,9b98b8c7a33c4b65b9aebfe6a799e6d9,504,,582.0,5.0,5,"['web', 'email', 'mobile']",5,7.0,bogo,0,1
dc134e4b6c0944cebabd863d28f628e7,9b98b8c7a33c4b65b9aebfe6a799e6d9,408,,540.0,5.0,5,"['web', 'email', 'mobile']",5,7.0,bogo,0,1
dc2b465941b64c7dad3c60e77cac200a,0b1e1539f2cc45b7b9fa7c272da2e1d7,576,,690.0,5.0,5,"['web', 'email']",20,10.0,discount,0,1
dc3671b2bda24c8896b5ac9019efe7ba,9b98b8c7a33c4b65b9aebfe6a799e6d9,504,,582.0,5.0,5,"['web', 'email', 'mobile']",5,7.0,bogo,0,1
dc4906f1e1a0416cb955689ba144a59b,0b1e1539f2cc45b7b9fa7c272da2e1d7,408,,588.0,5.0,5,"['web', 'email']",20,10.0,discount,0,1
dc686916a51a4496bf4224ba4266a4f1,0b1e1539f2cc45b7b9fa7c272da2e1d7,504,,648.0,5.0,5,"['web', 'email']",20,10.0,discount,0,1
dc7153b106e549d2810efc5deb2c7bf3,9b98b8c7a33c4b65b9aebfe6a799e6d9,504,,606.0,5.0,5,"['web', 'email', 'mobile']",5,7.0,bogo,0,1
dc7a7cf01f4040438ead2495de0372c2,2906b810c7d4411798c6938adc9daaa5,336,,390.0,2.0,2,"['web', 'email', 'mobile']",10,7.0,discount,0,1
dc82a269318741b18aa62b0be37a155a,2906b810c7d4411798c6938adc9daaa5,336,,348.0,2.0,2,"['web', 'email', 'mobile']",10,7.0,discount,0,1
dc82a269318741b18aa62b0be37a155a,0b1e1539f2cc45b7b9fa7c272da2e1d7,504,,504.0,5.0,5,"['web', 'email']",20,10.0,discount,0,1
dc82b025b3a947d78160048e872bdedd,ae264e3637204a6fb9bb56bc8210ddfd,408,,468.0,10.0,10,"['email', 'mobile', 'social']",10,7.0,bogo,0,1
dc8f30fc38294c4e896ba41f53939d41,0b1e1539f2cc45b7b9fa7c272da2e1d7,168,,270.0,5.0,5,"['web', 'email']",20,10.0,discount,0,1
dc8f30fc38294c4e896ba41f53939d41,9b98b8c7a33c4b65b9aebfe6a799e6d9,336,,504.0,5.0,5,"['web', 'email', 'mobile']",5,7.0,bogo,0,1
dc932ed16bb64de7951e0863fec3f7da,2906b810c7d4411798c6938adc9daaa5,336,,396.0,2.0,2,"['web', 'email', 'mobile']",10,7.0,discount,0,1
dc93372c10114d1cb45d0e22cd4befd3,9b98b8c7a33c4b65b9aebfe6a799e6d9,336,,426.0,5.0,5,"['web', 'email', 'mobile']",5,7.0,bogo,0,1
dcb02091ffbd4d6ab1375ee64a8b180b,0b1e1539f2cc45b7b9fa7c272da2e1d7,576,,582.0,5.0,5,"['web', 'email']",20,10.0,discount,0,1
dcbcbbb115984c199a9cd7fc6d1cf8c0,0b1e1539f2cc45b7b9fa7c272da2e1d7,0,,234.0,5.0,5,"['web', 'email']",20,10.0,discount,0,1
dcbfaa28be964747816df91af895f69d,0b1e1539f2cc45b7b9fa7c272da2e1d7,0,,210.0,5.0,5,"['web', 'email']",20,10.0,discount,0,1
dcda2764a0754332a449b354e0d3acf8,2906b810c7d4411798c6938adc9daaa5,576,,690.0,2.0,2,"['web', 'email', 'mobile']",10,7.0,discount,0,1
dcf8854b24174769bad5c4922dcd17de,ae264e3637204a6fb9bb56bc8210ddfd,336,,342.0,10.0,10,"['email', 'mobile', 'social']",10,7.0,bogo,0,1
dd16b588daf146ec9706cfdd33008c28,0b1e1539f2cc45b7b9fa7c272da2e1d7,0,,204.0,5.0,5,"['web', 'email']",20,10.0,discount,0,1
dd16b588daf146ec9706cfdd33008c28,9b98b8c7a33c4b65b9aebfe6a799e6d9,504,,522.0,5.0,5,"['web', 'email', 'mobile']",5,7.0,bogo,0,1
dd16b588daf146ec9706cfdd33008c28,2906b810c7d4411798c6938adc9daaa5,576,,648.0,2.0,2,"['web', 'email', 'mobile']",10,7.0,discount,0,1
dd2a12c798a54a1687b5ccb12a8e508e,2906b810c7d4411798c6938adc9daaa5,168,,300.0,2.0,2,"['web', 'email', 'mobile']",10,7.0,discount,0,1
dd2a12c798a54a1687b5ccb12a8e508e,ae264e3637204a6fb9bb56bc8210ddfd,336,,462.0,10.0,10,"['email', 'mobile', 'social']",10,7.0,bogo,0,1
dd2a12c798a54a1687b5ccb12a8e508e,0b1e1539f2cc45b7b9fa7c272da2e1d7,576,,624.0,5.0,5,"['web', 'email']",20,10.0,discount,0,1
dd2f15d3224349b3a54cbb4a91e89e0c,2906b810c7d4411798c6938adc9daaa5,168,,234.0,2.0,2,"['web', 'email', 'mobile']",10,7.0,discount,0,1
dd61e2bc8cd74beaa28224af99288068,2906b810c7d4411798c6938adc9daaa5,336,,396.0,2.0,2,"['web', 'email', 'mobile']",10,7.0,discount,0,1
dd682c0f0444401da00304e956ce8da1,9b98b8c7a33c4b65b9aebfe6a799e6d9,504,,582.0,5.0,5,"['web', 'email', 'mobile']",5,7.0,bogo,0,1
dd9b7e79bfad46c58d310f6bbcae5cee,9b98b8c7a33c4b65b9aebfe6a799e6d9,408,,504.0,5.0,5,"['web', 'email', 'mobile']",5,7.0,bogo,0,1
ddc6402c0b3f48f285a93ad98c5496db,0b1e1539f2cc45b7b9fa7c272da2e1d7,408,,588.0,5.0,5,"['web', 'email']",20,10.0,discount,0,1
ddd34708aaa24917b747e9d0b4a37fb5,2298d6c36e964ae4a3e7e9706d1fb8c2,504,,510.0,3.0,3,"['web', 'email', 'mobile', 'social']",7,7.0,discount,0,1
dddc729f500040978fbb49bde7feb0f6,9b98b8c7a33c4b65b9aebfe6a799e6d9,576,,642.0,5.0,5,"['web', 'email', 'mobile']",5,7.0,bogo,0,1
de035e26f1c34866984482cf5c2c3e36,0b1e1539f2cc45b7b9fa7c272da2e1d7,408,,534.0,5.0,5,"['web', 'email']",20,10.0,discount,0,1
de4bd936e7454b3ebd2597d68a4a5f54,2906b810c7d4411798c6938adc9daaa5,168,,282.0,2.0,2,"['web', 'email', 'mobile']",10,7.0,discount,0,1
de4cc19481914b79b9bfbec4185de8c7,0b1e1539f2cc45b7b9fa7c272da2e1d7,576,,606.0,5.0,5,"['web', 'email']",20,10.0,discount,0,1
de533685059645ea871c125b10528e76,9b98b8c7a33c4b65b9aebfe6a799e6d9,408,,438.0,5.0,5,"['web', 'email', 'mobile']",5,7.0,bogo,0,1
de5a7b09cf5140c9a5b2827a7e04c808,9b98b8c7a33c4b65b9aebfe6a799e6d9,336,,450.0,5.0,5,"['web', 'email', 'mobile']",5,7.0,bogo,0,1
de647c886acc4a89bbe7d7e2115284d8,0b1e1539f2cc45b7b9fa7c272da2e1d7,504,,654.0,5.0,5,"['web', 'email']",20,10.0,discount,0,1
de8e05f3a35548be92ea5fd927820b74,9b98b8c7a33c4b65b9aebfe6a799e6d9,168,,186.0,5.0,5,"['web', 'email', 'mobile']",5,7.0,bogo,0,1
de8ea15f5f0545b6b45df1a7ae2dca11,0b1e1539f2cc45b7b9fa7c272da2e1d7,168,,300.0,5.0,5,"['web', 'email']",20,10.0,discount,0,1
de90515e9f174ddfb8b4c677448286ef,0b1e1539f2cc45b7b9fa7c272da2e1d7,168,,336.0,5.0,5,"['web', 'email']",20,10.0,discount,0,1
de90515e9f174ddfb8b4c677448286ef,fafdcd668e3743c1bb461111dcafc2a4,504,,558.0,2.0,2,"['web', 'email', 'mobile', 'social']",10,10.0,discount,0,1
dee3814fa583456a8f6635b45a0ba641,fafdcd668e3743c1bb461111dcafc2a4,408,,630.0,2.0,2,"['web', 'email', 'mobile', 'social']",10,10.0,discount,0,1
dee3814fa583456a8f6635b45a0ba641,f19421c1d4aa40978ebb69ca19b0e20d,504,,528.0,5.0,5,"['web', 'email', 'mobile', 'social']",5,5.0,bogo,0,1
dee41cfae12043039ee3ed880778e7dc,2298d6c36e964ae4a3e7e9706d1fb8c2,408,,468.0,3.0,3,"['web', 'email', 'mobile', 'social']",7,7.0,discount,0,1
dee56dfa7fcd40c9a9451ab177cdbb06,ae264e3637204a6fb9bb56bc8210ddfd,336,,456.0,10.0,10,"['email', 'mobile', 'social']",10,7.0,bogo,0,1
deeef143acba4e409fd95f483858f2d0,0b1e1539f2cc45b7b9fa7c272da2e1d7,0,,30.0,5.0,5,"['web', 'email']",20,10.0,discount,0,1
def4837ebbf546ffb3a7966edc8fdba8,2906b810c7d4411798c6938adc9daaa5,504,,672.0,2.0,2,"['web', 'email', 'mobile']",10,7.0,discount,0,1
def5835af18d462399e3d0d16d0e55ac,9b98b8c7a33c4b65b9aebfe6a799e6d9,168,,312.0,5.0,5,"['web', 'email', 'mobile']",5,7.0,bogo,0,1
df0f7b3282b047b79713a6d86fbceba5,2906b810c7d4411798c6938adc9daaa5,504,,558.0,2.0,2,"['web', 'email', 'mobile']",10,7.0,discount,0,1
df174695a030444a824c11fd117d13a3,9b98b8c7a33c4b65b9aebfe6a799e6d9,504,,564.0,5.0,5,"['web', 'email', 'mobile']",5,7.0,bogo,0,1
df318718ba7742c68f43be863df3318c,0b1e1539f2cc45b7b9fa7c272da2e1d7,408,,558.0,5.0,5,"['web', 'email']",20,10.0,discount,0,1
df31a3f6f0804441aba8c5abc392f753,0b1e1539f2cc45b7b9fa7c272da2e1d7,168,,228.0,5.0,5,"['web', 'email']",20,10.0,discount,0,1
df614cc77bf247bba91dc2fa184f200a,0b1e1539f2cc45b7b9fa7c272da2e1d7,0,,216.0,5.0,5,"['web', 'email']",20,10.0,discount,0,1
df72761941ab427b9c8878508ad5814e,0b1e1539f2cc45b7b9fa7c272da2e1d7,336,,558.0,5.0,5,"['web', 'email']",20,10.0,discount,0,1
df9111f3ee6e4031a6fb62e25b727c22,2906b810c7d4411798c6938adc9daaa5,408,,432.0,2.0,2,"['web', 'email', 'mobile']",10,7.0,discount,0,1
dfacd75fc3a24b459069e1fe92083640,0b1e1539f2cc45b7b9fa7c272da2e1d7,408,,630.0,5.0,5,"['web', 'email']",20,10.0,discount,0,1
dfbaa2d903cd45aabedbc695e7995664,9b98b8c7a33c4b65b9aebfe6a799e6d9,336,,366.0,5.0,5,"['web', 'email', 'mobile']",5,7.0,bogo,0,1
dfbaa2d903cd45aabedbc695e7995664,0b1e1539f2cc45b7b9fa7c272da2e1d7,408,,630.0,5.0,5,"['web', 'email']",20,10.0,discount,0,1
dfbc55ab3f6e4b508e473cd6752c68fb,ae264e3637204a6fb9bb56bc8210ddfd,504,,504.0,10.0,10,"['email', 'mobile', 'social']",10,7.0,bogo,0,1
e008262ad24e46af98a928342e303c3e,2906b810c7d4411798c6938adc9daaa5,408,,438.0,2.0,2,"['web', 'email', 'mobile']",10,7.0,discount,0,1
e00e39e41bf64361a81f0c82da3c3ead,ae264e3637204a6fb9bb56bc8210ddfd,408,,456.0,10.0,10,"['email', 'mobile', 'social']",10,7.0,bogo,0,1
e00e39e41bf64361a81f0c82da3c3ead,0b1e1539f2cc45b7b9fa7c272da2e1d7,504,,714.0,5.0,5,"['web', 'email']",20,10.0,discount,0,1
e020fbd77c5445d6be1d8fba3dea9934,9b98b8c7a33c4b65b9aebfe6a799e6d9,408,,486.0,5.0,5,"['web', 'email', 'mobile']",5,7.0,bogo,0,1
e0749ba1296b41e9adbdc27c979b2510,2906b810c7d4411798c6938adc9daaa5,408,,552.0,2.0,2,"['web', 'email', 'mobile']",10,7.0,discount,0,1
e08a264dc9a54efca07e1cf7e9b38480,9b98b8c7a33c4b65b9aebfe6a799e6d9,168,,186.0,5.0,5,"['web', 'email', 'mobile']",5,7.0,bogo,0,1
e08f5946ac204395ba4b6168505eccbc,0b1e1539f2cc45b7b9fa7c272da2e1d7,336,,414.0,5.0,5,"['web', 'email']",20,10.0,discount,0,1
e0c1daba98974e05b0494c3247828631,0b1e1539f2cc45b7b9fa7c272da2e1d7,408,,438.0,5.0,5,"['web', 'email']",20,10.0,discount,0,1
e0c9168961bc4903a228b50e34054bdd,2906b810c7d4411798c6938adc9daaa5,336,,402.0,2.0,2,"['web', 'email', 'mobile']",10,7.0,discount,0,1
e0c9168961bc4903a228b50e34054bdd,0b1e1539f2cc45b7b9fa7c272da2e1d7,504,,642.0,5.0,5,"['web', 'email']",20,10.0,discount,0,1
e0cfbeda9c01448e86010ce2e65884ff,2906b810c7d4411798c6938adc9daaa5,336,,414.0,2.0,2,"['web', 'email', 'mobile']",10,7.0,discount,0,1
e0d0425503774a8290d0703ed3f37bbf,0b1e1539f2cc45b7b9fa7c272da2e1d7,336,,384.0,5.0,5,"['web', 'email']",20,10.0,discount,0,1
e0d711a52cd545b59d6ba229b327fc5c,9b98b8c7a33c4b65b9aebfe6a799e6d9,0,,54.0,5.0,5,"['web', 'email', 'mobile']",5,7.0,bogo,0,1
e10ea309805d45f989e58bc040e9250e,2906b810c7d4411798c6938adc9daaa5,504,,516.0,2.0,2,"['web', 'email', 'mobile']",10,7.0,discount,0,1
e1103f6b4c444f84b65f856738c0f60c,9b98b8c7a33c4b65b9aebfe6a799e6d9,336,,396.0,5.0,5,"['web', 'email', 'mobile']",5,7.0,bogo,0,1
e112df4e6aba4ff79790a75e7304cbc5,9b98b8c7a33c4b65b9aebfe6a799e6d9,576,,660.0,5.0,5,"['web', 'email', 'mobile']",5,7.0,bogo,0,1
e11d53ad20634662a8b06e1dfab115e9,2906b810c7d4411798c6938adc9daaa5,336,,348.0,2.0,2,"['web', 'email', 'mobile']",10,7.0,discount,0,1
e11d53ad20634662a8b06e1dfab115e9,0b1e1539f2cc45b7b9fa7c272da2e1d7,408,,462.0,5.0,5,"['web', 'email']",20,10.0,discount,0,1
e1217614ab534642b5818ad5bafa693b,0b1e1539f2cc45b7b9fa7c272da2e1d7,504,,504.0,5.0,5,"['web', 'email']",20,10.0,discount,0,1
e12aeaf2d47d42479ea1c4ac3d8286c6,0b1e1539f2cc45b7b9fa7c272da2e1d7,0,,456.0,5.0,5,"['web', 'email']",20,10.0,discount,0,1
e130d81685ae45deb9fbf6d416084a1d,0b1e1539f2cc45b7b9fa7c272da2e1d7,0,,204.0,5.0,5,"['web', 'email']",20,10.0,discount,0,1
e137c8f1c32a44cea563b8a3a471b101,0b1e1539f2cc45b7b9fa7c272da2e1d7,0,,222.0,5.0,5,"['web', 'email']",20,10.0,discount,0,1
e1469309339d48f299c1431d6de4eaa6,f19421c1d4aa40978ebb69ca19b0e20d,168,,270.0,5.0,5,"['web', 'email', 'mobile', 'social']",5,5.0,bogo,0,1
e1581a9a6ff04491bb5342143cd4876d,9b98b8c7a33c4b65b9aebfe6a799e6d9,504,,504.0,5.0,5,"['web', 'email', 'mobile']",5,7.0,bogo,0,1
e15aaea078cf43a89501e25503ca8558,0b1e1539f2cc45b7b9fa7c272da2e1d7,336,,384.0,5.0,5,"['web', 'email']",20,10.0,discount,0,1
e15d4513b2fb41fe8b686845606f33d3,9b98b8c7a33c4b65b9aebfe6a799e6d9,0,,126.0,5.0,5,"['web', 'email', 'mobile']",5,7.0,bogo,0,1
e15d4513b2fb41fe8b686845606f33d3,0b1e1539f2cc45b7b9fa7c272da2e1d7,408,,486.0,5.0,5,"['web', 'email']",20,10.0,discount,0,1
e1711365801040bd9300b970b19efa32,9b98b8c7a33c4b65b9aebfe6a799e6d9,336,,426.0,5.0,5,"['web', 'email', 'mobile']",5,7.0,bogo,0,1
e176f27d70d14e6d8df2390de55efc89,0b1e1539f2cc45b7b9fa7c272da2e1d7,0,,210.0,5.0,5,"['web', 'email']",20,10.0,discount,0,1
e18df1641cb14c7c90aa28e6a6350f5c,ae264e3637204a6fb9bb56bc8210ddfd,168,,336.0,10.0,10,"['email', 'mobile', 'social']",10,7.0,bogo,0,1
e19f1901e79f4e35a8343c73184982f6,0b1e1539f2cc45b7b9fa7c272da2e1d7,336,,516.0,5.0,5,"['web', 'email']",20,10.0,discount,0,1
e1c43b9050494f5e9b51c057d7570a98,fafdcd668e3743c1bb461111dcafc2a4,336,,432.0,2.0,2,"['web', 'email', 'mobile', 'social']",10,10.0,discount,0,1
e1c6ff66f7a84bea8e9f1024b8738571,0b1e1539f2cc45b7b9fa7c272da2e1d7,504,,660.0,5.0,5,"['web', 'email']",20,10.0,discount,0,1
e1dc0583e0614731b340a0799a970c44,9b98b8c7a33c4b65b9aebfe6a799e6d9,0,,12.0,5.0,5,"['web', 'email', 'mobile']",5,7.0,bogo,0,1
e1dc82d60ba143359639a79f6b9827f5,9b98b8c7a33c4b65b9aebfe6a799e6d9,576,,588.0,5.0,5,"['web', 'email', 'mobile']",5,7.0,bogo,0,1
e1e4b47968ef4250971adab48f164f86,0b1e1539f2cc45b7b9fa7c272da2e1d7,504,,564.0,5.0,5,"['web', 'email']",20,10.0,discount,0,1
e1f69f61ede041bd97bb70f68c267e4f,0b1e1539f2cc45b7b9fa7c272da2e1d7,336,,462.0,5.0,5,"['web', 'email']",20,10.0,discount,0,1
e1f69f61ede041bd97bb70f68c267e4f,2906b810c7d4411798c6938adc9daaa5,576,,684.0,2.0,2,"['web', 'email', 'mobile']",10,7.0,discount,0,1
e2098c2116e8410d918745453273487a,ae264e3637204a6fb9bb56bc8210ddfd,504,,624.0,10.0,10,"['email', 'mobile', 'social']",10,7.0,bogo,0,1
e2098c2116e8410d918745453273487a,9b98b8c7a33c4b65b9aebfe6a799e6d9,576,,624.0,5.0,5,"['web', 'email', 'mobile']",5,7.0,bogo,0,1
e221d896cd5147768d19ea5bc3a53fe4,2906b810c7d4411798c6938adc9daaa5,336,,366.0,2.0,2,"['web', 'email', 'mobile']",10,7.0,discount,0,1
e23280a162b34a94a7b45ce5d9b18b7a,2906b810c7d4411798c6938adc9daaa5,504,,504.0,2.0,2,"['web', 'email', 'mobile']",10,7.0,discount,0,1
e25246eda3e449d4be7ca3f32687042e,9b98b8c7a33c4b65b9aebfe6a799e6d9,504,,528.0,5.0,5,"['web', 'email', 'mobile']",5,7.0,bogo,0,1
e26309c6dfc845d09ae8812d2c3282cc,0b1e1539f2cc45b7b9fa7c272da2e1d7,504,,648.0,5.0,5,"['web', 'email']",20,10.0,discount,0,1
e2680b8f841b4b0b975a4dc3d54a4fd6,9b98b8c7a33c4b65b9aebfe6a799e6d9,504,,552.0,5.0,5,"['web', 'email', 'mobile']",5,7.0,bogo,0,1
e268ed3a6b494da8a4f91c92d031eed3,0b1e1539f2cc45b7b9fa7c272da2e1d7,336,,468.0,5.0,5,"['web', 'email']",20,10.0,discount,0,1
e268ed3a6b494da8a4f91c92d031eed3,2906b810c7d4411798c6938adc9daaa5,408,,468.0,2.0,2,"['web', 'email', 'mobile']",10,7.0,discount,0,1
e26c4547c87543e8a3b01dd13165b807,fafdcd668e3743c1bb461111dcafc2a4,408,,612.0,2.0,2,"['web', 'email', 'mobile', 'social']",10,10.0,discount,0,1
e277228d77a64ab896d6dd6d88f970d3,9b98b8c7a33c4b65b9aebfe6a799e6d9,336,,354.0,5.0,5,"['web', 'email', 'mobile']",5,7.0,bogo,0,1
e27b7b5d901d438ab0365f39d460dbf5,2906b810c7d4411798c6938adc9daaa5,504,,654.0,2.0,2,"['web', 'email', 'mobile']",10,7.0,discount,0,1
e27d828d67894aa58a1e250ff5feb166,2906b810c7d4411798c6938adc9daaa5,504,,570.0,2.0,2,"['web', 'email', 'mobile']",10,7.0,discount,0,1
e281a984abd94368b10e9101fe038f6b,ae264e3637204a6fb9bb56bc8210ddfd,504,,516.0,10.0,10,"['email', 'mobile', 'social']",10,7.0,bogo,0,1
e2880c9e137a45358660085f5ced186f,0b1e1539f2cc45b7b9fa7c272da2e1d7,168,,252.0,5.0,5,"['web', 'email']",20,10.0,discount,0,1
e2966f15389e4e0e9a5891bd675a5f11,0b1e1539f2cc45b7b9fa7c272da2e1d7,408,,462.0,5.0,5,"['web', 'email']",20,10.0,discount,0,1
e2b96c1ccb164d4495e1e0b96a924074,0b1e1539f2cc45b7b9fa7c272da2e1d7,0,,180.0,5.0,5,"['web', 'email']",20,10.0,discount,0,1
e2b96c1ccb164d4495e1e0b96a924074,2906b810c7d4411798c6938adc9daaa5,336,,480.0,2.0,2,"['web', 'email', 'mobile']",10,7.0,discount,0,1
e2fd3352911844f0b3bc2965978c2798,0b1e1539f2cc45b7b9fa7c272da2e1d7,168,,288.0,5.0,5,"['web', 'email']",20,10.0,discount,0,1
e2fde1e26e474422b36954f98454795d,ae264e3637204a6fb9bb56bc8210ddfd,168,,186.0,10.0,10,"['email', 'mobile', 'social']",10,7.0,bogo,0,1
e2fde1e26e474422b36954f98454795d,0b1e1539f2cc45b7b9fa7c272da2e1d7,336,,486.0,5.0,5,"['web', 'email']",20,10.0,discount,0,1
e305c1d0dd384e2d824b4b4330da9166,fafdcd668e3743c1bb461111dcafc2a4,0,,12.0,2.0,2,"['web', 'email', 'mobile', 'social']",10,10.0,discount,0,1
e3089562160a48108205a76c5e7fd6b0,0b1e1539f2cc45b7b9fa7c272da2e1d7,168,,294.0,5.0,5,"['web', 'email']",20,10.0,discount,0,1
e311b9067f484ff8a11bc16c6c234465,4d5c57ea9a6940dd891ad53e9dbe8da0,504,,510.0,10.0,10,"['web', 'email', 'mobile', 'social']",10,5.0,bogo,0,1
e31676437a8343bd816bd93067a08b89,2906b810c7d4411798c6938adc9daaa5,168,,210.0,2.0,2,"['web', 'email', 'mobile']",10,7.0,discount,0,1
e323b4aa14f74a51a4f2bd2f485a2c0a,9b98b8c7a33c4b65b9aebfe6a799e6d9,504,,522.0,5.0,5,"['web', 'email', 'mobile']",5,7.0,bogo,0,1
e33da2c24861499a8dfd0b9a205e628f,2906b810c7d4411798c6938adc9daaa5,336,,426.0,2.0,2,"['web', 'email', 'mobile']",10,7.0,discount,0,1
e36d2aaafff84cf88cb4d6e04c4adc5f,9b98b8c7a33c4b65b9aebfe6a799e6d9,0,,24.0,5.0,5,"['web', 'email', 'mobile']",5,7.0,bogo,0,1
e3728b309d2a4dac904aa3286a8cb2ca,2906b810c7d4411798c6938adc9daaa5,168,,228.0,2.0,2,"['web', 'email', 'mobile']",10,7.0,discount,0,1
e3728b309d2a4dac904aa3286a8cb2ca,0b1e1539f2cc45b7b9fa7c272da2e1d7,408,,534.0,5.0,5,"['web', 'email']",20,10.0,discount,0,1
e376f68b370949c8b4eb3829e28f46ae,0b1e1539f2cc45b7b9fa7c272da2e1d7,336,,534.0,5.0,5,"['web', 'email']",20,10.0,discount,0,1
e37a0ba3db6544caad344622b4f82670,ae264e3637204a6fb9bb56bc8210ddfd,168,,312.0,10.0,10,"['email', 'mobile', 'social']",10,7.0,bogo,0,1
e37c22feaa954a83b0d8ecc2be1f639a,0b1e1539f2cc45b7b9fa7c272da2e1d7,0,,228.0,5.0,5,"['web', 'email']",20,10.0,discount,0,1
e37c22feaa954a83b0d8ecc2be1f639a,2906b810c7d4411798c6938adc9daaa5,168,,228.0,2.0,2,"['web', 'email', 'mobile']",10,7.0,discount,0,1
e37c22feaa954a83b0d8ecc2be1f639a,ae264e3637204a6fb9bb56bc8210ddfd,336,,354.0,10.0,10,"['email', 'mobile', 'social']",10,7.0,bogo,0,1
e38dc3a28aef4867a340d645e091a5e9,9b98b8c7a33c4b65b9aebfe6a799e6d9,408,,426.0,5.0,5,"['web', 'email', 'mobile']",5,7.0,bogo,0,1
e3bb35e38e40400397f3f663ae2d2260,f19421c1d4aa40978ebb69ca19b0e20d,336,,354.0,5.0,5,"['web', 'email', 'mobile', 'social']",5,5.0,bogo,0,1
e3bb35e38e40400397f3f663ae2d2260,0b1e1539f2cc45b7b9fa7c272da2e1d7,576,,684.0,5.0,5,"['web', 'email']",20,10.0,discount,0,1
e3d702e7f76e4b7abf3504037b4618e7,0b1e1539f2cc45b7b9fa7c272da2e1d7,336,,492.0,5.0,5,"['web', 'email']",20,10.0,discount,0,1
e3d76b6e78c542f682a6a3bb7c3d275b,0b1e1539f2cc45b7b9fa7c272da2e1d7,336,,492.0,5.0,5,"['web', 'email']",20,10.0,discount,0,1
e3d7fa1e32ac4eeb9003f2b9af563ac8,9b98b8c7a33c4b65b9aebfe6a799e6d9,408,,426.0,5.0,5,"['web', 'email', 'mobile']",5,7.0,bogo,0,1
e3eeb90c393a42279c6cb7e6c992ad49,fafdcd668e3743c1bb461111dcafc2a4,504,,618.0,2.0,2,"['web', 'email', 'mobile', 'social']",10,10.0,discount,0,1
e3f4b96fff8b495f9cfc881e5b9dd74f,9b98b8c7a33c4b65b9aebfe6a799e6d9,0,,12.0,5.0,5,"['web', 'email', 'mobile']",5,7.0,bogo,0,1
e3f4b96fff8b495f9cfc881e5b9dd74f,2906b810c7d4411798c6938adc9daaa5,576,,606.0,2.0,2,"['web', 'email', 'mobile']",10,7.0,discount,0,1
e4087b3f387b47e38d58e920f779056b,9b98b8c7a33c4b65b9aebfe6a799e6d9,576,,678.0,5.0,5,"['web', 'email', 'mobile']",5,7.0,bogo,0,1
e40a30e3e700408388a01b8654001020,2906b810c7d4411798c6938adc9daaa5,408,,546.0,2.0,2,"['web', 'email', 'mobile']",10,7.0,discount,0,1
e414c53ed6a547b79dc6c5b84c65e4fc,2906b810c7d4411798c6938adc9daaa5,336,,498.0,2.0,2,"['web', 'email', 'mobile']",10,7.0,discount,0,1
e4564aa65a714a7ca782e41c23f20b0d,2906b810c7d4411798c6938adc9daaa5,0,,300.0,2.0,2,"['web', 'email', 'mobile']",10,7.0,discount,0,1
e4564aa65a714a7ca782e41c23f20b0d,9b98b8c7a33c4b65b9aebfe6a799e6d9,336,,396.0,5.0,5,"['web', 'email', 'mobile']",5,7.0,bogo,0,1
e46283405b094b62806e05f24c5f0304,0b1e1539f2cc45b7b9fa7c272da2e1d7,336,,462.0,5.0,5,"['web', 'email']",20,10.0,discount,0,1
e465b76ab7fe45aab973997ee3412e7e,2298d6c36e964ae4a3e7e9706d1fb8c2,336,,462.0,3.0,3,"['web', 'email', 'mobile', 'social']",7,7.0,discount,0,1
e490d5694a114facabe8b70470000a2e,9b98b8c7a33c4b65b9aebfe6a799e6d9,408,,534.0,5.0,5,"['web', 'email', 'mobile']",5,7.0,bogo,0,1
e4aa35b0f70e4c9ba48dc5f433b230e1,9b98b8c7a33c4b65b9aebfe6a799e6d9,408,,444.0,5.0,5,"['web', 'email', 'mobile']",5,7.0,bogo,0,1
e4aa35b0f70e4c9ba48dc5f433b230e1,2906b810c7d4411798c6938adc9daaa5,504,,570.0,2.0,2,"['web', 'email', 'mobile']",10,7.0,discount,0,1
e4b82a439eed4edea2cb01bff6e35634,0b1e1539f2cc45b7b9fa7c272da2e1d7,408,,468.0,5.0,5,"['web', 'email']",20,10.0,discount,0,1
e4be5758c6a1433b9c3a27c62eefd1ba,9b98b8c7a33c4b65b9aebfe6a799e6d9,0,,60.0,5.0,5,"['web', 'email', 'mobile']",5,7.0,bogo,0,1
e4d195561e104c2fb5aec616c1a29f07,0b1e1539f2cc45b7b9fa7c272da2e1d7,504,,630.0,5.0,5,"['web', 'email']",20,10.0,discount,0,1
e4d2577de3a54f1388205707ff0ed056,2906b810c7d4411798c6938adc9daaa5,336,,420.0,2.0,2,"['web', 'email', 'mobile']",10,7.0,discount,0,1
e51edf76d2d04cc5aa78d6fa204384e9,9b98b8c7a33c4b65b9aebfe6a799e6d9,504,,630.0,5.0,5,"['web', 'email', 'mobile']",5,7.0,bogo,0,1
e53124d8d13c4e1db9a56a08bef4a1b9,2906b810c7d4411798c6938adc9daaa5,168,,174.0,2.0,2,"['web', 'email', 'mobile']",10,7.0,discount,0,1
e5321ed1b91147fa9b9726216bc132ce,2906b810c7d4411798c6938adc9daaa5,504,,648.0,2.0,2,"['web', 'email', 'mobile']",10,7.0,discount,0,1
e5476f13ac174d3ab883a26f738d3cdd,2906b810c7d4411798c6938adc9daaa5,336,,414.0,2.0,2,"['web', 'email', 'mobile']",10,7.0,discount,0,1
e5476f13ac174d3ab883a26f738d3cdd,9b98b8c7a33c4b65b9aebfe6a799e6d9,504,,558.0,5.0,5,"['web', 'email', 'mobile']",5,7.0,bogo,0,1
e54dd32160dc4ce096d5799d6b2b0930,9b98b8c7a33c4b65b9aebfe6a799e6d9,0,,156.0,5.0,5,"['web', 'email', 'mobile']",5,7.0,bogo,0,1
e5577291ea424ed2b73957bdbfd295ab,ae264e3637204a6fb9bb56bc8210ddfd,408,,408.0,10.0,10,"['email', 'mobile', 'social']",10,7.0,bogo,0,1
e5577291ea424ed2b73957bdbfd295ab,2906b810c7d4411798c6938adc9daaa5,576,,606.0,2.0,2,"['web', 'email', 'mobile']",10,7.0,discount,0,1
e57d16caa8ab40c4ae2d97223b6a6d31,2906b810c7d4411798c6938adc9daaa5,0,,54.0,2.0,2,"['web', 'email', 'mobile']",10,7.0,discount,0,1
e590c974d8274f89a02fecaa11b6670b,2906b810c7d4411798c6938adc9daaa5,576,,708.0,2.0,2,"['web', 'email', 'mobile']",10,7.0,discount,0,1
e5a2b468613a4218b0cae03d47a02e23,0b1e1539f2cc45b7b9fa7c272da2e1d7,0,,108.0,5.0,5,"['web', 'email']",20,10.0,discount,0,1
e5a2b468613a4218b0cae03d47a02e23,9b98b8c7a33c4b65b9aebfe6a799e6d9,504,,570.0,5.0,5,"['web', 'email', 'mobile']",5,7.0,bogo,0,1
e5b497a2e574435db16860b84468052f,2906b810c7d4411798c6938adc9daaa5,504,,606.0,2.0,2,"['web', 'email', 'mobile']",10,7.0,discount,0,1
e5b497a2e574435db16860b84468052f,9b98b8c7a33c4b65b9aebfe6a799e6d9,576,,606.0,5.0,5,"['web', 'email', 'mobile']",5,7.0,bogo,0,1
e5cf4516ab4c477eaf6db1265f3f658e,0b1e1539f2cc45b7b9fa7c272da2e1d7,408,,582.0,5.0,5,"['web', 'email']",20,10.0,discount,0,1
e5cf4516ab4c477eaf6db1265f3f658e,fafdcd668e3743c1bb461111dcafc2a4,504,,540.0,2.0,2,"['web', 'email', 'mobile', 'social']",10,10.0,discount,0,1
e5d3238906284a18814d35787c9df9d8,9b98b8c7a33c4b65b9aebfe6a799e6d9,168,,642.0,5.0,5,"['web', 'email', 'mobile']",5,7.0,bogo,0,1
e5d9981344d64051ab8e2a2a466d146b,fafdcd668e3743c1bb461111dcafc2a4,336,,426.0,2.0,2,"['web', 'email', 'mobile', 'social']",10,10.0,discount,0,1
e5d9981344d64051ab8e2a2a466d146b,2906b810c7d4411798c6938adc9daaa5,576,,576.0,2.0,2,"['web', 'email', 'mobile']",10,7.0,discount,0,1
e5d9e755d4824d059283beb207256c6b,0b1e1539f2cc45b7b9fa7c272da2e1d7,504,,696.0,5.0,5,"['web', 'email']",20,10.0,discount,0,1
e5f9bc8122ad4676a7dfbd6cb003878d,2906b810c7d4411798c6938adc9daaa5,0,,126.0,2.0,2,"['web', 'email', 'mobile']",10,7.0,discount,0,1
e6134203f1d04330b0bd0246da4ae106,0b1e1539f2cc45b7b9fa7c272da2e1d7,336,,504.0,5.0,5,"['web', 'email']",20,10.0,discount,0,1
e61a1530bbd2415597b8a326dc466962,9b98b8c7a33c4b65b9aebfe6a799e6d9,576,,576.0,5.0,5,"['web', 'email', 'mobile']",5,7.0,bogo,0,1
e61a428312024ef493facecdbf5188cb,2906b810c7d4411798c6938adc9daaa5,408,,444.0,2.0,2,"['web', 'email', 'mobile']",10,7.0,discount,0,1
e628f7a6743d4db2940cf81e6a371db1,0b1e1539f2cc45b7b9fa7c272da2e1d7,504,,588.0,5.0,5,"['web', 'email']",20,10.0,discount,0,1
e64b41697854427e8286ce5514803f60,9b98b8c7a33c4b65b9aebfe6a799e6d9,0,,366.0,5.0,5,"['web', 'email', 'mobile']",5,7.0,bogo,0,1
e6610f34d20d4f9da23105c3ee064b7d,9b98b8c7a33c4b65b9aebfe6a799e6d9,336,,450.0,5.0,5,"['web', 'email', 'mobile']",5,7.0,bogo,0,1
e668676a93b44ceb900e81d53c48126e,2906b810c7d4411798c6938adc9daaa5,408,,546.0,2.0,2,"['web', 'email', 'mobile']",10,7.0,discount,0,1
e680e88545054c9287013048174ad570,ae264e3637204a6fb9bb56bc8210ddfd,336,,480.0,10.0,10,"['email', 'mobile', 'social']",10,7.0,bogo,0,1
e6c2258206e042bda5c9cdf888ed1aa0,2906b810c7d4411798c6938adc9daaa5,576,,660.0,2.0,2,"['web', 'email', 'mobile']",10,7.0,discount,0,1
e6d3335fdf2c4cd2ac8edcd2bb06b289,2906b810c7d4411798c6938adc9daaa5,408,,558.0,2.0,2,"['web', 'email', 'mobile']",10,7.0,discount,0,1
e6d80d24c3a841d189c25fa2cd997b02,9b98b8c7a33c4b65b9aebfe6a799e6d9,168,,174.0,5.0,5,"['web', 'email', 'mobile']",5,7.0,bogo,0,1
e6d9da82e0bf4894a8570374f87f0588,2906b810c7d4411798c6938adc9daaa5,504,,516.0,2.0,2,"['web', 'email', 'mobile']",10,7.0,discount,0,1
e6e3ef82d604433bafcf9edbbc0b5637,0b1e1539f2cc45b7b9fa7c272da2e1d7,408,,420.0,5.0,5,"['web', 'email']",20,10.0,discount,0,1
e703c57a8747412293f8c911398bab0f,9b98b8c7a33c4b65b9aebfe6a799e6d9,0,,534.0,5.0,5,"['web', 'email', 'mobile']",5,7.0,bogo,0,1
e703c57a8747412293f8c911398bab0f,f19421c1d4aa40978ebb69ca19b0e20d,504,,534.0,5.0,5,"['web', 'email', 'mobile', 'social']",5,5.0,bogo,0,1
e728082aa4f141a89542615ee0d78f16,2906b810c7d4411798c6938adc9daaa5,0,,12.0,2.0,2,"['web', 'email', 'mobile']",10,7.0,discount,0,1
e72ad19d4f6c4827b69b55c5e3a55bba,9b98b8c7a33c4b65b9aebfe6a799e6d9,168,,276.0,5.0,5,"['web', 'email', 'mobile']",5,7.0,bogo,0,1
e737ff591120415581ddbe817b8c82ca,9b98b8c7a33c4b65b9aebfe6a799e6d9,168,,180.0,5.0,5,"['web', 'email', 'mobile']",5,7.0,bogo,0,1
e75281c1ea724c488b0016c73b89c1f7,ae264e3637204a6fb9bb56bc8210ddfd,168,,198.0,10.0,10,"['email', 'mobile', 'social']",10,7.0,bogo,0,1
e7543efb4ab449c48de222ed0b689db9,0b1e1539f2cc45b7b9fa7c272da2e1d7,504,,564.0,5.0,5,"['web', 'email']",20,10.0,discount,0,1
e76779d12c4341579171253544ec013d,9b98b8c7a33c4b65b9aebfe6a799e6d9,504,,510.0,5.0,5,"['web', 'email', 'mobile']",5,7.0,bogo,0,1
e77728c47c86418b834a692685ab15ff,2906b810c7d4411798c6938adc9daaa5,504,,666.0,2.0,2,"['web', 'email', 'mobile']",10,7.0,discount,0,1
e791900140c943b2b5a4b60b07cd3e92,9b98b8c7a33c4b65b9aebfe6a799e6d9,168,,204.0,5.0,5,"['web', 'email', 'mobile']",5,7.0,bogo,0,1
e7ad46509cd94c5e82c3eedc4f3c3bb8,2906b810c7d4411798c6938adc9daaa5,336,,354.0,2.0,2,"['web', 'email', 'mobile']",10,7.0,discount,0,1
e7c0690d0cc447f9874d0cf1d5053fc4,9b98b8c7a33c4b65b9aebfe6a799e6d9,336,,432.0,5.0,5,"['web', 'email', 'mobile']",5,7.0,bogo,0,1
e7c0690d0cc447f9874d0cf1d5053fc4,2906b810c7d4411798c6938adc9daaa5,576,,588.0,2.0,2,"['web', 'email', 'mobile']",10,7.0,discount,0,1
e7d8d76f719648f28169097d374d2389,0b1e1539f2cc45b7b9fa7c272da2e1d7,336,,408.0,5.0,5,"['web', 'email']",20,10.0,discount,0,1
e7e4b1be1dae4fe78dc9bdeca1d1a904,2906b810c7d4411798c6938adc9daaa5,504,,672.0,2.0,2,"['web', 'email', 'mobile']",10,7.0,discount,0,1
e7e88108a354461b9ac3ca0246888824,9b98b8c7a33c4b65b9aebfe6a799e6d9,504,,588.0,5.0,5,"['web', 'email', 'mobile']",5,7.0,bogo,0,1
e7f1ad269a7144fa9f6213a69b662e5b,9b98b8c7a33c4b65b9aebfe6a799e6d9,336,,348.0,5.0,5,"['web', 'email', 'mobile']",5,7.0,bogo,0,1
e7f53eb7aba343e09c8975e998cdf0a6,0b1e1539f2cc45b7b9fa7c272da2e1d7,504,,570.0,5.0,5,"['web', 'email']",20,10.0,discount,0,1
e7fd200255cf48e1a75c4316da554941,fafdcd668e3743c1bb461111dcafc2a4,336,,558.0,2.0,2,"['web', 'email', 'mobile', 'social']",10,10.0,discount,0,1
e7fd200255cf48e1a75c4316da554941,9b98b8c7a33c4b65b9aebfe6a799e6d9,408,,558.0,5.0,5,"['web', 'email', 'mobile']",5,7.0,bogo,0,1
e7fd200255cf48e1a75c4316da554941,2906b810c7d4411798c6938adc9daaa5,504,,558.0,2.0,2,"['web', 'email', 'mobile']",10,7.0,discount,0,1
e8246149671c4a248c8666a2d7ad36d1,f19421c1d4aa40978ebb69ca19b0e20d,408,,450.0,5.0,5,"['web', 'email', 'mobile', 'social']",5,5.0,bogo,0,1
e8286cf0c4f04ebe9f4f3d41f7e063bd,9b98b8c7a33c4b65b9aebfe6a799e6d9,336,,432.0,5.0,5,"['web', 'email', 'mobile']",5,7.0,bogo,0,1
e8290274262e40ea985df30a9b40a07d,2906b810c7d4411798c6938adc9daaa5,504,,534.0,2.0,2,"['web', 'email', 'mobile']",10,7.0,discount,0,1
e8290274262e40ea985df30a9b40a07d,0b1e1539f2cc45b7b9fa7c272da2e1d7,576,,576.0,5.0,5,"['web', 'email']",20,10.0,discount,0,1
e83b1d8a75f840f482ff0834981b99ce,0b1e1539f2cc45b7b9fa7c272da2e1d7,408,,450.0,5.0,5,"['web', 'email']",20,10.0,discount,0,1
e85b454e24e04e6585ca31f61753849b,2906b810c7d4411798c6938adc9daaa5,576,,624.0,2.0,2,"['web', 'email', 'mobile']",10,7.0,discount,0,1
e88b9aaa938c446289fb909cffeaa255,2906b810c7d4411798c6938adc9daaa5,336,,426.0,2.0,2,"['web', 'email', 'mobile']",10,7.0,discount,0,1
e8926849bbe24ce488d4f3fcd3b537e8,f19421c1d4aa40978ebb69ca19b0e20d,0,,78.0,5.0,5,"['web', 'email', 'mobile', 'social']",5,5.0,bogo,0,1
e89343c8b43040e1a55945cd6cba387f,9b98b8c7a33c4b65b9aebfe6a799e6d9,336,,360.0,5.0,5,"['web', 'email', 'mobile']",5,7.0,bogo,0,1
e89343c8b43040e1a55945cd6cba387f,0b1e1539f2cc45b7b9fa7c272da2e1d7,576,,612.0,5.0,5,"['web', 'email']",20,10.0,discount,0,1
e898fd4f68ea490e92191c6ee98fd60c,0b1e1539f2cc45b7b9fa7c272da2e1d7,0,,78.0,5.0,5,"['web', 'email']",20,10.0,discount,0,1
e8b235494f694a00bf8b3f1915eb8039,9b98b8c7a33c4b65b9aebfe6a799e6d9,408,,438.0,5.0,5,"['web', 'email', 'mobile']",5,7.0,bogo,0,1
e8bac02b54744d18914d79491060bd57,9b98b8c7a33c4b65b9aebfe6a799e6d9,168,,192.0,5.0,5,"['web', 'email', 'mobile']",5,7.0,bogo,0,1
e8c9a3ce8bff405c89ee18f26746be2a,2906b810c7d4411798c6938adc9daaa5,336,,444.0,2.0,2,"['web', 'email', 'mobile']",10,7.0,discount,0,1
e8c9a3ce8bff405c89ee18f26746be2a,0b1e1539f2cc45b7b9fa7c272da2e1d7,408,,480.0,5.0,5,"['web', 'email']",20,10.0,discount,0,1
e8d19ba3ff474f1a924e94632cea8ff6,0b1e1539f2cc45b7b9fa7c272da2e1d7,576,,642.0,5.0,5,"['web', 'email']",20,10.0,discount,0,1
e8f1bee026c14932b9e0aad8c404afe1,0b1e1539f2cc45b7b9fa7c272da2e1d7,168,,300.0,5.0,5,"['web', 'email']",20,10.0,discount,0,1
e8f410d5c3674f5ebaba29fa359ca09e,fafdcd668e3743c1bb461111dcafc2a4,336,,546.0,2.0,2,"['web', 'email', 'mobile', 'social']",10,10.0,discount,0,1
e93328e346df40dcaa64e659bbd0fbaf,2298d6c36e964ae4a3e7e9706d1fb8c2,504,,582.0,3.0,3,"['web', 'email', 'mobile', 'social']",7,7.0,discount,0,1
e95e8899562f4cad8d53ed81367af82a,9b98b8c7a33c4b65b9aebfe6a799e6d9,576,,576.0,5.0,5,"['web', 'email', 'mobile']",5,7.0,bogo,0,1
e9641ed9e2c743889ae3e96f528ef459,9b98b8c7a33c4b65b9aebfe6a799e6d9,408,,420.0,5.0,5,"['web', 'email', 'mobile']",5,7.0,bogo,0,1
e9844d5beac04bf8b8d3ad18f7e37fca,0b1e1539f2cc45b7b9fa7c272da2e1d7,336,,528.0,5.0,5,"['web', 'email']",20,10.0,discount,0,1
e999c4985c4347cdae42c5097959093f,2906b810c7d4411798c6938adc9daaa5,408,,564.0,2.0,2,"['web', 'email', 'mobile']",10,7.0,discount,0,1
e99b64edaf96492c93082ec9a870f598,f19421c1d4aa40978ebb69ca19b0e20d,408,,438.0,5.0,5,"['web', 'email', 'mobile', 'social']",5,5.0,bogo,0,1
e99d297afce1463daade7868c26e298b,2906b810c7d4411798c6938adc9daaa5,336,,336.0,2.0,2,"['web', 'email', 'mobile']",10,7.0,discount,0,1
e99fe37403644eca8353fe99768b7d0e,2906b810c7d4411798c6938adc9daaa5,0,,6.0,2.0,2,"['web', 'email', 'mobile']",10,7.0,discount,0,1
e9aac3bd9232447e8f96e220d8209e7d,0b1e1539f2cc45b7b9fa7c272da2e1d7,168,,354.0,5.0,5,"['web', 'email']",20,10.0,discount,0,1
e9aac3bd9232447e8f96e220d8209e7d,2906b810c7d4411798c6938adc9daaa5,408,,408.0,2.0,2,"['web', 'email', 'mobile']",10,7.0,discount,0,1
e9c525e96f2e489aac1d9881697ca316,9b98b8c7a33c4b65b9aebfe6a799e6d9,168,,312.0,5.0,5,"['web', 'email', 'mobile']",5,7.0,bogo,0,1
e9d95a32f93e4fa4b00990812acde9c7,0b1e1539f2cc45b7b9fa7c272da2e1d7,0,,240.0,5.0,5,"['web', 'email']",20,10.0,discount,0,1
e9f332161dd842eaaf32252c8c231e6d,2906b810c7d4411798c6938adc9daaa5,336,,414.0,2.0,2,"['web', 'email', 'mobile']",10,7.0,discount,0,1
ea0704e155a54733a6882377ef0eaea1,0b1e1539f2cc45b7b9fa7c272da2e1d7,0,,66.0,5.0,5,"['web', 'email']",20,10.0,discount,0,1
ea0704e155a54733a6882377ef0eaea1,2298d6c36e964ae4a3e7e9706d1fb8c2,408,,450.0,3.0,3,"['web', 'email', 'mobile', 'social']",7,7.0,discount,0,1
ea0704e155a54733a6882377ef0eaea1,2906b810c7d4411798c6938adc9daaa5,504,,564.0,2.0,2,"['web', 'email', 'mobile']",10,7.0,discount,0,1
ea0c00f10cfe4af4a197308ee893edc6,0b1e1539f2cc45b7b9fa7c272da2e1d7,336,,498.0,5.0,5,"['web', 'email']",20,10.0,discount,0,1
ea10d329aaae4289bad750793117f69f,2906b810c7d4411798c6938adc9daaa5,408,,522.0,2.0,2,"['web', 'email', 'mobile']",10,7.0,discount,0,1
ea1564ae2fe34244b13f1dd5903b6af4,ae264e3637204a6fb9bb56bc8210ddfd,408,,570.0,10.0,10,"['email', 'mobile', 'social']",10,7.0,bogo,0,1
ea58bf7f48d3483eb41509aa2382a81a,0b1e1539f2cc45b7b9fa7c272da2e1d7,336,,510.0,5.0,5,"['web', 'email']",20,10.0,discount,0,1
ea5f5cd2fa5242fdae1cfa08626579a9,0b1e1539f2cc45b7b9fa7c272da2e1d7,576,,624.0,5.0,5,"['web', 'email']",20,10.0,discount,0,1
ea7f246ae5d0470b980f8fc154177b18,f19421c1d4aa40978ebb69ca19b0e20d,336,,408.0,5.0,5,"['web', 'email', 'mobile', 'social']",5,5.0,bogo,0,1
ea80e80e157a410d8fdfc6221f4a785a,0b1e1539f2cc45b7b9fa7c272da2e1d7,336,,522.0,5.0,5,"['web', 'email']",20,10.0,discount,0,1
ea80e80e157a410d8fdfc6221f4a785a,9b98b8c7a33c4b65b9aebfe6a799e6d9,504,,522.0,5.0,5,"['web', 'email', 'mobile']",5,7.0,bogo,0,1
ea817a9dae854c26b1cbf9fa52480194,ae264e3637204a6fb9bb56bc8210ddfd,336,,342.0,10.0,10,"['email', 'mobile', 'social']",10,7.0,bogo,0,1
ea8ae9ebc89b41ffb097dabbf8fe3c24,0b1e1539f2cc45b7b9fa7c272da2e1d7,336,,402.0,5.0,5,"['web', 'email']",20,10.0,discount,0,1
ea8f4cc60a1e4ad3845cd8c49978899b,2906b810c7d4411798c6938adc9daaa5,408,,552.0,2.0,2,"['web', 'email', 'mobile']",10,7.0,discount,0,1
ea937c66a95e4ecd917b7bbcabd8104e,0b1e1539f2cc45b7b9fa7c272da2e1d7,0,,60.0,5.0,5,"['web', 'email']",20,10.0,discount,0,1
eaaa456d803e49798017100b16fda6c5,9b98b8c7a33c4b65b9aebfe6a799e6d9,0,,414.0,5.0,5,"['web', 'email', 'mobile']",5,7.0,bogo,0,1
eaf62110c2f744719e0ff528a2717747,2906b810c7d4411798c6938adc9daaa5,336,,336.0,2.0,2,"['web', 'email', 'mobile']",10,7.0,discount,0,1
eb1ac23785c04e32aed043360c53234e,0b1e1539f2cc45b7b9fa7c272da2e1d7,168,,228.0,5.0,5,"['web', 'email']",20,10.0,discount,0,1
eb1ebe497d654c17b2fa99e40eb3d2d0,9b98b8c7a33c4b65b9aebfe6a799e6d9,168,,528.0,5.0,5,"['web', 'email', 'mobile']",5,7.0,bogo,0,1
eb24e03660794ac0a571614507c2bb2a,0b1e1539f2cc45b7b9fa7c272da2e1d7,576,,672.0,5.0,5,"['web', 'email']",20,10.0,discount,0,1
eb2aac9003d7475ba172d7328ad6ed38,9b98b8c7a33c4b65b9aebfe6a799e6d9,576,,588.0,5.0,5,"['web', 'email', 'mobile']",5,7.0,bogo,0,1
eb35e21cf33d4184b4b97c3c292d0cb2,ae264e3637204a6fb9bb56bc8210ddfd,576,,600.0,10.0,10,"['email', 'mobile', 'social']",10,7.0,bogo,0,1
eb3ce155c32f4c80a29a3417a1e698d5,f19421c1d4aa40978ebb69ca19b0e20d,336,,426.0,5.0,5,"['web', 'email', 'mobile', 'social']",5,5.0,bogo,0,1
eb3ce155c32f4c80a29a3417a1e698d5,0b1e1539f2cc45b7b9fa7c272da2e1d7,504,,702.0,5.0,5,"['web', 'email']",20,10.0,discount,0,1
eb4d5a6585a0427aafdaab2e6f2c4584,4d5c57ea9a6940dd891ad53e9dbe8da0,504,,528.0,10.0,10,"['web', 'email', 'mobile', 'social']",10,5.0,bogo,0,1
eb58d9e5f66e432884a576c89e194337,2906b810c7d4411798c6938adc9daaa5,504,,504.0,2.0,2,"['web', 'email', 'mobile']",10,7.0,discount,0,1
eb5db7f1468847288b3caa2600d33eeb,2298d6c36e964ae4a3e7e9706d1fb8c2,336,,336.0,3.0,3,"['web', 'email', 'mobile', 'social']",7,7.0,discount,0,1
eb834c09384149e88983526893d4d0cb,0b1e1539f2cc45b7b9fa7c272da2e1d7,408,,492.0,5.0,5,"['web', 'email']",20,10.0,discount,0,1
eb840b33e9444cb39fdb065552843660,2906b810c7d4411798c6938adc9daaa5,504,,546.0,2.0,2,"['web', 'email', 'mobile']",10,7.0,discount,0,1
eb8c6c64e7ca49168f5ba2c13cffccd8,0b1e1539f2cc45b7b9fa7c272da2e1d7,408,,594.0,5.0,5,"['web', 'email']",20,10.0,discount,0,1
eb9e4fd1814b4fba9cdff0eb00f35278,ae264e3637204a6fb9bb56bc8210ddfd,336,,348.0,10.0,10,"['email', 'mobile', 'social']",10,7.0,bogo,0,1
eba6b7c84ad749b6bcd18fd0bc8dc589,9b98b8c7a33c4b65b9aebfe6a799e6d9,336,,354.0,5.0,5,"['web', 'email', 'mobile']",5,7.0,bogo,0,1
eba8d696316d42be9837b38f908db3ac,0b1e1539f2cc45b7b9fa7c272da2e1d7,504,,660.0,5.0,5,"['web', 'email']",20,10.0,discount,0,1
ebaf30c4b8e643f69a78f5fddcdc42ae,0b1e1539f2cc45b7b9fa7c272da2e1d7,0,,324.0,5.0,5,"['web', 'email']",20,10.0,discount,0,1
ebbfb93885724e8db1ecdd3201eb49ee,2906b810c7d4411798c6938adc9daaa5,168,,336.0,2.0,2,"['web', 'email', 'mobile']",10,7.0,discount,0,1
ebc303bcc1b44aa6b4d1762960451468,0b1e1539f2cc45b7b9fa7c272da2e1d7,336,,444.0,5.0,5,"['web', 'email']",20,10.0,discount,0,1
ebeb7e7fcb9b46b6b11221f0b58e6b6b,9b98b8c7a33c4b65b9aebfe6a799e6d9,0,,102.0,5.0,5,"['web', 'email', 'mobile']",5,7.0,bogo,0,1
ec539cd856754923995755f0dd1af470,2906b810c7d4411798c6938adc9daaa5,576,,582.0,2.0,2,"['web', 'email', 'mobile']",10,7.0,discount,0,1
ec58b08e4c184bbca848bfc48d56b0a9,2906b810c7d4411798c6938adc9daaa5,0,,42.0,2.0,2,"['web', 'email', 'mobile']",10,7.0,discount,0,1
ec8e29cea5e24a7d91896afb4c6c00c2,2906b810c7d4411798c6938adc9daaa5,0,,132.0,2.0,2,"['web', 'email', 'mobile']",10,7.0,discount,0,1
ec93d84804354bfe8b9e6a2c74bbc56d,0b1e1539f2cc45b7b9fa7c272da2e1d7,168,,216.0,5.0,5,"['web', 'email']",20,10.0,discount,0,1
ec93fe749a8e42628138f96bb29d1ac5,0b1e1539f2cc45b7b9fa7c272da2e1d7,408,,594.0,5.0,5,"['web', 'email']",20,10.0,discount,0,1
ecb6986179c447e1b489082d7e875c80,0b1e1539f2cc45b7b9fa7c272da2e1d7,408,,486.0,5.0,5,"['web', 'email']",20,10.0,discount,0,1
ecb763b18df94c83b2bd65ae4e7d8b4e,9b98b8c7a33c4b65b9aebfe6a799e6d9,336,,438.0,5.0,5,"['web', 'email', 'mobile']",5,7.0,bogo,0,1
ecbf6ad5e59a484a8cb3296129d3beda,0b1e1539f2cc45b7b9fa7c272da2e1d7,168,,168.0,5.0,5,"['web', 'email']",20,10.0,discount,0,1
eccaf1fd7f144b42a2489c941e9d65a2,2906b810c7d4411798c6938adc9daaa5,504,,624.0,2.0,2,"['web', 'email', 'mobile']",10,7.0,discount,0,1
ecce51f5f6224fc7a765988372b52277,9b98b8c7a33c4b65b9aebfe6a799e6d9,336,,372.0,5.0,5,"['web', 'email', 'mobile']",5,7.0,bogo,0,1
ecffdade856446168b87a147bc8d2342,0b1e1539f2cc45b7b9fa7c272da2e1d7,0,,144.0,5.0,5,"['web', 'email']",20,10.0,discount,0,1
ed053f6f972b45e79b8265a56a050829,0b1e1539f2cc45b7b9fa7c272da2e1d7,336,,570.0,5.0,5,"['web', 'email']",20,10.0,discount,0,1
ed213022de554001874b97fcff479283,0b1e1539f2cc45b7b9fa7c272da2e1d7,408,,438.0,5.0,5,"['web', 'email']",20,10.0,discount,0,1
ed462520a18c4f1d9337a11ef21c931c,2298d6c36e964ae4a3e7e9706d1fb8c2,504,,540.0,3.0,3,"['web', 'email', 'mobile', 'social']",7,7.0,discount,0,1
ed79f35c799d4f829f864b86f5eb43f7,ae264e3637204a6fb9bb56bc8210ddfd,168,,312.0,10.0,10,"['email', 'mobile', 'social']",10,7.0,bogo,0,1
ed805e591d6e4ccba7c80721b6f6d8d4,9b98b8c7a33c4b65b9aebfe6a799e6d9,408,,468.0,5.0,5,"['web', 'email', 'mobile']",5,7.0,bogo,0,1
ed84d24d38fd43feab88ed5c6a489124,9b98b8c7a33c4b65b9aebfe6a799e6d9,408,,450.0,5.0,5,"['web', 'email', 'mobile']",5,7.0,bogo,0,1
ed913dfc322d4f62988b2a45be7dada3,9b98b8c7a33c4b65b9aebfe6a799e6d9,336,,372.0,5.0,5,"['web', 'email', 'mobile']",5,7.0,bogo,0,1
edb1301a79144e64ac659b2e7b6628c9,0b1e1539f2cc45b7b9fa7c272da2e1d7,336,,378.0,5.0,5,"['web', 'email']",20,10.0,discount,0,1
edb48859c7654767a404c8a149eba711,0b1e1539f2cc45b7b9fa7c272da2e1d7,168,,570.0,5.0,5,"['web', 'email']",20,10.0,discount,0,1
edbc758c7c064562bb700298db948853,2906b810c7d4411798c6938adc9daaa5,336,,522.0,2.0,2,"['web', 'email', 'mobile']",10,7.0,discount,0,1
edc37c324ba440b1bab742f4ab4e1cfb,0b1e1539f2cc45b7b9fa7c272da2e1d7,576,,654.0,5.0,5,"['web', 'email']",20,10.0,discount,0,1
edddd144020249c381fee7be612e7b6d,f19421c1d4aa40978ebb69ca19b0e20d,336,,426.0,5.0,5,"['web', 'email', 'mobile', 'social']",5,5.0,bogo,0,1
ede45209d2ec4d8896efabdb430ae2ef,2906b810c7d4411798c6938adc9daaa5,168,,234.0,2.0,2,"['web', 'email', 'mobile']",10,7.0,discount,0,1
ede5e0e729d2430e8fe1f96a91d480f2,9b98b8c7a33c4b65b9aebfe6a799e6d9,168,,186.0,5.0,5,"['web', 'email', 'mobile']",5,7.0,bogo,0,1
ede5e0e729d2430e8fe1f96a91d480f2,2906b810c7d4411798c6938adc9daaa5,336,,474.0,2.0,2,"['web', 'email', 'mobile']",10,7.0,discount,0,1
edfb73e167d14e86ae9ad18dcc53cc39,0b1e1539f2cc45b7b9fa7c272da2e1d7,336,,498.0,5.0,5,"['web', 'email']",20,10.0,discount,0,1
ee1cfd321c9c4f0fa2a2f6078078a0e0,9b98b8c7a33c4b65b9aebfe6a799e6d9,336,,420.0,5.0,5,"['web', 'email', 'mobile']",5,7.0,bogo,0,1
ee2fadcf74d444aea46c8a3a51bed618,2906b810c7d4411798c6938adc9daaa5,408,,552.0,2.0,2,"['web', 'email', 'mobile']",10,7.0,discount,0,1
ee3ee28bff574bb58243e5baec4937f7,2906b810c7d4411798c6938adc9daaa5,336,,348.0,2.0,2,"['web', 'email', 'mobile']",10,7.0,discount,0,1
ee63c39ac43f44a28eca41ceab867c1d,0b1e1539f2cc45b7b9fa7c272da2e1d7,336,,576.0,5.0,5,"['web', 'email']",20,10.0,discount,0,1
ee73e828e4524b0c89a4dac6de392dab,ae264e3637204a6fb9bb56bc8210ddfd,336,,456.0,10.0,10,"['email', 'mobile', 'social']",10,7.0,bogo,0,1
ee745c75ef0948a191bd47853f92f3c5,0b1e1539f2cc45b7b9fa7c272da2e1d7,168,,264.0,5.0,5,"['web', 'email']",20,10.0,discount,0,1
ee8155c31f314673b8043c3881976c4b,0b1e1539f2cc45b7b9fa7c272da2e1d7,0,,60.0,5.0,5,"['web', 'email']",20,10.0,discount,0,1
ee8155c31f314673b8043c3881976c4b,ae264e3637204a6fb9bb56bc8210ddfd,576,,594.0,10.0,10,"['email', 'mobile', 'social']",10,7.0,bogo,0,1
ee8eccee44354ee38eea7b4704514136,2906b810c7d4411798c6938adc9daaa5,408,,432.0,2.0,2,"['web', 'email', 'mobile']",10,7.0,discount,0,1
ee9227fb8452414c91f06eb25c29d474,9b98b8c7a33c4b65b9aebfe6a799e6d9,0,,546.0,5.0,5,"['web', 'email', 'mobile']",5,7.0,bogo,0,1
ee933808dd9944af8828a38bd141e2a7,2906b810c7d4411798c6938adc9daaa5,336,,378.0,2.0,2,"['web', 'email', 'mobile']",10,7.0,discount,0,1
ee9386ba2ab84547b1b93879d5bcab64,9b98b8c7a33c4b65b9aebfe6a799e6d9,504,,534.0,5.0,5,"['web', 'email', 'mobile']",5,7.0,bogo,0,1
eea969c513c44be7babd7c9d8328e82e,9b98b8c7a33c4b65b9aebfe6a799e6d9,168,,228.0,5.0,5,"['web', 'email', 'mobile']",5,7.0,bogo,0,1
eea969c513c44be7babd7c9d8328e82e,f19421c1d4aa40978ebb69ca19b0e20d,504,,624.0,5.0,5,"['web', 'email', 'mobile', 'social']",5,5.0,bogo,0,1
eeb598ca6cc14ea483e1efb0ae419dd8,0b1e1539f2cc45b7b9fa7c272da2e1d7,168,,342.0,5.0,5,"['web', 'email']",20,10.0,discount,0,1
eeb598ca6cc14ea483e1efb0ae419dd8,2906b810c7d4411798c6938adc9daaa5,504,,516.0,2.0,2,"['web', 'email', 'mobile']",10,7.0,discount,0,1
eebe903fd89e4c39b8c5c55bd43e3fb7,0b1e1539f2cc45b7b9fa7c272da2e1d7,576,,660.0,5.0,5,"['web', 'email']",20,10.0,discount,0,1
eec23cb68c344d01b7a81e5b64177c1e,0b1e1539f2cc45b7b9fa7c272da2e1d7,576,,624.0,5.0,5,"['web', 'email']",20,10.0,discount,0,1
eee45ae2599740b19aa6d70aeabcb6c0,0b1e1539f2cc45b7b9fa7c272da2e1d7,408,,414.0,5.0,5,"['web', 'email']",20,10.0,discount,0,1
eef2201f5ff142aa8d436dc6af533e18,2906b810c7d4411798c6938adc9daaa5,504,,552.0,2.0,2,"['web', 'email', 'mobile']",10,7.0,discount,0,1
eef5ea58662f4e27b591d39990c10ae2,ae264e3637204a6fb9bb56bc8210ddfd,336,,372.0,10.0,10,"['email', 'mobile', 'social']",10,7.0,bogo,0,1
eefbc1aac05142aeb0ce661d3a19ae48,4d5c57ea9a6940dd891ad53e9dbe8da0,336,,360.0,10.0,10,"['web', 'email', 'mobile', 'social']",10,5.0,bogo,0,1
ef0523204bd24631adf29b78048dc6ef,0b1e1539f2cc45b7b9fa7c272da2e1d7,504,,642.0,5.0,5,"['web', 'email']",20,10.0,discount,0,1
ef0523204bd24631adf29b78048dc6ef,ae264e3637204a6fb9bb56bc8210ddfd,576,,642.0,10.0,10,"['email', 'mobile', 'social']",10,7.0,bogo,0,1
ef0dcb0bddc54f3595846a87bd1237ef,0b1e1539f2cc45b7b9fa7c272da2e1d7,504,,654.0,5.0,5,"['web', 'email']",20,10.0,discount,0,1
ef19f741b64545cd9bcfa2d537a7b968,0b1e1539f2cc45b7b9fa7c272da2e1d7,576,,630.0,5.0,5,"['web', 'email']",20,10.0,discount,0,1
ef205cec5dd44fa19e7f0fad2b8a2e2b,9b98b8c7a33c4b65b9aebfe6a799e6d9,576,,582.0,5.0,5,"['web', 'email', 'mobile']",5,7.0,bogo,0,1
ef375083fcf44eb8bc2131591e8bd2d1,f19421c1d4aa40978ebb69ca19b0e20d,504,,618.0,5.0,5,"['web', 'email', 'mobile', 'social']",5,5.0,bogo,0,1
ef5eef96bdae4be1af0e10ea52295ece,ae264e3637204a6fb9bb56bc8210ddfd,168,,336.0,10.0,10,"['email', 'mobile', 'social']",10,7.0,bogo,0,1
ef5eef96bdae4be1af0e10ea52295ece,9b98b8c7a33c4b65b9aebfe6a799e6d9,408,,492.0,5.0,5,"['web', 'email', 'mobile']",5,7.0,bogo,0,1
ef5fda2aa1f04f048a62637c22a959bd,2906b810c7d4411798c6938adc9daaa5,168,,168.0,2.0,2,"['web', 'email', 'mobile']",10,7.0,discount,0,1
ef5fda2aa1f04f048a62637c22a959bd,0b1e1539f2cc45b7b9fa7c272da2e1d7,576,,612.0,5.0,5,"['web', 'email']",20,10.0,discount,0,1
ef749b251aac4532adc7de2041c89c7f,f19421c1d4aa40978ebb69ca19b0e20d,576,,600.0,5.0,5,"['web', 'email', 'mobile', 'social']",5,5.0,bogo,0,1
ef769d2063a546cebd24efd876c3e638,2906b810c7d4411798c6938adc9daaa5,336,,396.0,2.0,2,"['web', 'email', 'mobile']",10,7.0,discount,0,1
ef8f67145482420ea6de8f210413ccc3,0b1e1539f2cc45b7b9fa7c272da2e1d7,408,,408.0,5.0,5,"['web', 'email']",20,10.0,discount,0,1
ef8f68ebd37f4560ae141cb13317ef06,9b98b8c7a33c4b65b9aebfe6a799e6d9,504,,528.0,5.0,5,"['web', 'email', 'mobile']",5,7.0,bogo,0,1
efa8dd634f544ef99a6fca10c60629c6,2906b810c7d4411798c6938adc9daaa5,408,,468.0,2.0,2,"['web', 'email', 'mobile']",10,7.0,discount,0,1
efb39b7ee83e4c5db10dd629efad5293,9b98b8c7a33c4b65b9aebfe6a799e6d9,336,,336.0,5.0,5,"['web', 'email', 'mobile']",5,7.0,bogo,0,1
efb92be8083a499bbe68f5935f38cc8d,0b1e1539f2cc45b7b9fa7c272da2e1d7,0,,138.0,5.0,5,"['web', 'email']",20,10.0,discount,0,1
efc369160453489e8ad4087c972f2860,fafdcd668e3743c1bb461111dcafc2a4,336,,456.0,2.0,2,"['web', 'email', 'mobile', 'social']",10,10.0,discount,0,1
efeaf350ca114cf685a0e15c482b74fa,9b98b8c7a33c4b65b9aebfe6a799e6d9,336,,390.0,5.0,5,"['web', 'email', 'mobile']",5,7.0,bogo,0,1
effbbf2f8081437eb1fa22e17dd84038,9b98b8c7a33c4b65b9aebfe6a799e6d9,336,,510.0,5.0,5,"['web', 'email', 'mobile']",5,7.0,bogo,0,1
f007c1392ef749c5b245ffb3cd5e6e35,2906b810c7d4411798c6938adc9daaa5,336,,444.0,2.0,2,"['web', 'email', 'mobile']",10,7.0,discount,0,1
f01a231790994432b3b75fd610642776,2906b810c7d4411798c6938adc9daaa5,408,,462.0,2.0,2,"['web', 'email', 'mobile']",10,7.0,discount,0,1
f01b2d37aeb24bd981c3188ddbd4e659,0b1e1539f2cc45b7b9fa7c272da2e1d7,504,,684.0,5.0,5,"['web', 'email']",20,10.0,discount,0,1
f01cd27835594062ae379b733068d700,0b1e1539f2cc45b7b9fa7c272da2e1d7,0,,192.0,5.0,5,"['web', 'email']",20,10.0,discount,0,1
f01cf2aef4e140a8aa9c3238eb40985f,9b98b8c7a33c4b65b9aebfe6a799e6d9,576,,630.0,5.0,5,"['web', 'email', 'mobile']",5,7.0,bogo,0,1
f025969500b04e45803332ad0937a26d,2906b810c7d4411798c6938adc9daaa5,168,,228.0,2.0,2,"['web', 'email', 'mobile']",10,7.0,discount,0,1
f025969500b04e45803332ad0937a26d,ae264e3637204a6fb9bb56bc8210ddfd,408,,528.0,10.0,10,"['email', 'mobile', 'social']",10,7.0,bogo,0,1
f02ff8f1d6954b4497ab84166ab48fe5,ae264e3637204a6fb9bb56bc8210ddfd,0,,30.0,10.0,10,"['email', 'mobile', 'social']",10,7.0,bogo,0,1
f03d305dec0648318ab7383e0cd92c00,fafdcd668e3743c1bb461111dcafc2a4,576,,630.0,2.0,2,"['web', 'email', 'mobile', 'social']",10,10.0,discount,0,1
f03fb4cc7caf44bbbe6b93a26eda48d3,f19421c1d4aa40978ebb69ca19b0e20d,336,,360.0,5.0,5,"['web', 'email', 'mobile', 'social']",5,5.0,bogo,0,1
f084daa12c104c47b4dfd5375c901416,2906b810c7d4411798c6938adc9daaa5,0,,696.0,2.0,2,"['web', 'email', 'mobile']",10,7.0,discount,0,1
f084daa12c104c47b4dfd5375c901416,9b98b8c7a33c4b65b9aebfe6a799e6d9,408,,456.0,5.0,5,"['web', 'email', 'mobile']",5,7.0,bogo,0,1
f0986f270b1f4112bc3254366325f819,2906b810c7d4411798c6938adc9daaa5,336,,426.0,2.0,2,"['web', 'email', 'mobile']",10,7.0,discount,0,1
f0b38ab2fd2b4a88a4a56c8236ed02d2,2906b810c7d4411798c6938adc9daaa5,408,,414.0,2.0,2,"['web', 'email', 'mobile']",10,7.0,discount,0,1
f0c7c3967f634607b09e9559b3427427,0b1e1539f2cc45b7b9fa7c272da2e1d7,0,,24.0,5.0,5,"['web', 'email']",20,10.0,discount,0,1
f0ceb17311614d6fb67eeeefe1011b01,2906b810c7d4411798c6938adc9daaa5,0,,168.0,2.0,2,"['web', 'email', 'mobile']",10,7.0,discount,0,1
f0ceb17311614d6fb67eeeefe1011b01,0b1e1539f2cc45b7b9fa7c272da2e1d7,504,,642.0,5.0,5,"['web', 'email']",20,10.0,discount,0,1
f0d129d6bb79456b8529884a83d16007,4d5c57ea9a6940dd891ad53e9dbe8da0,576,,624.0,10.0,10,"['web', 'email', 'mobile', 'social']",10,5.0,bogo,0,1
f0e126082e4940749c3087f8016106a0,ae264e3637204a6fb9bb56bc8210ddfd,408,,498.0,10.0,10,"['email', 'mobile', 'social']",10,7.0,bogo,0,1
f105b8f61dda45739cd5b0d64807ec0a,2906b810c7d4411798c6938adc9daaa5,168,,294.0,2.0,2,"['web', 'email', 'mobile']",10,7.0,discount,0,1
f10d90acb03b43e094f755e607388657,0b1e1539f2cc45b7b9fa7c272da2e1d7,504,,624.0,5.0,5,"['web', 'email']",20,10.0,discount,0,1
f11743499e634af69fb43929618c117d,0b1e1539f2cc45b7b9fa7c272da2e1d7,168,,186.0,5.0,5,"['web', 'email']",20,10.0,discount,0,1
f11743499e634af69fb43929618c117d,2906b810c7d4411798c6938adc9daaa5,504,,546.0,2.0,2,"['web', 'email', 'mobile']",10,7.0,discount,0,1
f134a93f241045919fdd0a666356acf2,9b98b8c7a33c4b65b9aebfe6a799e6d9,504,,606.0,5.0,5,"['web', 'email', 'mobile']",5,7.0,bogo,0,1
f1378b2fc61f4a61a50f935e4ddd5a7f,0b1e1539f2cc45b7b9fa7c272da2e1d7,336,,438.0,5.0,5,"['web', 'email']",20,10.0,discount,0,1
f13fe67a7ce64cfbb0e8a747000265c7,9b98b8c7a33c4b65b9aebfe6a799e6d9,504,,504.0,5.0,5,"['web', 'email', 'mobile']",5,7.0,bogo,0,1
f15a85e0d2f946cf8b1e6f8e99b1a72d,9b98b8c7a33c4b65b9aebfe6a799e6d9,408,,444.0,5.0,5,"['web', 'email', 'mobile']",5,7.0,bogo,0,1
f15b7751efdf45fe9c4a4e08fc474744,2906b810c7d4411798c6938adc9daaa5,168,,174.0,2.0,2,"['web', 'email', 'mobile']",10,7.0,discount,0,1
f16dd6ace9f94998bd2a77bb46efd332,0b1e1539f2cc45b7b9fa7c272da2e1d7,168,,462.0,5.0,5,"['web', 'email']",20,10.0,discount,0,1
f1889618c1d6407c855ac642b08b635a,9b98b8c7a33c4b65b9aebfe6a799e6d9,336,,474.0,5.0,5,"['web', 'email', 'mobile']",5,7.0,bogo,0,1
f1b31d07b5d84f69a2d5f1d07843989e,0b1e1539f2cc45b7b9fa7c272da2e1d7,336,,648.0,5.0,5,"['web', 'email']",20,10.0,discount,0,1
f1b31d07b5d84f69a2d5f1d07843989e,9b98b8c7a33c4b65b9aebfe6a799e6d9,504,,648.0,5.0,5,"['web', 'email', 'mobile']",5,7.0,bogo,0,1
f1bcf3081d46456696400dce6ca36e11,0b1e1539f2cc45b7b9fa7c272da2e1d7,168,,198.0,5.0,5,"['web', 'email']",20,10.0,discount,0,1
f1ce3fc1c4d64ba49e430799a7b93c79,0b1e1539f2cc45b7b9fa7c272da2e1d7,168,,318.0,5.0,5,"['web', 'email']",20,10.0,discount,0,1
f1d65ae63f174b8f80fa063adcaa63b7,0b1e1539f2cc45b7b9fa7c272da2e1d7,0,,12.0,5.0,5,"['web', 'email']",20,10.0,discount,0,1
f1dd0a48888a4af4936a445ce4134356,2906b810c7d4411798c6938adc9daaa5,504,,588.0,2.0,2,"['web', 'email', 'mobile']",10,7.0,discount,0,1
f1ee8604afe84e1e8046ffdb1a4d5914,2298d6c36e964ae4a3e7e9706d1fb8c2,576,,690.0,3.0,3,"['web', 'email', 'mobile', 'social']",7,7.0,discount,0,1
f1f1c497a30b4ef9bd79e24e3add6953,2906b810c7d4411798c6938adc9daaa5,168,,258.0,2.0,2,"['web', 'email', 'mobile']",10,7.0,discount,0,1
f2066aac8bb64747a0c18c4ab3d8c1ad,0b1e1539f2cc45b7b9fa7c272da2e1d7,408,,534.0,5.0,5,"['web', 'email']",20,10.0,discount,0,1
f216966ed46a4cdabc804dc48e6f7a1b,2906b810c7d4411798c6938adc9daaa5,504,,582.0,2.0,2,"['web', 'email', 'mobile']",10,7.0,discount,0,1
f223c55edc8849698b4e901ffc14b23d,2906b810c7d4411798c6938adc9daaa5,408,,438.0,2.0,2,"['web', 'email', 'mobile']",10,7.0,discount,0,1
f247806381704ea58c1b06f60602a6ae,2906b810c7d4411798c6938adc9daaa5,504,,564.0,2.0,2,"['web', 'email', 'mobile']",10,7.0,discount,0,1
f26062d4f14f464eb345f487f0e912d4,9b98b8c7a33c4b65b9aebfe6a799e6d9,408,,408.0,5.0,5,"['web', 'email', 'mobile']",5,7.0,bogo,0,1
f26e371122ca443b957ce94bcd37f48d,0b1e1539f2cc45b7b9fa7c272da2e1d7,408,,456.0,5.0,5,"['web', 'email']",20,10.0,discount,0,1
f2831d9607204d169b592b1f3559dc81,2906b810c7d4411798c6938adc9daaa5,408,,468.0,2.0,2,"['web', 'email', 'mobile']",10,7.0,discount,0,1
f2831d9607204d169b592b1f3559dc81,0b1e1539f2cc45b7b9fa7c272da2e1d7,576,,600.0,5.0,5,"['web', 'email']",20,10.0,discount,0,1
f287ae5f79c545ad8b07abc656ebd59b,9b98b8c7a33c4b65b9aebfe6a799e6d9,504,,672.0,5.0,5,"['web', 'email', 'mobile']",5,7.0,bogo,0,1
f293aff29389401ba92ea7fe2a62b0bc,2906b810c7d4411798c6938adc9daaa5,336,,480.0,2.0,2,"['web', 'email', 'mobile']",10,7.0,discount,0,1
f2ac47ad6a874a10b85490a42cb23d76,ae264e3637204a6fb9bb56bc8210ddfd,576,,576.0,10.0,10,"['email', 'mobile', 'social']",10,7.0,bogo,0,1
f2e49f5002c540eb92ca320fea990319,ae264e3637204a6fb9bb56bc8210ddfd,504,,612.0,10.0,10,"['email', 'mobile', 'social']",10,7.0,bogo,0,1
f31b98050fc44821be645f06fe784007,0b1e1539f2cc45b7b9fa7c272da2e1d7,504,,666.0,5.0,5,"['web', 'email']",20,10.0,discount,0,1
f31e27cdcdac4b0a9a384c0567a7ae43,ae264e3637204a6fb9bb56bc8210ddfd,336,,402.0,10.0,10,"['email', 'mobile', 'social']",10,7.0,bogo,0,1
f32b1bafc81f48969ca2f8c41ab2bff5,9b98b8c7a33c4b65b9aebfe6a799e6d9,408,,420.0,5.0,5,"['web', 'email', 'mobile']",5,7.0,bogo,0,1
f32f71dc2cdb4ec4865e75bad71aaec0,2906b810c7d4411798c6938adc9daaa5,336,,432.0,2.0,2,"['web', 'email', 'mobile']",10,7.0,discount,0,1
f34239eebcc043d5afdf7823dd7cbcdc,0b1e1539f2cc45b7b9fa7c272da2e1d7,168,,246.0,5.0,5,"['web', 'email']",20,10.0,discount,0,1
f367a50b86d049799bbb0eb645ee834c,9b98b8c7a33c4b65b9aebfe6a799e6d9,504,,516.0,5.0,5,"['web', 'email', 'mobile']",5,7.0,bogo,0,1
f368c551860b47a7bdc5d8264ae84556,2906b810c7d4411798c6938adc9daaa5,408,,516.0,2.0,2,"['web', 'email', 'mobile']",10,7.0,discount,0,1
f368c551860b47a7bdc5d8264ae84556,0b1e1539f2cc45b7b9fa7c272da2e1d7,504,,618.0,5.0,5,"['web', 'email']",20,10.0,discount,0,1
f3744c73f14f4ceaa1f9059aa34087d1,0b1e1539f2cc45b7b9fa7c272da2e1d7,0,,36.0,5.0,5,"['web', 'email']",20,10.0,discount,0,1
f37d9566b54547d8bdc64cc949ddab90,9b98b8c7a33c4b65b9aebfe6a799e6d9,0,,150.0,5.0,5,"['web', 'email', 'mobile']",5,7.0,bogo,0,1
f380a497008b4805a72bf5f1b3fe4560,0b1e1539f2cc45b7b9fa7c272da2e1d7,504,,642.0,5.0,5,"['web', 'email']",20,10.0,discount,0,1
f39fe7ea4e5946378e6d224504b77797,0b1e1539f2cc45b7b9fa7c272da2e1d7,336,,414.0,5.0,5,"['web', 'email']",20,10.0,discount,0,1
f3a24f76c9f649388133fc430c0726b9,ae264e3637204a6fb9bb56bc8210ddfd,408,,528.0,10.0,10,"['email', 'mobile', 'social']",10,7.0,bogo,0,1
f3ab5d3926434b5c931f78eb07aa7787,ae264e3637204a6fb9bb56bc8210ddfd,408,,540.0,10.0,10,"['email', 'mobile', 'social']",10,7.0,bogo,0,1
f3acf14291c040a5b6d93bdd426898c6,ae264e3637204a6fb9bb56bc8210ddfd,0,,12.0,10.0,10,"['email', 'mobile', 'social']",10,7.0,bogo,0,1
f3b5a0743b364e3593283215d9ded135,0b1e1539f2cc45b7b9fa7c272da2e1d7,0,,120.0,5.0,5,"['web', 'email']",20,10.0,discount,0,1
f3b5a0743b364e3593283215d9ded135,9b98b8c7a33c4b65b9aebfe6a799e6d9,504,,510.0,5.0,5,"['web', 'email', 'mobile']",5,7.0,bogo,0,1
f3bcf269056e4f79838751579d113e60,0b1e1539f2cc45b7b9fa7c272da2e1d7,336,,372.0,5.0,5,"['web', 'email']",20,10.0,discount,0,1
f3c023d43ce241cebbdc3516f5230db7,fafdcd668e3743c1bb461111dcafc2a4,336,,492.0,2.0,2,"['web', 'email', 'mobile', 'social']",10,10.0,discount,0,1
f3cae55a835f4c93aa70f0218c5ca13a,9b98b8c7a33c4b65b9aebfe6a799e6d9,0,,138.0,5.0,5,"['web', 'email', 'mobile']",5,7.0,bogo,0,1
f3d42b8e20a94d4ea5f6d1efce18b2c2,0b1e1539f2cc45b7b9fa7c272da2e1d7,0,,216.0,5.0,5,"['web', 'email']",20,10.0,discount,0,1
f3d444bdb33447e596c8971e64dee3b2,0b1e1539f2cc45b7b9fa7c272da2e1d7,336,,378.0,5.0,5,"['web', 'email']",20,10.0,discount,0,1
f3e801caeafe4899b3b989b586e74ac7,0b1e1539f2cc45b7b9fa7c272da2e1d7,504,,714.0,5.0,5,"['web', 'email']",20,10.0,discount,0,1
f3e8aec95693408b8fabc0ce9511ea74,0b1e1539f2cc45b7b9fa7c272da2e1d7,504,,642.0,5.0,5,"['web', 'email']",20,10.0,discount,0,1
f3f52439fb9549e590bd901d1ba65b8b,0b1e1539f2cc45b7b9fa7c272da2e1d7,168,,336.0,5.0,5,"['web', 'email']",20,10.0,discount,0,1
f40d6cee844544ae829e48798f635631,fafdcd668e3743c1bb461111dcafc2a4,336,,462.0,2.0,2,"['web', 'email', 'mobile', 'social']",10,10.0,discount,0,1
f456bea341ef401794ed54cf05113de1,0b1e1539f2cc45b7b9fa7c272da2e1d7,168,,348.0,5.0,5,"['web', 'email']",20,10.0,discount,0,1
f456bea341ef401794ed54cf05113de1,2906b810c7d4411798c6938adc9daaa5,336,,360.0,2.0,2,"['web', 'email', 'mobile']",10,7.0,discount,0,1
f46b68de20f240bfa0e513b4646c43cc,2906b810c7d4411798c6938adc9daaa5,408,,510.0,2.0,2,"['web', 'email', 'mobile']",10,7.0,discount,0,1
f479349027a34ac783716f1275cc6b98,2906b810c7d4411798c6938adc9daaa5,168,,522.0,2.0,2,"['web', 'email', 'mobile']",10,7.0,discount,0,1
f479349027a34ac783716f1275cc6b98,ae264e3637204a6fb9bb56bc8210ddfd,576,,618.0,10.0,10,"['email', 'mobile', 'social']",10,7.0,bogo,0,1
f4809b14614f4420b2f9a4dc0d5a0a3e,9b98b8c7a33c4b65b9aebfe6a799e6d9,336,,456.0,5.0,5,"['web', 'email', 'mobile']",5,7.0,bogo,0,1
f4993aab5e10447ab712adadf3829e68,9b98b8c7a33c4b65b9aebfe6a799e6d9,336,,384.0,5.0,5,"['web', 'email', 'mobile']",5,7.0,bogo,0,1
f4c32bae2bb14c9aa6dc48625a6ad758,0b1e1539f2cc45b7b9fa7c272da2e1d7,576,,636.0,5.0,5,"['web', 'email']",20,10.0,discount,0,1
f4cc683bfa304902beea71f5353420a2,2906b810c7d4411798c6938adc9daaa5,168,,204.0,2.0,2,"['web', 'email', 'mobile']",10,7.0,discount,0,1
f4e0715b897c480e9cb7b72cec1a8607,0b1e1539f2cc45b7b9fa7c272da2e1d7,336,,474.0,5.0,5,"['web', 'email']",20,10.0,discount,0,1
f4ef9a434c22420b8d7528602f777375,0b1e1539f2cc45b7b9fa7c272da2e1d7,168,,402.0,5.0,5,"['web', 'email']",20,10.0,discount,0,1
f4f6298b02954c8c9967e83e4ac8ef33,9b98b8c7a33c4b65b9aebfe6a799e6d9,0,,30.0,5.0,5,"['web', 'email', 'mobile']",5,7.0,bogo,0,1
f50bda840fa044ce94d1f12b5a974580,9b98b8c7a33c4b65b9aebfe6a799e6d9,504,,516.0,5.0,5,"['web', 'email', 'mobile']",5,7.0,bogo,0,1
f5205b328b564bf0a55952a8dc19ce6a,0b1e1539f2cc45b7b9fa7c272da2e1d7,504,,570.0,5.0,5,"['web', 'email']",20,10.0,discount,0,1
f52b70a5d2044363bcef800c2f9efe73,0b1e1539f2cc45b7b9fa7c272da2e1d7,336,,492.0,5.0,5,"['web', 'email']",20,10.0,discount,0,1
f5493392fc0d429b8289acbb1975440d,0b1e1539f2cc45b7b9fa7c272da2e1d7,336,,438.0,5.0,5,"['web', 'email']",20,10.0,discount,0,1
f552e42891ed4897ab13355342558804,9b98b8c7a33c4b65b9aebfe6a799e6d9,576,,576.0,5.0,5,"['web', 'email', 'mobile']",5,7.0,bogo,0,1
f55ad8ad42634441895b83676d49ba45,2906b810c7d4411798c6938adc9daaa5,0,,576.0,2.0,2,"['web', 'email', 'mobile']",10,7.0,discount,0,1
f56f4b62551b4ab982edb7c959255a82,2906b810c7d4411798c6938adc9daaa5,0,,144.0,2.0,2,"['web', 'email', 'mobile']",10,7.0,discount,0,1
f56f4b62551b4ab982edb7c959255a82,0b1e1539f2cc45b7b9fa7c272da2e1d7,408,,540.0,5.0,5,"['web', 'email']",20,10.0,discount,0,1
f576cc0ee40c4cb2b0f358afe5ecdcf8,0b1e1539f2cc45b7b9fa7c272da2e1d7,0,,648.0,5.0,5,"['web', 'email']",20,10.0,discount,0,1
f57a5103c7ce4790ba047ffbe9e0806f,0b1e1539f2cc45b7b9fa7c272da2e1d7,336,,396.0,5.0,5,"['web', 'email']",20,10.0,discount,0,1
f57fcd93d3e74e9b9bb9bc81a40a6612,0b1e1539f2cc45b7b9fa7c272da2e1d7,168,,408.0,5.0,5,"['web', 'email']",20,10.0,discount,0,1
f580a8d78b96495aa9f127f78911f979,ae264e3637204a6fb9bb56bc8210ddfd,168,,222.0,10.0,10,"['email', 'mobile', 'social']",10,7.0,bogo,0,1
f580a8d78b96495aa9f127f78911f979,9b98b8c7a33c4b65b9aebfe6a799e6d9,504,,630.0,5.0,5,"['web', 'email', 'mobile']",5,7.0,bogo,0,1
f586114598794c5186b3f48b8a68e5ad,2906b810c7d4411798c6938adc9daaa5,408,,516.0,2.0,2,"['web', 'email', 'mobile']",10,7.0,discount,0,1
f58fcb6b2a0e40cc8bae89923af11b33,9b98b8c7a33c4b65b9aebfe6a799e6d9,168,,708.0,5.0,5,"['web', 'email', 'mobile']",5,7.0,bogo,0,1
f59d49c6652547c18b1c18f0271bc604,0b1e1539f2cc45b7b9fa7c272da2e1d7,408,,576.0,5.0,5,"['web', 'email']",20,10.0,discount,0,1
f59d49c6652547c18b1c18f0271bc604,fafdcd668e3743c1bb461111dcafc2a4,504,,576.0,2.0,2,"['web', 'email', 'mobile', 'social']",10,10.0,discount,0,1
f5b84c63d6514f02bed8258e627f172d,2906b810c7d4411798c6938adc9daaa5,576,,684.0,2.0,2,"['web', 'email', 'mobile']",10,7.0,discount,0,1
f5e59835627a49a0b13c4183522225d4,0b1e1539f2cc45b7b9fa7c272da2e1d7,408,,528.0,5.0,5,"['web', 'email']",20,10.0,discount,0,1
f601bf0529da46d0a545ba4c2a1a4049,9b98b8c7a33c4b65b9aebfe6a799e6d9,336,,492.0,5.0,5,"['web', 'email', 'mobile']",5,7.0,bogo,0,1
f6251250f1044d7cb66270f8aa380d9a,0b1e1539f2cc45b7b9fa7c272da2e1d7,168,,180.0,5.0,5,"['web', 'email']",20,10.0,discount,0,1
f6251250f1044d7cb66270f8aa380d9a,9b98b8c7a33c4b65b9aebfe6a799e6d9,504,,588.0,5.0,5,"['web', 'email', 'mobile']",5,7.0,bogo,0,1
f62c31aa3c65443eac8b18800bfb6a8f,9b98b8c7a33c4b65b9aebfe6a799e6d9,168,,312.0,5.0,5,"['web', 'email', 'mobile']",5,7.0,bogo,0,1
f630d4e757c042a0802e8aef91b9211b,0b1e1539f2cc45b7b9fa7c272da2e1d7,408,,456.0,5.0,5,"['web', 'email']",20,10.0,discount,0,1
f653cf2d8bba42d0a53c2937ee2e5893,9b98b8c7a33c4b65b9aebfe6a799e6d9,576,,630.0,5.0,5,"['web', 'email', 'mobile']",5,7.0,bogo,0,1
f6732790cfed4347b636b0519865724c,0b1e1539f2cc45b7b9fa7c272da2e1d7,408,,438.0,5.0,5,"['web', 'email']",20,10.0,discount,0,1
f6732790cfed4347b636b0519865724c,ae264e3637204a6fb9bb56bc8210ddfd,504,,588.0,10.0,10,"['email', 'mobile', 'social']",10,7.0,bogo,0,1
f69e977f244d4a94af3aac2faf70c507,0b1e1539f2cc45b7b9fa7c272da2e1d7,0,,78.0,5.0,5,"['web', 'email']",20,10.0,discount,0,1
f6b861329acb4700ac87fdea8183b799,9b98b8c7a33c4b65b9aebfe6a799e6d9,408,,558.0,5.0,5,"['web', 'email', 'mobile']",5,7.0,bogo,0,1
f6cfc3ea4e3b47ffbc5453eba971b771,0b1e1539f2cc45b7b9fa7c272da2e1d7,336,,510.0,5.0,5,"['web', 'email']",20,10.0,discount,0,1
f6cff88b6ad24c2aab172b9b8ab17edd,ae264e3637204a6fb9bb56bc8210ddfd,168,,246.0,10.0,10,"['email', 'mobile', 'social']",10,7.0,bogo,0,1
f6cff88b6ad24c2aab172b9b8ab17edd,2906b810c7d4411798c6938adc9daaa5,408,,414.0,2.0,2,"['web', 'email', 'mobile']",10,7.0,discount,0,1
f6f28d120e3b4b65889a04e1b709b269,9b98b8c7a33c4b65b9aebfe6a799e6d9,0,,168.0,5.0,5,"['web', 'email', 'mobile']",5,7.0,bogo,0,1
f6f28d120e3b4b65889a04e1b709b269,2906b810c7d4411798c6938adc9daaa5,336,,402.0,2.0,2,"['web', 'email', 'mobile']",10,7.0,discount,0,1
f6f41809f2c34970b96528e76b8d799b,4d5c57ea9a6940dd891ad53e9dbe8da0,504,,510.0,10.0,10,"['web', 'email', 'mobile', 'social']",10,5.0,bogo,0,1
f6f6b5fdeee942ff832210ca564605dd,9b98b8c7a33c4b65b9aebfe6a799e6d9,168,,174.0,5.0,5,"['web', 'email', 'mobile']",5,7.0,bogo,0,1
f709aca8c4e54792b438caddff279fe5,0b1e1539f2cc45b7b9fa7c272da2e1d7,168,,198.0,5.0,5,"['web', 'email']",20,10.0,discount,0,1
f71522835c6048529970751ced78ea79,9b98b8c7a33c4b65b9aebfe6a799e6d9,336,,432.0,5.0,5,"['web', 'email', 'mobile']",5,7.0,bogo,0,1
f71c84a4a6b64780ab8737c7792384ef,ae264e3637204a6fb9bb56bc8210ddfd,504,,558.0,10.0,10,"['email', 'mobile', 'social']",10,7.0,bogo,0,1
f72327395f2e4332a539ab5c18700ac9,0b1e1539f2cc45b7b9fa7c272da2e1d7,408,,576.0,5.0,5,"['web', 'email']",20,10.0,discount,0,1
f7465d18ba7f4e43b99ccabf141d421d,2906b810c7d4411798c6938adc9daaa5,0,,504.0,2.0,2,"['web', 'email', 'mobile']",10,7.0,discount,0,1
f772418ae6a041e5b4238505c14df1d9,2906b810c7d4411798c6938adc9daaa5,408,,420.0,2.0,2,"['web', 'email', 'mobile']",10,7.0,discount,0,1
f773d75a584c4f6baa4f9c4007f3a291,0b1e1539f2cc45b7b9fa7c272da2e1d7,336,,360.0,5.0,5,"['web', 'email']",20,10.0,discount,0,1
f77bcf5d4bc243fab11c51c0fe2e9fce,9b98b8c7a33c4b65b9aebfe6a799e6d9,336,,378.0,5.0,5,"['web', 'email', 'mobile']",5,7.0,bogo,0,1
f79cdf82289a439d973bb9c2c6c83c93,0b1e1539f2cc45b7b9fa7c272da2e1d7,0,,390.0,5.0,5,"['web', 'email']",20,10.0,discount,0,1
f7c9157f08384ff29f1d11e9388ed4c2,ae264e3637204a6fb9bb56bc8210ddfd,576,,588.0,10.0,10,"['email', 'mobile', 'social']",10,7.0,bogo,0,1
f7e127d8fc04493385ae51a3b3f6411c,0b1e1539f2cc45b7b9fa7c272da2e1d7,576,,582.0,5.0,5,"['web', 'email']",20,10.0,discount,0,1
f7fca0d04d8d4416ae5c21510247d106,0b1e1539f2cc45b7b9fa7c272da2e1d7,336,,510.0,5.0,5,"['web', 'email']",20,10.0,discount,0,1
f7fca0d04d8d4416ae5c21510247d106,2906b810c7d4411798c6938adc9daaa5,408,,510.0,2.0,2,"['web', 'email', 'mobile']",10,7.0,discount,0,1
f81cf50a115f4042b0fe3f09265a56d7,0b1e1539f2cc45b7b9fa7c272da2e1d7,0,,696.0,5.0,5,"['web', 'email']",20,10.0,discount,0,1
f82d0dd16175415a83dfa4fecdb7c792,9b98b8c7a33c4b65b9aebfe6a799e6d9,0,,72.0,5.0,5,"['web', 'email', 'mobile']",5,7.0,bogo,0,1
f83716ec38f44f03804f1263822faa62,9b98b8c7a33c4b65b9aebfe6a799e6d9,168,,258.0,5.0,5,"['web', 'email', 'mobile']",5,7.0,bogo,0,1
f838af6aec284aad99aee4039f8eb9cf,0b1e1539f2cc45b7b9fa7c272da2e1d7,504,,630.0,5.0,5,"['web', 'email']",20,10.0,discount,0,1
f83b114b7dfa42949a191b90a2fd61a2,f19421c1d4aa40978ebb69ca19b0e20d,336,,420.0,5.0,5,"['web', 'email', 'mobile', 'social']",5,5.0,bogo,0,1
f842cf8ca9ff488abd1579ab2453283f,9b98b8c7a33c4b65b9aebfe6a799e6d9,408,,426.0,5.0,5,"['web', 'email', 'mobile']",5,7.0,bogo,0,1
f853e761e3b44d40a783a9fd8c62e443,9b98b8c7a33c4b65b9aebfe6a799e6d9,168,,312.0,5.0,5,"['web', 'email', 'mobile']",5,7.0,bogo,0,1
f853e761e3b44d40a783a9fd8c62e443,0b1e1539f2cc45b7b9fa7c272da2e1d7,408,,588.0,5.0,5,"['web', 'email']",20,10.0,discount,0,1
f8756fc0eea24e7ba3ccd846efc4d0d5,9b98b8c7a33c4b65b9aebfe6a799e6d9,0,,108.0,5.0,5,"['web', 'email', 'mobile']",5,7.0,bogo,0,1
f87c32879b224b6b909fb6014affaedf,0b1e1539f2cc45b7b9fa7c272da2e1d7,504,,558.0,5.0,5,"['web', 'email']",20,10.0,discount,0,1
f88e91a11d8f405b9a47ad3741415b83,0b1e1539f2cc45b7b9fa7c272da2e1d7,408,,636.0,5.0,5,"['web', 'email']",20,10.0,discount,0,1
f8a59176e4a84d2786e0ebb892fb322f,0b1e1539f2cc45b7b9fa7c272da2e1d7,168,,342.0,5.0,5,"['web', 'email']",20,10.0,discount,0,1
f8a65501eb514811872b5438a75d618b,fafdcd668e3743c1bb461111dcafc2a4,504,,546.0,2.0,2,"['web', 'email', 'mobile', 'social']",10,10.0,discount,0,1
f8d253b227e74e9b82ef382d31b3b7d2,9b98b8c7a33c4b65b9aebfe6a799e6d9,0,,276.0,5.0,5,"['web', 'email', 'mobile']",5,7.0,bogo,0,1
f8d4fae1b4384aa98094a5dc625eaa43,0b1e1539f2cc45b7b9fa7c272da2e1d7,408,,534.0,5.0,5,"['web', 'email']",20,10.0,discount,0,1
f8d5bbfd39f541888eddc357a8e4e6e2,4d5c57ea9a6940dd891ad53e9dbe8da0,504,,552.0,10.0,10,"['web', 'email', 'mobile', 'social']",10,5.0,bogo,0,1
f8ddf5ee3d1547cb923ca77addb32784,2298d6c36e964ae4a3e7e9706d1fb8c2,336,,468.0,3.0,3,"['web', 'email', 'mobile', 'social']",7,7.0,discount,0,1
f8e1667028a44d4b969a55774352235d,2906b810c7d4411798c6938adc9daaa5,336,,426.0,2.0,2,"['web', 'email', 'mobile']",10,7.0,discount,0,1
f8f93bb8fed449d5afb965e6f93fe107,9b98b8c7a33c4b65b9aebfe6a799e6d9,168,,168.0,5.0,5,"['web', 'email', 'mobile']",5,7.0,bogo,0,1
f8ffe55acdb5412ea71fb1055f116733,ae264e3637204a6fb9bb56bc8210ddfd,336,,408.0,10.0,10,"['email', 'mobile', 'social']",10,7.0,bogo,0,1
f904dad31185443c909f7722c28e9840,9b98b8c7a33c4b65b9aebfe6a799e6d9,504,,576.0,5.0,5,"['web', 'email', 'mobile']",5,7.0,bogo,0,1
f92fd305868d4c06a64c0eaa38a4b498,9b98b8c7a33c4b65b9aebfe6a799e6d9,504,,576.0,5.0,5,"['web', 'email', 'mobile']",5,7.0,bogo,0,1
f930b6a55d964983b34daa04e80ba3bf,ae264e3637204a6fb9bb56bc8210ddfd,168,,276.0,10.0,10,"['email', 'mobile', 'social']",10,7.0,bogo,0,1
f930b6a55d964983b34daa04e80ba3bf,0b1e1539f2cc45b7b9fa7c272da2e1d7,336,,378.0,5.0,5,"['web', 'email']",20,10.0,discount,0,1
f94d9d9d979649799c38a27971dc9ca5,9b98b8c7a33c4b65b9aebfe6a799e6d9,336,,414.0,5.0,5,"['web', 'email', 'mobile']",5,7.0,bogo,0,1
f9503157aa944242ae1ab0c8376d1299,9b98b8c7a33c4b65b9aebfe6a799e6d9,408,,450.0,5.0,5,"['web', 'email', 'mobile']",5,7.0,bogo,0,1
f953bac2e0d8411e93821982583314c5,2906b810c7d4411798c6938adc9daaa5,408,,444.0,2.0,2,"['web', 'email', 'mobile']",10,7.0,discount,0,1
f96754182a644785abd6553b5feedda7,0b1e1539f2cc45b7b9fa7c272da2e1d7,336,,348.0,5.0,5,"['web', 'email']",20,10.0,discount,0,1
f969f5f7c6964961ae6c27bd366d51b6,4d5c57ea9a6940dd891ad53e9dbe8da0,408,,510.0,10.0,10,"['web', 'email', 'mobile', 'social']",10,5.0,bogo,0,1
f97ac1f446e747d491b060d9ae044df9,0b1e1539f2cc45b7b9fa7c272da2e1d7,504,,618.0,5.0,5,"['web', 'email']",20,10.0,discount,0,1
f97af6e7c31b4e16b078c3224b78f6a4,9b98b8c7a33c4b65b9aebfe6a799e6d9,168,,168.0,5.0,5,"['web', 'email', 'mobile']",5,7.0,bogo,0,1
f97c5306c38740bd991165598eafa630,2906b810c7d4411798c6938adc9daaa5,504,,648.0,2.0,2,"['web', 'email', 'mobile']",10,7.0,discount,0,1
f989eae32e334d358bc868e68bd18295,9b98b8c7a33c4b65b9aebfe6a799e6d9,336,,432.0,5.0,5,"['web', 'email', 'mobile']",5,7.0,bogo,0,1
f995ce8fa0fe41cd85fc4437aceec549,9b98b8c7a33c4b65b9aebfe6a799e6d9,0,,72.0,5.0,5,"['web', 'email', 'mobile']",5,7.0,bogo,0,1
f996325f8eba45b1923032c0b9945220,2906b810c7d4411798c6938adc9daaa5,0,,60.0,2.0,2,"['web', 'email', 'mobile']",10,7.0,discount,0,1
f99c2a5198dd418e903637fcab51477f,0b1e1539f2cc45b7b9fa7c272da2e1d7,408,,630.0,5.0,5,"['web', 'email']",20,10.0,discount,0,1
f9f3c98922d94bdbb817cab81e5af821,2906b810c7d4411798c6938adc9daaa5,168,,330.0,2.0,2,"['web', 'email', 'mobile']",10,7.0,discount,0,1
fa34c690dac54c49bee26902101a9961,0b1e1539f2cc45b7b9fa7c272da2e1d7,336,,468.0,5.0,5,"['web', 'email']",20,10.0,discount,0,1
fa34c690dac54c49bee26902101a9961,2906b810c7d4411798c6938adc9daaa5,408,,468.0,2.0,2,"['web', 'email', 'mobile']",10,7.0,discount,0,1
fa6cfbabbe46467f9e9f276e20f0e48a,9b98b8c7a33c4b65b9aebfe6a799e6d9,0,,6.0,5.0,5,"['web', 'email', 'mobile']",5,7.0,bogo,0,1
faa6311660b24390bf14c3d52db6afeb,ae264e3637204a6fb9bb56bc8210ddfd,504,,642.0,10.0,10,"['email', 'mobile', 'social']",10,7.0,bogo,0,1
facb71d84b5f476c92428d60a73513a8,fafdcd668e3743c1bb461111dcafc2a4,408,,618.0,2.0,2,"['web', 'email', 'mobile', 'social']",10,10.0,discount,0,1
fade355249524f0c8bac7c097198d183,0b1e1539f2cc45b7b9fa7c272da2e1d7,408,,474.0,5.0,5,"['web', 'email']",20,10.0,discount,0,1
fadea3ebc62043659958d3b0376725b1,ae264e3637204a6fb9bb56bc8210ddfd,576,,612.0,10.0,10,"['email', 'mobile', 'social']",10,7.0,bogo,0,1
fafea39b1b9046ef8b3441450d709436,9b98b8c7a33c4b65b9aebfe6a799e6d9,408,,504.0,5.0,5,"['web', 'email', 'mobile']",5,7.0,bogo,0,1
fb069eb2673b44d98520951eddda77e1,9b98b8c7a33c4b65b9aebfe6a799e6d9,576,,708.0,5.0,5,"['web', 'email', 'mobile']",5,7.0,bogo,0,1
fb0cb6991c80471e985a625af2bfde8f,9b98b8c7a33c4b65b9aebfe6a799e6d9,336,,360.0,5.0,5,"['web', 'email', 'mobile']",5,7.0,bogo,0,1
fb1b036d2ecd4464a17f5f31da0a828e,2906b810c7d4411798c6938adc9daaa5,504,,666.0,2.0,2,"['web', 'email', 'mobile']",10,7.0,discount,0,1
fb1cc1b009db4a6caf274f2a02571ca2,0b1e1539f2cc45b7b9fa7c272da2e1d7,336,,450.0,5.0,5,"['web', 'email']",20,10.0,discount,0,1
fb1cc1b009db4a6caf274f2a02571ca2,fafdcd668e3743c1bb461111dcafc2a4,576,,606.0,2.0,2,"['web', 'email', 'mobile', 'social']",10,10.0,discount,0,1
fb3494aa3dbe452cbe087508eb3dfe5c,9b98b8c7a33c4b65b9aebfe6a799e6d9,168,,534.0,5.0,5,"['web', 'email', 'mobile']",5,7.0,bogo,0,1
fb5bce7437f545ee92972d463917923e,9b98b8c7a33c4b65b9aebfe6a799e6d9,504,,600.0,5.0,5,"['web', 'email', 'mobile']",5,7.0,bogo,0,1
fb89e4ae9fbc4a3d8f701556290ac87c,0b1e1539f2cc45b7b9fa7c272da2e1d7,336,,558.0,5.0,5,"['web', 'email']",20,10.0,discount,0,1
fb941450da9d4547be5eb4a8acf85f51,0b1e1539f2cc45b7b9fa7c272da2e1d7,336,,408.0,5.0,5,"['web', 'email']",20,10.0,discount,0,1
fbdf7c5f1eb440a3872c80a82927e86f,9b98b8c7a33c4b65b9aebfe6a799e6d9,504,,510.0,5.0,5,"['web', 'email', 'mobile']",5,7.0,bogo,0,1
fc05bce7d72a41fba357e26b7ef2d70a,2906b810c7d4411798c6938adc9daaa5,576,,642.0,2.0,2,"['web', 'email', 'mobile']",10,7.0,discount,0,1
fc2cf70b22fe494d9c7be20329b9754e,2906b810c7d4411798c6938adc9daaa5,336,,432.0,2.0,2,"['web', 'email', 'mobile']",10,7.0,discount,0,1
fc2cf70b22fe494d9c7be20329b9754e,f19421c1d4aa40978ebb69ca19b0e20d,504,,594.0,5.0,5,"['web', 'email', 'mobile', 'social']",5,5.0,bogo,0,1
fc3405b8b39d40cb81af12db2c9064c3,0b1e1539f2cc45b7b9fa7c272da2e1d7,408,,558.0,5.0,5,"['web', 'email']",20,10.0,discount,0,1
fc3d0f06f8f04765b9f8e148bac39c0e,0b1e1539f2cc45b7b9fa7c272da2e1d7,408,,492.0,5.0,5,"['web', 'email']",20,10.0,discount,0,1
fc5ec01a59cd4cb483837f44329bcefb,ae264e3637204a6fb9bb56bc8210ddfd,168,,306.0,10.0,10,"['email', 'mobile', 'social']",10,7.0,bogo,0,1
fc804c90fc79418180ead4b5b212d927,2906b810c7d4411798c6938adc9daaa5,336,,438.0,2.0,2,"['web', 'email', 'mobile']",10,7.0,discount,0,1
fc86f8092ded4a768a235b5c3191d415,f19421c1d4aa40978ebb69ca19b0e20d,576,,612.0,5.0,5,"['web', 'email', 'mobile', 'social']",5,5.0,bogo,0,1
fc8c1c028c6c43db90f75f003bfa41ed,0b1e1539f2cc45b7b9fa7c272da2e1d7,336,,498.0,5.0,5,"['web', 'email']",20,10.0,discount,0,1
fcab32332c634fee9b3c5776afbca109,0b1e1539f2cc45b7b9fa7c272da2e1d7,408,,498.0,5.0,5,"['web', 'email']",20,10.0,discount,0,1
fcb0b163801c45608a52a8958d8878ef,9b98b8c7a33c4b65b9aebfe6a799e6d9,408,,480.0,5.0,5,"['web', 'email', 'mobile']",5,7.0,bogo,0,1
fcbc20cfa9f14b6f948c9e9ccf2fcdf6,ae264e3637204a6fb9bb56bc8210ddfd,336,,474.0,10.0,10,"['email', 'mobile', 'social']",10,7.0,bogo,0,1
fcbf38029321416f9e0c593b59c8ada7,9b98b8c7a33c4b65b9aebfe6a799e6d9,168,,174.0,5.0,5,"['web', 'email', 'mobile']",5,7.0,bogo,0,1
fcd99b61afe74be29d9b3826109b868a,0b1e1539f2cc45b7b9fa7c272da2e1d7,168,,336.0,5.0,5,"['web', 'email']",20,10.0,discount,0,1
fcdc94fab9ec489d990b41fa139e3fa0,9b98b8c7a33c4b65b9aebfe6a799e6d9,408,,420.0,5.0,5,"['web', 'email', 'mobile']",5,7.0,bogo,0,1
fcdc9e86b659499d882a4714ea53e974,2906b810c7d4411798c6938adc9daaa5,336,,444.0,2.0,2,"['web', 'email', 'mobile']",10,7.0,discount,0,1
fcddf10a62634bc9ab6039b1044db076,9b98b8c7a33c4b65b9aebfe6a799e6d9,504,,516.0,5.0,5,"['web', 'email', 'mobile']",5,7.0,bogo,0,1
fcdf273bdfdb44a69f000dc7636c603a,0b1e1539f2cc45b7b9fa7c272da2e1d7,504,,540.0,5.0,5,"['web', 'email']",20,10.0,discount,0,1
fcdf273bdfdb44a69f000dc7636c603a,2906b810c7d4411798c6938adc9daaa5,576,,648.0,2.0,2,"['web', 'email', 'mobile']",10,7.0,discount,0,1
fcf510b8a7d54034927c6df066349b8a,2906b810c7d4411798c6938adc9daaa5,336,,396.0,2.0,2,"['web', 'email', 'mobile']",10,7.0,discount,0,1
fd29f0057d704acab6c6ab0162dc2f6c,f19421c1d4aa40978ebb69ca19b0e20d,336,,420.0,5.0,5,"['web', 'email', 'mobile', 'social']",5,5.0,bogo,0,1
fd3505ed43464f8ca88b7b0fc19c94d1,2906b810c7d4411798c6938adc9daaa5,168,,240.0,2.0,2,"['web', 'email', 'mobile']",10,7.0,discount,0,1
fd66b15232a6437c86ad584849360e6f,9b98b8c7a33c4b65b9aebfe6a799e6d9,408,,426.0,5.0,5,"['web', 'email', 'mobile']",5,7.0,bogo,0,1
fd700397b7c8440baa70d5539926c5a0,9b98b8c7a33c4b65b9aebfe6a799e6d9,408,,564.0,5.0,5,"['web', 'email', 'mobile']",5,7.0,bogo,0,1
fd8df348b1e8406aaa0cce96510c5eaa,9b98b8c7a33c4b65b9aebfe6a799e6d9,0,,150.0,5.0,5,"['web', 'email', 'mobile']",5,7.0,bogo,0,1
fdc10e59f04044159c5ddd72d76b1955,9b98b8c7a33c4b65b9aebfe6a799e6d9,168,,222.0,5.0,5,"['web', 'email', 'mobile']",5,7.0,bogo,0,1
fdc7c68803114b91b6e16da1aa263d84,0b1e1539f2cc45b7b9fa7c272da2e1d7,408,,450.0,5.0,5,"['web', 'email']",20,10.0,discount,0,1
fdd4556f915e425498cce83db7f3b85e,9b98b8c7a33c4b65b9aebfe6a799e6d9,168,,330.0,5.0,5,"['web', 'email', 'mobile']",5,7.0,bogo,0,1
fdf46baf397041ccbff333b3ab1001f3,0b1e1539f2cc45b7b9fa7c272da2e1d7,336,,342.0,5.0,5,"['web', 'email']",20,10.0,discount,0,1
fdf46baf397041ccbff333b3ab1001f3,ae264e3637204a6fb9bb56bc8210ddfd,408,,456.0,10.0,10,"['email', 'mobile', 'social']",10,7.0,bogo,0,1
fe43c73288f44fff9ee6b41b5dd7d65a,0b1e1539f2cc45b7b9fa7c272da2e1d7,504,,564.0,5.0,5,"['web', 'email']",20,10.0,discount,0,1
fe5310fade5f45da938210ffef4609b7,2906b810c7d4411798c6938adc9daaa5,576,,708.0,2.0,2,"['web', 'email', 'mobile']",10,7.0,discount,0,1
fe54dec74c99440bb4ee266e2a4c778d,9b98b8c7a33c4b65b9aebfe6a799e6d9,336,,360.0,5.0,5,"['web', 'email', 'mobile']",5,7.0,bogo,0,1
fe648b0ff22c4c3eb08384f04dd23123,f19421c1d4aa40978ebb69ca19b0e20d,336,,366.0,5.0,5,"['web', 'email', 'mobile', 'social']",5,5.0,bogo,0,1
fe8f36c2ab3f41a4bcb662fe2d3b208d,0b1e1539f2cc45b7b9fa7c272da2e1d7,408,,522.0,5.0,5,"['web', 'email']",20,10.0,discount,0,1
fe9087e80c4744bead50ab4f92a32d96,0b1e1539f2cc45b7b9fa7c272da2e1d7,336,,444.0,5.0,5,"['web', 'email']",20,10.0,discount,0,1
fea18d5354c44e79a321936e7938168d,2906b810c7d4411798c6938adc9daaa5,504,,606.0,2.0,2,"['web', 'email', 'mobile']",10,7.0,discount,0,1
fee2d799672d4f81bfa3237207290f79,2906b810c7d4411798c6938adc9daaa5,336,,360.0,2.0,2,"['web', 'email', 'mobile']",10,7.0,discount,0,1
feee9cfcfeaa48af8c1cad31cce40672,9b98b8c7a33c4b65b9aebfe6a799e6d9,336,,414.0,5.0,5,"['web', 'email', 'mobile']",5,7.0,bogo,0,1
feee9cfcfeaa48af8c1cad31cce40672,ae264e3637204a6fb9bb56bc8210ddfd,408,,414.0,10.0,10,"['email', 'mobile', 'social']",10,7.0,bogo,0,1
fefb63b1b736417483421d71ec312673,0b1e1539f2cc45b7b9fa7c272da2e1d7,408,,432.0,5.0,5,"['web', 'email']",20,10.0,discount,0,1
ff0c71628d3f4a4099062a36431452fe,4d5c57ea9a6940dd891ad53e9dbe8da0,504,,528.0,10.0,10,"['web', 'email', 'mobile', 'social']",10,5.0,bogo,0,1
ff138957836849ccadfb5b232a3dc1b4,9b98b8c7a33c4b65b9aebfe6a799e6d9,336,,450.0,5.0,5,"['web', 'email', 'mobile']",5,7.0,bogo,0,1
ff2113310abe4c6687569bdd8f028fe3,2906b810c7d4411798c6938adc9daaa5,0,,336.0,2.0,2,"['web', 'email', 'mobile']",10,7.0,discount,0,1
ff2113310abe4c6687569bdd8f028fe3,0b1e1539f2cc45b7b9fa7c272da2e1d7,408,,606.0,5.0,5,"['web', 'email']",20,10.0,discount,0,1
ff23416f1f724ece8b81bae7acb279ed,2906b810c7d4411798c6938adc9daaa5,0,,438.0,2.0,2,"['web', 'email', 'mobile']",10,7.0,discount,0,1
ff23416f1f724ece8b81bae7acb279ed,9b98b8c7a33c4b65b9aebfe6a799e6d9,408,,438.0,5.0,5,"['web', 'email', 'mobile']",5,7.0,bogo,0,1
ff39b67d25cf48dd8fae9c8766f5eeed,9b98b8c7a33c4b65b9aebfe6a799e6d9,336,,342.0,5.0,5,"['web', 'email', 'mobile']",5,7.0,bogo,0,1
ff40374e1ece425ea5ced2a3531bbe1c,0b1e1539f2cc45b7b9fa7c272da2e1d7,504,,654.0,5.0,5,"['web', 'email']",20,10.0,discount,0,1
ff4bfebc3c92451aa546c7e100be0de4,0b1e1539f2cc45b7b9fa7c272da2e1d7,336,,384.0,5.0,5,"['web', 'email']",20,10.0,discount,0,1
ff4bfebc3c92451aa546c7e100be0de4,9b98b8c7a33c4b65b9aebfe6a799e6d9,408,,504.0,5.0,5,"['web', 'email', 'mobile']",5,7.0,bogo,0,1
ff7cb44e72db4112b270560686f97a23,0b1e1539f2cc45b7b9fa7c272da2e1d7,168,,282.0,5.0,5,"['web', 'email']",20,10.0,discount,0,1
ff80a43ecb34439491bd9ae1cff7c5fc,0b1e1539f2cc45b7b9fa7c272da2e1d7,504,,648.0,5.0,5,"['web', 'email']",20,10.0,discount,0,1
ff95e0a9cdfd4030958762dadcb11e1a,0b1e1539f2cc45b7b9fa7c272da2e1d7,168,,372.0,5.0,5,"['web', 'email']",20,10.0,discount,0,1
ff9beda564da4bab81633fca744037dc,0b1e1539f2cc45b7b9fa7c272da2e1d7,408,,600.0,5.0,5,"['web', 'email']",20,10.0,discount,0,1
ff9f73ead16a4f9b9e1a53a27280af92,0b1e1539f2cc45b7b9fa7c272da2e1d7,504,,666.0,5.0,5,"['web', 'email']",20,10.0,discount,0,1
ffac285a64714aca8efd8d61a5606e84,9b98b8c7a33c4b65b9aebfe6a799e6d9,408,,708.0,5.0,5,"['web', 'email', 'mobile']",5,7.0,bogo,0,1
ffb7fc8ad0594248a49e210ff0217c2d,0b1e1539f2cc45b7b9fa7c272da2e1d7,336,,486.0,5.0,5,"['web', 'email']",20,10.0,discount,0,1
ffd53e5ba61d41378b66efc00d9f9682,2906b810c7d4411798c6938adc9daaa5,0,,156.0,2.0,2,"['web', 'email', 'mobile']",10,7.0,discount,0,1
ffd53e5ba61d41378b66efc00d9f9682,9b98b8c7a33c4b65b9aebfe6a799e6d9,168,,192.0,5.0,5,"['web', 'email', 'mobile']",5,7.0,bogo,0,1
ffda4545e7084ff6aaf01304fb1c1fa6,0b1e1539f2cc45b7b9fa7c272da2e1d7,408,,504.0,5.0,5,"['web', 'email']",20,10.0,discount,0,1
ffdefcac307f4ca99ac1ebd51470f106,9b98b8c7a33c4b65b9aebfe6a799e6d9,408,,438.0,5.0,5,"['web', 'email', 'mobile']",5,7.0,bogo,0,1
ffdefcac307f4ca99ac1ebd51470f106,2906b810c7d4411798c6938adc9daaa5,576,,690.0,2.0,2,"['web', 'email', 'mobile']",10,7.0,discount,0,1
ffe5257abf8840b395e1ee6b29894637,0b1e1539f2cc45b7b9fa7c272da2e1d7,0,,216.0,5.0,5,"['web', 'email']",20,10.0,discount,0,1
ffe5257abf8840b395e1ee6b29894637,2906b810c7d4411798c6938adc9daaa5,168,,216.0,2.0,2,"['web', 'email', 'mobile']",10,7.0,discount,0,1
fff3ba4757bd42088c044ca26d73817a,2906b810c7d4411798c6938adc9daaa5,408,,528.0,2.0,2,"['web', 'email', 'mobile']",10,7.0,discount,0,1
fff7576017104bcc8677a8d63322b5e1,9b98b8c7a33c4b65b9aebfe6a799e6d9,576,,594.0,5.0,5,"['web', 'email', 'mobile']",5,7.0,bogo,0,1
